codigo_origen,version_origen,codigo_destino,version_destino,nivel
A,CNAE-2009,A,CNAE-2025,1
01,CNAE-2009,01,CNAE-2025,2
011,CNAE-2009,011,CNAE-2025,3
0111,CNAE-2009,0111,CNAE-2025,4
0112,CNAE-2009,0112,CNAE-2025,4
0113,CNAE-2009,0113,CNAE-2025,4
0114,CNAE-2009,0114,CNAE-2025,4
0115,CNAE-2009,0115,CNAE-2025,4
0116,CNAE-2009,0116,CNAE-2025,4
0119,CNAE-2009,0113,CNAE-2025,4
0119,CNAE-2009,0119,CNAE-2025,4
012,CNAE-2009,011,CNAE-2025,3
012,CNAE-2009,012,CNAE-2025,3
0121,CNAE-2009,0121,CNAE-2025,4
0122,CNAE-2009,0122,CNAE-2025,4
0123,CNAE-2009,0123,CNAE-2025,4
0124,CNAE-2009,0124,CNAE-2025,4
0125,CNAE-2009,0125,CNAE-2025,4
0126,CNAE-2009,0126,CNAE-2025,4
0127,CNAE-2009,0127,CNAE-2025,4
0128,CNAE-2009,0113,CNAE-2025,4
0128,CNAE-2009,0128,CNAE-2025,4
0129,CNAE-2009,0129,CNAE-2025,4
013,CNAE-2009,013,CNAE-2025,3
0130,CNAE-2009,0130,CNAE-2025,4
014,CNAE-2009,014,CNAE-2025,3
0141,CNAE-2009,0141,CNAE-2025,4
0142,CNAE-2009,0141,CNAE-2025,4
0142,CNAE-2009,0142,CNAE-2025,4
0143,CNAE-2009,0143,CNAE-2025,4
0144,CNAE-2009,0144,CNAE-2025,4
0145,CNAE-2009,0145,CNAE-2025,4
0146,CNAE-2009,0146,CNAE-2025,4
0147,CNAE-2009,0147,CNAE-2025,4
0149,CNAE-2009,0147,CNAE-2025,4
0149,CNAE-2009,0148,CNAE-2025,4
015,CNAE-2009,015,CNAE-2025,3
0150,CNAE-2009,0150,CNAE-2025,4
016,CNAE-2009,014,CNAE-2025,3
016,CNAE-2009,016,CNAE-2025,3
0161,CNAE-2009,0161,CNAE-2025,4
0162,CNAE-2009,0147,CNAE-2025,4
0162,CNAE-2009,0162,CNAE-2025,4
0163,CNAE-2009,0163,CNAE-2025,4
0164,CNAE-2009,0163,CNAE-2025,4
017,CNAE-2009,017,CNAE-2025,3
0170,CNAE-2009,0170,CNAE-2025,4
02,CNAE-2009,02,CNAE-2025,2
021,CNAE-2009,021,CNAE-2025,3
0210,CNAE-2009,0210,CNAE-2025,4
022,CNAE-2009,022,CNAE-2025,3
0220,CNAE-2009,0220,CNAE-2025,4
023,CNAE-2009,023,CNAE-2025,3
0230,CNAE-2009,0230,CNAE-2025,4
024,CNAE-2009,024,CNAE-2025,3
0240,CNAE-2009,0240,CNAE-2025,4
03,CNAE-2009,01,CNAE-2025,2
03,CNAE-2009,03,CNAE-2025,2
031,CNAE-2009,031,CNAE-2025,3
031,CNAE-2009,033,CNAE-2025,3
0311,CNAE-2009,0311,CNAE-2025,4
0311,CNAE-2009,0330,CNAE-2025,4
0312,CNAE-2009,0312,CNAE-2025,4
0312,CNAE-2009,0330,CNAE-2025,4
032,CNAE-2009,014,CNAE-2025,3
032,CNAE-2009,032,CNAE-2025,3
032,CNAE-2009,033,CNAE-2025,3
0321,CNAE-2009,0321,CNAE-2025,4
0321,CNAE-2009,0330,CNAE-2025,4
0322,CNAE-2009,0148,CNAE-2025,4
0322,CNAE-2009,0322,CNAE-2025,4
0322,CNAE-2009,0330,CNAE-2025,4
B,CNAE-2009,B,CNAE-2025,1
05,CNAE-2009,05,CNAE-2025,2
051,CNAE-2009,051,CNAE-2025,3
0510,CNAE-2009,0510,CNAE-2025,4
052,CNAE-2009,052,CNAE-2025,3
0520,CNAE-2009,0520,CNAE-2025,4
06,CNAE-2009,06,CNAE-2025,2
061,CNAE-2009,061,CNAE-2025,3
0610,CNAE-2009,0610,CNAE-2025,4
062,CNAE-2009,062,CNAE-2025,3
0620,CNAE-2009,0620,CNAE-2025,4
07,CNAE-2009,07,CNAE-2025,2
071,CNAE-2009,071,CNAE-2025,3
0710,CNAE-2009,0710,CNAE-2025,4
072,CNAE-2009,072,CNAE-2025,3
0721,CNAE-2009,0721,CNAE-2025,4
0729,CNAE-2009,0729,CNAE-2025,4
08,CNAE-2009,08,CNAE-2025,2
081,CNAE-2009,081,CNAE-2025,3
0811,CNAE-2009,0811,CNAE-2025,4
0812,CNAE-2009,0812,CNAE-2025,4
089,CNAE-2009,089,CNAE-2025,3
0891,CNAE-2009,0891,CNAE-2025,4
0892,CNAE-2009,0892,CNAE-2025,4
0893,CNAE-2009,0893,CNAE-2025,4
0899,CNAE-2009,0899,CNAE-2025,4
09,CNAE-2009,09,CNAE-2025,2
091,CNAE-2009,091,CNAE-2025,3
0910,CNAE-2009,0910,CNAE-2025,4
099,CNAE-2009,099,CNAE-2025,3
0990,CNAE-2009,0990,CNAE-2025,4
C,CNAE-2009,A,CNAE-2025,1
C,CNAE-2009,C,CNAE-2025,1
C,CNAE-2009,S,CNAE-2025,1
10,CNAE-2009,10,CNAE-2025,2
10,CNAE-2009,11,CNAE-2025,2
101,CNAE-2009,101,CNAE-2025,3
1011,CNAE-2009,1011,CNAE-2025,4
1012,CNAE-2009,1012,CNAE-2025,4
1013,CNAE-2009,1013,CNAE-2025,4
102,CNAE-2009,102,CNAE-2025,3
1021,CNAE-2009,1021,CNAE-2025,4
1022,CNAE-2009,1022,CNAE-2025,4
103,CNAE-2009,103,CNAE-2025,3
1031,CNAE-2009,1031,CNAE-2025,4
1032,CNAE-2009,1032,CNAE-2025,4
1039,CNAE-2009,1039,CNAE-2025,4
104,CNAE-2009,104,CNAE-2025,3
1042,CNAE-2009,1042,CNAE-2025,4
1043,CNAE-2009,1043,CNAE-2025,4
1044,CNAE-2009,1044,CNAE-2025,4
105,CNAE-2009,105,CNAE-2025,3
1052,CNAE-2009,1052,CNAE-2025,4
1053,CNAE-2009,1053,CNAE-2025,4
1054,CNAE-2009,1054,CNAE-2025,4
106,CNAE-2009,106,CNAE-2025,3
1061,CNAE-2009,1061,CNAE-2025,4
1062,CNAE-2009,1062,CNAE-2025,4
107,CNAE-2009,107,CNAE-2025,3
1071,CNAE-2009,1071,CNAE-2025,4
1072,CNAE-2009,1072,CNAE-2025,4
1073,CNAE-2009,1073,CNAE-2025,4
108,CNAE-2009,106,CNAE-2025,3
108,CNAE-2009,107,CNAE-2025,3
108,CNAE-2009,108,CNAE-2025,3
108,CNAE-2009,110,CNAE-2025,3
1081,CNAE-2009,1081,CNAE-2025,4
1082,CNAE-2009,1082,CNAE-2025,4
1083,CNAE-2009,1083,CNAE-2025,4
1084,CNAE-2009,1084,CNAE-2025,4
1085,CNAE-2009,1085,CNAE-2025,4
1086,CNAE-2009,1061,CNAE-2025,4
1086,CNAE-2009,1062,CNAE-2025,4
1086,CNAE-2009,1071,CNAE-2025,4
1086,CNAE-2009,1072,CNAE-2025,4
1086,CNAE-2009,1073,CNAE-2025,4
1086,CNAE-2009,1086,CNAE-2025,4
1089,CNAE-2009,1089,CNAE-2025,4
1089,CNAE-2009,1107,CNAE-2025,4
109,CNAE-2009,109,CNAE-2025,3
1091,CNAE-2009,1091,CNAE-2025,4
1092,CNAE-2009,1092,CNAE-2025,4
11,CNAE-2009,11,CNAE-2025,2
110,CNAE-2009,110,CNAE-2025,3
1101,CNAE-2009,1101,CNAE-2025,4
1102,CNAE-2009,1102,CNAE-2025,4
1103,CNAE-2009,1103,CNAE-2025,4
1104,CNAE-2009,1104,CNAE-2025,4
1105,CNAE-2009,1105,CNAE-2025,4
1106,CNAE-2009,1106,CNAE-2025,4
1107,CNAE-2009,1107,CNAE-2025,4
12,CNAE-2009,12,CNAE-2025,2
120,CNAE-2009,120,CNAE-2025,3
1200,CNAE-2009,1200,CNAE-2025,4
13,CNAE-2009,13,CNAE-2025,2
13,CNAE-2009,23,CNAE-2025,2
131,CNAE-2009,131,CNAE-2025,3
1310,CNAE-2009,1310,CNAE-2025,4
132,CNAE-2009,132,CNAE-2025,3
132,CNAE-2009,139,CNAE-2025,3
132,CNAE-2009,239,CNAE-2025,3
1320,CNAE-2009,1320,CNAE-2025,4
1320,CNAE-2009,1396,CNAE-2025,4
1320,CNAE-2009,2399,CNAE-2025,4
133,CNAE-2009,133,CNAE-2025,3
1330,CNAE-2009,1330,CNAE-2025,4
139,CNAE-2009,139,CNAE-2025,3
1391,CNAE-2009,1391,CNAE-2025,4
1392,CNAE-2009,1392,CNAE-2025,4
1392,CNAE-2009,1396,CNAE-2025,4
1393,CNAE-2009,1393,CNAE-2025,4
1394,CNAE-2009,1394,CNAE-2025,4
1395,CNAE-2009,1395,CNAE-2025,4
1396,CNAE-2009,1396,CNAE-2025,4
1399,CNAE-2009,1399,CNAE-2025,4
14,CNAE-2009,14,CNAE-2025,2
141,CNAE-2009,141,CNAE-2025,3
141,CNAE-2009,142,CNAE-2025,3
1411,CNAE-2009,1424,CNAE-2025,4
1412,CNAE-2009,1423,CNAE-2025,4
1413,CNAE-2009,1410,CNAE-2025,4
1413,CNAE-2009,1421,CNAE-2025,4
1414,CNAE-2009,1410,CNAE-2025,4
1414,CNAE-2009,1421,CNAE-2025,4
1414,CNAE-2009,1422,CNAE-2025,4
1419,CNAE-2009,1410,CNAE-2025,4
1419,CNAE-2009,1421,CNAE-2025,4
1419,CNAE-2009,1422,CNAE-2025,4
1419,CNAE-2009,1429,CNAE-2025,4
142,CNAE-2009,142,CNAE-2025,3
1420,CNAE-2009,1424,CNAE-2025,4
143,CNAE-2009,141,CNAE-2025,3
1431,CNAE-2009,1410,CNAE-2025,4
1439,CNAE-2009,1410,CNAE-2025,4
15,CNAE-2009,15,CNAE-2025,2
151,CNAE-2009,151,CNAE-2025,3
1511,CNAE-2009,1511,CNAE-2025,4
1512,CNAE-2009,1512,CNAE-2025,4
152,CNAE-2009,152,CNAE-2025,3
1520,CNAE-2009,1520,CNAE-2025,4
16,CNAE-2009,15,CNAE-2025,2
16,CNAE-2009,16,CNAE-2025,2
161,CNAE-2009,161,CNAE-2025,3
1610,CNAE-2009,1611,CNAE-2025,4
1610,CNAE-2009,1612,CNAE-2025,4
162,CNAE-2009,152,CNAE-2025,3
162,CNAE-2009,162,CNAE-2025,3
1621,CNAE-2009,1621,CNAE-2025,4
1621,CNAE-2009,1627,CNAE-2025,4
1622,CNAE-2009,1622,CNAE-2025,4
1622,CNAE-2009,1627,CNAE-2025,4
1623,CNAE-2009,1623,CNAE-2025,4
1623,CNAE-2009,1625,CNAE-2025,4
1623,CNAE-2009,1627,CNAE-2025,4
1623,CNAE-2009,1629,CNAE-2025,4
1624,CNAE-2009,1624,CNAE-2025,4
1624,CNAE-2009,1627,CNAE-2025,4
1629,CNAE-2009,1520,CNAE-2025,4
1629,CNAE-2009,1626,CNAE-2025,4
1629,CNAE-2009,1627,CNAE-2025,4
1629,CNAE-2009,1628,CNAE-2025,4
17,CNAE-2009,17,CNAE-2025,2
171,CNAE-2009,171,CNAE-2025,3
1711,CNAE-2009,1711,CNAE-2025,4
1712,CNAE-2009,1712,CNAE-2025,4
172,CNAE-2009,172,CNAE-2025,3
1721,CNAE-2009,1721,CNAE-2025,4
1722,CNAE-2009,1722,CNAE-2025,4
1723,CNAE-2009,1723,CNAE-2025,4
1724,CNAE-2009,1724,CNAE-2025,4
1729,CNAE-2009,1725,CNAE-2025,4
18,CNAE-2009,13,CNAE-2025,2
18,CNAE-2009,18,CNAE-2025,2
181,CNAE-2009,133,CNAE-2025,3
181,CNAE-2009,181,CNAE-2025,3
1811,CNAE-2009,1811,CNAE-2025,4
1812,CNAE-2009,1330,CNAE-2025,4
1812,CNAE-2009,1812,CNAE-2025,4
1813,CNAE-2009,1813,CNAE-2025,4
1814,CNAE-2009,1814,CNAE-2025,4
182,CNAE-2009,182,CNAE-2025,3
1820,CNAE-2009,1820,CNAE-2025,4
19,CNAE-2009,19,CNAE-2025,2
191,CNAE-2009,191,CNAE-2025,3
1910,CNAE-2009,1910,CNAE-2025,4
192,CNAE-2009,192,CNAE-2025,3
1920,CNAE-2009,1920,CNAE-2025,4
20,CNAE-2009,20,CNAE-2025,2
201,CNAE-2009,201,CNAE-2025,3
201,CNAE-2009,205,CNAE-2025,3
2011,CNAE-2009,2011,CNAE-2025,4
2011,CNAE-2009,2014,CNAE-2025,4
2012,CNAE-2009,2012,CNAE-2025,4
2013,CNAE-2009,2013,CNAE-2025,4
2014,CNAE-2009,2014,CNAE-2025,4
2014,CNAE-2009,2051,CNAE-2025,4
2015,CNAE-2009,2015,CNAE-2025,4
2016,CNAE-2009,2016,CNAE-2025,4
2017,CNAE-2009,2017,CNAE-2025,4
202,CNAE-2009,202,CNAE-2025,3
2020,CNAE-2009,2020,CNAE-2025,4
203,CNAE-2009,203,CNAE-2025,3
2030,CNAE-2009,2030,CNAE-2025,4
204,CNAE-2009,204,CNAE-2025,3
2041,CNAE-2009,2041,CNAE-2025,4
2042,CNAE-2009,2042,CNAE-2025,4
205,CNAE-2009,205,CNAE-2025,3
2051,CNAE-2009,2059,CNAE-2025,4
2052,CNAE-2009,2059,CNAE-2025,4
2053,CNAE-2009,2059,CNAE-2025,4
2059,CNAE-2009,2051,CNAE-2025,4
2059,CNAE-2009,2059,CNAE-2025,4
206,CNAE-2009,206,CNAE-2025,3
2060,CNAE-2009,2060,CNAE-2025,4
21,CNAE-2009,21,CNAE-2025,2
211,CNAE-2009,211,CNAE-2025,3
2110,CNAE-2009,2110,CNAE-2025,4
212,CNAE-2009,212,CNAE-2025,3
2120,CNAE-2009,2120,CNAE-2025,4
22,CNAE-2009,15,CNAE-2025,2
22,CNAE-2009,22,CNAE-2025,2
22,CNAE-2009,23,CNAE-2025,2
221,CNAE-2009,152,CNAE-2025,3
221,CNAE-2009,221,CNAE-2025,3
2211,CNAE-2009,2211,CNAE-2025,4
2219,CNAE-2009,1520,CNAE-2025,4
2219,CNAE-2009,2212,CNAE-2025,4
222,CNAE-2009,152,CNAE-2025,3
222,CNAE-2009,222,CNAE-2025,3
222,CNAE-2009,236,CNAE-2025,3
2221,CNAE-2009,2221,CNAE-2025,4
2221,CNAE-2009,2225,CNAE-2025,4
2222,CNAE-2009,2222,CNAE-2025,4
2222,CNAE-2009,2225,CNAE-2025,4
2223,CNAE-2009,2223,CNAE-2025,4
2223,CNAE-2009,2224,CNAE-2025,4
2223,CNAE-2009,2225,CNAE-2025,4
2223,CNAE-2009,2366,CNAE-2025,4
2229,CNAE-2009,1520,CNAE-2025,4
2229,CNAE-2009,2221,CNAE-2025,4
2229,CNAE-2009,2225,CNAE-2025,4
2229,CNAE-2009,2226,CNAE-2025,4
23,CNAE-2009,23,CNAE-2025,2
23,CNAE-2009,29,CNAE-2025,2
23,CNAE-2009,31,CNAE-2025,2
231,CNAE-2009,231,CNAE-2025,3
231,CNAE-2009,293,CNAE-2025,3
2311,CNAE-2009,2311,CNAE-2025,4
2312,CNAE-2009,2312,CNAE-2025,4
2312,CNAE-2009,2932,CNAE-2025,4
2313,CNAE-2009,2313,CNAE-2025,4
2314,CNAE-2009,2314,CNAE-2025,4
2319,CNAE-2009,2315,CNAE-2025,4
232,CNAE-2009,232,CNAE-2025,3
2320,CNAE-2009,2320,CNAE-2025,4
233,CNAE-2009,233,CNAE-2025,3
2331,CNAE-2009,2331,CNAE-2025,4
2332,CNAE-2009,2332,CNAE-2025,4
234,CNAE-2009,234,CNAE-2025,3
234,CNAE-2009,310,CNAE-2025,3
2341,CNAE-2009,2341,CNAE-2025,4
2342,CNAE-2009,2342,CNAE-2025,4
2342,CNAE-2009,3100,CNAE-2025,4
2343,CNAE-2009,2343,CNAE-2025,4
2344,CNAE-2009,2344,CNAE-2025,4
2349,CNAE-2009,2345,CNAE-2025,4
235,CNAE-2009,235,CNAE-2025,3
2351,CNAE-2009,2351,CNAE-2025,4
2352,CNAE-2009,2352,CNAE-2025,4
236,CNAE-2009,236,CNAE-2025,3
2361,CNAE-2009,2367,CNAE-2025,4
2361,CNAE-2009,2368,CNAE-2025,4
2362,CNAE-2009,2362,CNAE-2025,4
2363,CNAE-2009,2363,CNAE-2025,4
2364,CNAE-2009,2364,CNAE-2025,4
2365,CNAE-2009,2365,CNAE-2025,4
2369,CNAE-2009,2366,CNAE-2025,4
237,CNAE-2009,237,CNAE-2025,3
2370,CNAE-2009,2370,CNAE-2025,4
239,CNAE-2009,239,CNAE-2025,3
2391,CNAE-2009,2391,CNAE-2025,4
2399,CNAE-2009,2399,CNAE-2025,4
24,CNAE-2009,24,CNAE-2025,2
241,CNAE-2009,241,CNAE-2025,3
2410,CNAE-2009,2410,CNAE-2025,4
242,CNAE-2009,242,CNAE-2025,3
2420,CNAE-2009,2420,CNAE-2025,4
243,CNAE-2009,243,CNAE-2025,3
2431,CNAE-2009,2431,CNAE-2025,4
2432,CNAE-2009,2432,CNAE-2025,4
2433,CNAE-2009,2433,CNAE-2025,4
2434,CNAE-2009,2434,CNAE-2025,4
244,CNAE-2009,244,CNAE-2025,3
2441,CNAE-2009,2441,CNAE-2025,4
2442,CNAE-2009,2442,CNAE-2025,4
2443,CNAE-2009,2443,CNAE-2025,4
2444,CNAE-2009,2444,CNAE-2025,4
2445,CNAE-2009,2445,CNAE-2025,4
2446,CNAE-2009,2446,CNAE-2025,4
245,CNAE-2009,245,CNAE-2025,3
2451,CNAE-2009,2451,CNAE-2025,4
2452,CNAE-2009,2452,CNAE-2025,4
2453,CNAE-2009,2453,CNAE-2025,4
2453,CNAE-2009,2454,CNAE-2025,4
2454,CNAE-2009,2454,CNAE-2025,4
25,CNAE-2009,25,CNAE-2025,2
25,CNAE-2009,28,CNAE-2025,2
251,CNAE-2009,251,CNAE-2025,3
2511,CNAE-2009,2513,CNAE-2025,4
2511,CNAE-2009,2514,CNAE-2025,4
2512,CNAE-2009,2512,CNAE-2025,4
252,CNAE-2009,252,CNAE-2025,3
252,CNAE-2009,282,CNAE-2025,3
2521,CNAE-2009,2521,CNAE-2025,4
2521,CNAE-2009,2821,CNAE-2025,4
2529,CNAE-2009,2522,CNAE-2025,4
253,CNAE-2009,252,CNAE-2025,3
2530,CNAE-2009,2521,CNAE-2025,4
254,CNAE-2009,253,CNAE-2025,3
2540,CNAE-2009,2530,CNAE-2025,4
255,CNAE-2009,254,CNAE-2025,3
2550,CNAE-2009,2540,CNAE-2025,4
256,CNAE-2009,255,CNAE-2025,3
2561,CNAE-2009,2551,CNAE-2025,4
2561,CNAE-2009,2552,CNAE-2025,4
2561,CNAE-2009,2553,CNAE-2025,4
2562,CNAE-2009,2553,CNAE-2025,4
257,CNAE-2009,256,CNAE-2025,3
2571,CNAE-2009,2561,CNAE-2025,4
2572,CNAE-2009,2562,CNAE-2025,4
2573,CNAE-2009,2563,CNAE-2025,4
259,CNAE-2009,259,CNAE-2025,3
2591,CNAE-2009,2591,CNAE-2025,4
2592,CNAE-2009,2592,CNAE-2025,4
2593,CNAE-2009,2593,CNAE-2025,4
2594,CNAE-2009,2594,CNAE-2025,4
2599,CNAE-2009,2599,CNAE-2025,4
26,CNAE-2009,26,CNAE-2025,2
261,CNAE-2009,261,CNAE-2025,3
2611,CNAE-2009,2611,CNAE-2025,4
2612,CNAE-2009,2612,CNAE-2025,4
262,CNAE-2009,262,CNAE-2025,3
262,CNAE-2009,264,CNAE-2025,3
2620,CNAE-2009,2620,CNAE-2025,4
2620,CNAE-2009,2640,CNAE-2025,4
263,CNAE-2009,263,CNAE-2025,3
263,CNAE-2009,265,CNAE-2025,3
2630,CNAE-2009,2630,CNAE-2025,4
2630,CNAE-2009,2651,CNAE-2025,4
264,CNAE-2009,264,CNAE-2025,3
2640,CNAE-2009,2640,CNAE-2025,4
265,CNAE-2009,265,CNAE-2025,3
2651,CNAE-2009,2651,CNAE-2025,4
2652,CNAE-2009,2652,CNAE-2025,4
266,CNAE-2009,266,CNAE-2025,3
2660,CNAE-2009,2660,CNAE-2025,4
267,CNAE-2009,267,CNAE-2025,3
2670,CNAE-2009,2670,CNAE-2025,4
268,CNAE-2009,267,CNAE-2025,3
2680,CNAE-2009,2670,CNAE-2025,4
27,CNAE-2009,27,CNAE-2025,2
27,CNAE-2009,29,CNAE-2025,2
27,CNAE-2009,32,CNAE-2025,2
271,CNAE-2009,271,CNAE-2025,3
271,CNAE-2009,291,CNAE-2025,3
2711,CNAE-2009,2711,CNAE-2025,4
2711,CNAE-2009,2910,CNAE-2025,4
2712,CNAE-2009,2711,CNAE-2025,4
2712,CNAE-2009,2712,CNAE-2025,4
272,CNAE-2009,272,CNAE-2025,3
2720,CNAE-2009,2720,CNAE-2025,4
273,CNAE-2009,273,CNAE-2025,3
2731,CNAE-2009,2731,CNAE-2025,4
2732,CNAE-2009,2732,CNAE-2025,4
2733,CNAE-2009,2733,CNAE-2025,4
274,CNAE-2009,274,CNAE-2025,3
2740,CNAE-2009,2740,CNAE-2025,4
275,CNAE-2009,275,CNAE-2025,3
2751,CNAE-2009,2751,CNAE-2025,4
2752,CNAE-2009,2752,CNAE-2025,4
279,CNAE-2009,271,CNAE-2025,3
279,CNAE-2009,279,CNAE-2025,3
279,CNAE-2009,293,CNAE-2025,3
279,CNAE-2009,329,CNAE-2025,3
2790,CNAE-2009,2711,CNAE-2025,4
2790,CNAE-2009,2790,CNAE-2025,4
2790,CNAE-2009,2931,CNAE-2025,4
2790,CNAE-2009,3299,CNAE-2025,4
28,CNAE-2009,26,CNAE-2025,2
28,CNAE-2009,27,CNAE-2025,2
28,CNAE-2009,28,CNAE-2025,2
28,CNAE-2009,29,CNAE-2025,2
28,CNAE-2009,30,CNAE-2025,2
281,CNAE-2009,281,CNAE-2025,3
281,CNAE-2009,293,CNAE-2025,3
281,CNAE-2009,309,CNAE-2025,3
2811,CNAE-2009,2811,CNAE-2025,4
2811,CNAE-2009,2932,CNAE-2025,4
2811,CNAE-2009,3091,CNAE-2025,4
2812,CNAE-2009,2812,CNAE-2025,4
2813,CNAE-2009,2813,CNAE-2025,4
2814,CNAE-2009,2814,CNAE-2025,4
2815,CNAE-2009,2815,CNAE-2025,4
282,CNAE-2009,262,CNAE-2025,3
282,CNAE-2009,282,CNAE-2025,3
282,CNAE-2009,289,CNAE-2025,3
282,CNAE-2009,293,CNAE-2025,3
2821,CNAE-2009,2821,CNAE-2025,4
2821,CNAE-2009,2825,CNAE-2025,4
2822,CNAE-2009,2822,CNAE-2025,4
2823,CNAE-2009,2620,CNAE-2025,4
2823,CNAE-2009,2823,CNAE-2025,4
2824,CNAE-2009,2824,CNAE-2025,4
2825,CNAE-2009,2825,CNAE-2025,4
2825,CNAE-2009,2932,CNAE-2025,4
2829,CNAE-2009,2829,CNAE-2025,4
2829,CNAE-2009,2893,CNAE-2025,4
283,CNAE-2009,283,CNAE-2025,3
2830,CNAE-2009,2830,CNAE-2025,4
284,CNAE-2009,279,CNAE-2025,3
284,CNAE-2009,284,CNAE-2025,3
2841,CNAE-2009,2841,CNAE-2025,4
2849,CNAE-2009,2790,CNAE-2025,4
2849,CNAE-2009,2841,CNAE-2025,4
2849,CNAE-2009,2842,CNAE-2025,4
289,CNAE-2009,283,CNAE-2025,3
289,CNAE-2009,289,CNAE-2025,3
2891,CNAE-2009,2891,CNAE-2025,4
2892,CNAE-2009,2830,CNAE-2025,4
2892,CNAE-2009,2892,CNAE-2025,4
2893,CNAE-2009,2893,CNAE-2025,4
2894,CNAE-2009,2894,CNAE-2025,4
2895,CNAE-2009,2895,CNAE-2025,4
2896,CNAE-2009,2896,CNAE-2025,4
2896,CNAE-2009,2897,CNAE-2025,4
2899,CNAE-2009,2897,CNAE-2025,4
2899,CNAE-2009,2899,CNAE-2025,4
29,CNAE-2009,29,CNAE-2025,2
291,CNAE-2009,291,CNAE-2025,3
2910,CNAE-2009,2910,CNAE-2025,4
292,CNAE-2009,292,CNAE-2025,3
2920,CNAE-2009,2920,CNAE-2025,4
293,CNAE-2009,293,CNAE-2025,3
2931,CNAE-2009,2931,CNAE-2025,4
2932,CNAE-2009,2932,CNAE-2025,4
30,CNAE-2009,30,CNAE-2025,2
30,CNAE-2009,33,CNAE-2025,2
301,CNAE-2009,301,CNAE-2025,3
3011,CNAE-2009,3011,CNAE-2025,4
3011,CNAE-2009,3013,CNAE-2025,4
3012,CNAE-2009,3012,CNAE-2025,4
302,CNAE-2009,302,CNAE-2025,3
3020,CNAE-2009,3020,CNAE-2025,4
303,CNAE-2009,303,CNAE-2025,3
3030,CNAE-2009,3031,CNAE-2025,4
3030,CNAE-2009,3032,CNAE-2025,4
304,CNAE-2009,304,CNAE-2025,3
304,CNAE-2009,331,CNAE-2025,3
3040,CNAE-2009,3040,CNAE-2025,4
3040,CNAE-2009,3318,CNAE-2025,4
309,CNAE-2009,309,CNAE-2025,3
3091,CNAE-2009,3091,CNAE-2025,4
3091,CNAE-2009,3092,CNAE-2025,4
3092,CNAE-2009,3092,CNAE-2025,4
3099,CNAE-2009,3099,CNAE-2025,4
31,CNAE-2009,31,CNAE-2025,2
310,CNAE-2009,310,CNAE-2025,3
3101,CNAE-2009,3100,CNAE-2025,4
3102,CNAE-2009,3100,CNAE-2025,4
3103,CNAE-2009,3100,CNAE-2025,4
3109,CNAE-2009,3100,CNAE-2025,4
32,CNAE-2009,26,CNAE-2025,2
32,CNAE-2009,32,CNAE-2025,2
321,CNAE-2009,321,CNAE-2025,3
3211,CNAE-2009,3211,CNAE-2025,4
3212,CNAE-2009,3212,CNAE-2025,4
3213,CNAE-2009,3213,CNAE-2025,4
322,CNAE-2009,322,CNAE-2025,3
3220,CNAE-2009,3220,CNAE-2025,4
323,CNAE-2009,323,CNAE-2025,3
323,CNAE-2009,329,CNAE-2025,3
3230,CNAE-2009,3230,CNAE-2025,4
3230,CNAE-2009,3299,CNAE-2025,4
324,CNAE-2009,324,CNAE-2025,3
3240,CNAE-2009,3240,CNAE-2025,4
325,CNAE-2009,266,CNAE-2025,3
325,CNAE-2009,325,CNAE-2025,3
3250,CNAE-2009,2660,CNAE-2025,4
3250,CNAE-2009,3250,CNAE-2025,4
329,CNAE-2009,325,CNAE-2025,3
329,CNAE-2009,329,CNAE-2025,3
3291,CNAE-2009,3291,CNAE-2025,4
3299,CNAE-2009,3250,CNAE-2025,4
3299,CNAE-2009,3299,CNAE-2025,4
33,CNAE-2009,03,CNAE-2025,2
33,CNAE-2009,33,CNAE-2025,2
33,CNAE-2009,91,CNAE-2025,2
331,CNAE-2009,033,CNAE-2025,3
331,CNAE-2009,331,CNAE-2025,3
331,CNAE-2009,913,CNAE-2025,3
3311,CNAE-2009,0330,CNAE-2025,4
3311,CNAE-2009,3311,CNAE-2025,4
3311,CNAE-2009,3317,CNAE-2025,4
3312,CNAE-2009,3312,CNAE-2025,4
3312,CNAE-2009,3315,CNAE-2025,4
3312,CNAE-2009,3318,CNAE-2025,4
3313,CNAE-2009,3313,CNAE-2025,4
3314,CNAE-2009,3314,CNAE-2025,4
3315,CNAE-2009,3315,CNAE-2025,4
3315,CNAE-2009,3318,CNAE-2025,4
3316,CNAE-2009,3316,CNAE-2025,4
3316,CNAE-2009,3318,CNAE-2025,4
3317,CNAE-2009,3317,CNAE-2025,4
3319,CNAE-2009,3319,CNAE-2025,4
3319,CNAE-2009,9130,CNAE-2025,4
332,CNAE-2009,332,CNAE-2025,3
3320,CNAE-2009,3320,CNAE-2025,4
D,CNAE-2009,D,CNAE-2025,1
35,CNAE-2009,35,CNAE-2025,2
351,CNAE-2009,351,CNAE-2025,3
351,CNAE-2009,354,CNAE-2025,3
3512,CNAE-2009,3513,CNAE-2025,4
3513,CNAE-2009,3514,CNAE-2025,4
3514,CNAE-2009,3515,CNAE-2025,4
3514,CNAE-2009,3540,CNAE-2025,4
3515,CNAE-2009,3512,CNAE-2025,4
3515,CNAE-2009,3516,CNAE-2025,4
3516,CNAE-2009,3511,CNAE-2025,4
3516,CNAE-2009,3516,CNAE-2025,4
3517,CNAE-2009,3511,CNAE-2025,4
3517,CNAE-2009,3516,CNAE-2025,4
3518,CNAE-2009,3512,CNAE-2025,4
3518,CNAE-2009,3516,CNAE-2025,4
3519,CNAE-2009,3511,CNAE-2025,4
3519,CNAE-2009,3512,CNAE-2025,4
3519,CNAE-2009,3516,CNAE-2025,4
352,CNAE-2009,352,CNAE-2025,3
352,CNAE-2009,354,CNAE-2025,3
3521,CNAE-2009,3521,CNAE-2025,4
3522,CNAE-2009,3522,CNAE-2025,4
3523,CNAE-2009,3523,CNAE-2025,4
3523,CNAE-2009,3540,CNAE-2025,4
353,CNAE-2009,353,CNAE-2025,3
3530,CNAE-2009,3530,CNAE-2025,4
E,CNAE-2009,C,CNAE-2025,1
E,CNAE-2009,E,CNAE-2025,1
36,CNAE-2009,36,CNAE-2025,2
360,CNAE-2009,360,CNAE-2025,3
3600,CNAE-2009,3600,CNAE-2025,4
37,CNAE-2009,37,CNAE-2025,2
370,CNAE-2009,370,CNAE-2025,3
3700,CNAE-2009,3700,CNAE-2025,4
38,CNAE-2009,20,CNAE-2025,2
38,CNAE-2009,38,CNAE-2025,2
381,CNAE-2009,381,CNAE-2025,3
3811,CNAE-2009,3811,CNAE-2025,4
3812,CNAE-2009,3812,CNAE-2025,4
382,CNAE-2009,382,CNAE-2025,3
382,CNAE-2009,383,CNAE-2025,3
3821,CNAE-2009,3821,CNAE-2025,4
3821,CNAE-2009,3822,CNAE-2025,4
3821,CNAE-2009,3823,CNAE-2025,4
3821,CNAE-2009,3831,CNAE-2025,4
3821,CNAE-2009,3832,CNAE-2025,4
3821,CNAE-2009,3833,CNAE-2025,4
3822,CNAE-2009,3822,CNAE-2025,4
3822,CNAE-2009,3823,CNAE-2025,4
3822,CNAE-2009,3831,CNAE-2025,4
3822,CNAE-2009,3832,CNAE-2025,4
3822,CNAE-2009,3833,CNAE-2025,4
383,CNAE-2009,201,CNAE-2025,3
383,CNAE-2009,382,CNAE-2025,3
3831,CNAE-2009,3821,CNAE-2025,4
3832,CNAE-2009,2016,CNAE-2025,4
3832,CNAE-2009,3821,CNAE-2025,4
39,CNAE-2009,39,CNAE-2025,2
390,CNAE-2009,390,CNAE-2025,3
3900,CNAE-2009,3900,CNAE-2025,4
F,CNAE-2009,F,CNAE-2025,1
F,CNAE-2009,M,CNAE-2025,1
F,CNAE-2009,O,CNAE-2025,1
F,CNAE-2009,S,CNAE-2025,1
41,CNAE-2009,41,CNAE-2025,2
41,CNAE-2009,43,CNAE-2025,2
41,CNAE-2009,68,CNAE-2025,2
41,CNAE-2009,91,CNAE-2025,2
411,CNAE-2009,681,CNAE-2025,3
4110,CNAE-2009,6812,CNAE-2025,4
412,CNAE-2009,410,CNAE-2025,3
412,CNAE-2009,439,CNAE-2025,3
412,CNAE-2009,913,CNAE-2025,3
4121,CNAE-2009,4101,CNAE-2025,4
4121,CNAE-2009,4399,CNAE-2025,4
4121,CNAE-2009,9130,CNAE-2025,4
4122,CNAE-2009,4102,CNAE-2025,4
4122,CNAE-2009,4399,CNAE-2025,4
4122,CNAE-2009,9130,CNAE-2025,4
42,CNAE-2009,42,CNAE-2025,2
42,CNAE-2009,43,CNAE-2025,2
42,CNAE-2009,68,CNAE-2025,2
421,CNAE-2009,421,CNAE-2025,3
421,CNAE-2009,435,CNAE-2025,3
4211,CNAE-2009,4211,CNAE-2025,4
4211,CNAE-2009,4350,CNAE-2025,4
4212,CNAE-2009,4212,CNAE-2025,4
4213,CNAE-2009,4213,CNAE-2025,4
422,CNAE-2009,422,CNAE-2025,3
4221,CNAE-2009,4221,CNAE-2025,4
4222,CNAE-2009,4222,CNAE-2025,4
429,CNAE-2009,429,CNAE-2025,3
429,CNAE-2009,681,CNAE-2025,3
4291,CNAE-2009,4291,CNAE-2025,4
4299,CNAE-2009,4299,CNAE-2025,4
4299,CNAE-2009,6812,CNAE-2025,4
43,CNAE-2009,42,CNAE-2025,2
43,CNAE-2009,43,CNAE-2025,2
43,CNAE-2009,81,CNAE-2025,2
431,CNAE-2009,431,CNAE-2025,3
4311,CNAE-2009,4311,CNAE-2025,4
4312,CNAE-2009,4312,CNAE-2025,4
4313,CNAE-2009,4313,CNAE-2025,4
432,CNAE-2009,432,CNAE-2025,3
4321,CNAE-2009,4321,CNAE-2025,4
4322,CNAE-2009,4322,CNAE-2025,4
4329,CNAE-2009,4323,CNAE-2025,4
4329,CNAE-2009,4324,CNAE-2025,4
433,CNAE-2009,432,CNAE-2025,3
433,CNAE-2009,433,CNAE-2025,3
433,CNAE-2009,812,CNAE-2025,3
4331,CNAE-2009,4331,CNAE-2025,4
4332,CNAE-2009,4332,CNAE-2025,4
4333,CNAE-2009,4333,CNAE-2025,4
4334,CNAE-2009,4334,CNAE-2025,4
4339,CNAE-2009,4323,CNAE-2025,4
4339,CNAE-2009,4331,CNAE-2025,4
4339,CNAE-2009,4332,CNAE-2025,4
4339,CNAE-2009,4333,CNAE-2025,4
4339,CNAE-2009,4334,CNAE-2025,4
4339,CNAE-2009,4335,CNAE-2025,4
4339,CNAE-2009,8122,CNAE-2025,4
439,CNAE-2009,429,CNAE-2025,3
439,CNAE-2009,432,CNAE-2025,3
439,CNAE-2009,433,CNAE-2025,3
439,CNAE-2009,434,CNAE-2025,3
439,CNAE-2009,435,CNAE-2025,3
439,CNAE-2009,439,CNAE-2025,3
439,CNAE-2009,812,CNAE-2025,3
4391,CNAE-2009,4341,CNAE-2025,4
4399,CNAE-2009,4299,CNAE-2025,4
4399,CNAE-2009,4322,CNAE-2025,4
4399,CNAE-2009,4323,CNAE-2025,4
4399,CNAE-2009,4335,CNAE-2025,4
4399,CNAE-2009,4341,CNAE-2025,4
4399,CNAE-2009,4342,CNAE-2025,4
4399,CNAE-2009,4350,CNAE-2025,4
4399,CNAE-2009,4391,CNAE-2025,4
4399,CNAE-2009,4399,CNAE-2025,4
4399,CNAE-2009,8122,CNAE-2025,4
G,CNAE-2009,G,CNAE-2025,1
G,CNAE-2009,J,CNAE-2025,1
G,CNAE-2009,T,CNAE-2025,1
45,CNAE-2009,46,CNAE-2025,2
45,CNAE-2009,47,CNAE-2025,2
45,CNAE-2009,95,CNAE-2025,2
451,CNAE-2009,461,CNAE-2025,3
451,CNAE-2009,467,CNAE-2025,3
451,CNAE-2009,478,CNAE-2025,3
451,CNAE-2009,479,CNAE-2025,3
4511,CNAE-2009,4618,CNAE-2025,4
4511,CNAE-2009,4671,CNAE-2025,4
4511,CNAE-2009,4781,CNAE-2025,4
4511,CNAE-2009,4792,CNAE-2025,4
4519,CNAE-2009,4618,CNAE-2025,4
4519,CNAE-2009,4671,CNAE-2025,4
4519,CNAE-2009,4781,CNAE-2025,4
4519,CNAE-2009,4792,CNAE-2025,4
452,CNAE-2009,953,CNAE-2025,3
4520,CNAE-2009,9531,CNAE-2025,4
453,CNAE-2009,461,CNAE-2025,3
453,CNAE-2009,467,CNAE-2025,3
453,CNAE-2009,468,CNAE-2025,3
453,CNAE-2009,478,CNAE-2025,3
453,CNAE-2009,479,CNAE-2025,3
4531,CNAE-2009,4618,CNAE-2025,4
4531,CNAE-2009,4672,CNAE-2025,4
4531,CNAE-2009,4689,CNAE-2025,4
4532,CNAE-2009,4782,CNAE-2025,4
4532,CNAE-2009,4792,CNAE-2025,4
454,CNAE-2009,461,CNAE-2025,3
454,CNAE-2009,467,CNAE-2025,3
454,CNAE-2009,468,CNAE-2025,3
454,CNAE-2009,478,CNAE-2025,3
454,CNAE-2009,479,CNAE-2025,3
454,CNAE-2009,953,CNAE-2025,3
4540,CNAE-2009,4618,CNAE-2025,4
4540,CNAE-2009,4673,CNAE-2025,4
4540,CNAE-2009,4689,CNAE-2025,4
4540,CNAE-2009,4783,CNAE-2025,4
4540,CNAE-2009,4792,CNAE-2025,4
4540,CNAE-2009,9532,CNAE-2025,4
46,CNAE-2009,46,CNAE-2025,2
461,CNAE-2009,461,CNAE-2025,3
4611,CNAE-2009,4611,CNAE-2025,4
4612,CNAE-2009,4612,CNAE-2025,4
4613,CNAE-2009,4613,CNAE-2025,4
4614,CNAE-2009,4614,CNAE-2025,4
4615,CNAE-2009,4615,CNAE-2025,4
4616,CNAE-2009,4616,CNAE-2025,4
4617,CNAE-2009,4617,CNAE-2025,4
4618,CNAE-2009,4618,CNAE-2025,4
4619,CNAE-2009,4619,CNAE-2025,4
462,CNAE-2009,462,CNAE-2025,3
462,CNAE-2009,468,CNAE-2025,3
4621,CNAE-2009,4621,CNAE-2025,4
4621,CNAE-2009,4689,CNAE-2025,4
4622,CNAE-2009,4622,CNAE-2025,4
4622,CNAE-2009,4689,CNAE-2025,4
4623,CNAE-2009,4623,CNAE-2025,4
4623,CNAE-2009,4689,CNAE-2025,4
4624,CNAE-2009,4624,CNAE-2025,4
4624,CNAE-2009,4689,CNAE-2025,4
463,CNAE-2009,463,CNAE-2025,3
463,CNAE-2009,468,CNAE-2025,3
4631,CNAE-2009,4631,CNAE-2025,4
4631,CNAE-2009,4689,CNAE-2025,4
4632,CNAE-2009,4632,CNAE-2025,4
4632,CNAE-2009,4689,CNAE-2025,4
4633,CNAE-2009,4633,CNAE-2025,4
4633,CNAE-2009,4689,CNAE-2025,4
4634,CNAE-2009,4634,CNAE-2025,4
4634,CNAE-2009,4689,CNAE-2025,4
4635,CNAE-2009,4635,CNAE-2025,4
4635,CNAE-2009,4689,CNAE-2025,4
4636,CNAE-2009,4636,CNAE-2025,4
4636,CNAE-2009,4689,CNAE-2025,4
4637,CNAE-2009,4637,CNAE-2025,4
4637,CNAE-2009,4689,CNAE-2025,4
4638,CNAE-2009,4632,CNAE-2025,4
4638,CNAE-2009,4638,CNAE-2025,4
4638,CNAE-2009,4689,CNAE-2025,4
4639,CNAE-2009,4639,CNAE-2025,4
4639,CNAE-2009,4689,CNAE-2025,4
464,CNAE-2009,464,CNAE-2025,3
464,CNAE-2009,466,CNAE-2025,3
464,CNAE-2009,468,CNAE-2025,3
4641,CNAE-2009,4641,CNAE-2025,4
4641,CNAE-2009,4689,CNAE-2025,4
4642,CNAE-2009,4642,CNAE-2025,4
4642,CNAE-2009,4689,CNAE-2025,4
4643,CNAE-2009,4643,CNAE-2025,4
4643,CNAE-2009,4649,CNAE-2025,4
4643,CNAE-2009,4664,CNAE-2025,4
4643,CNAE-2009,4689,CNAE-2025,4
4644,CNAE-2009,4644,CNAE-2025,4
4644,CNAE-2009,4689,CNAE-2025,4
4645,CNAE-2009,4645,CNAE-2025,4
4645,CNAE-2009,4689,CNAE-2025,4
4646,CNAE-2009,4646,CNAE-2025,4
4646,CNAE-2009,4689,CNAE-2025,4
4647,CNAE-2009,4647,CNAE-2025,4
4647,CNAE-2009,4689,CNAE-2025,4
4648,CNAE-2009,4648,CNAE-2025,4
4648,CNAE-2009,4689,CNAE-2025,4
4649,CNAE-2009,4649,CNAE-2025,4
4649,CNAE-2009,4689,CNAE-2025,4
465,CNAE-2009,465,CNAE-2025,3
465,CNAE-2009,468,CNAE-2025,3
4651,CNAE-2009,4650,CNAE-2025,4
4651,CNAE-2009,4689,CNAE-2025,4
4652,CNAE-2009,4650,CNAE-2025,4
4652,CNAE-2009,4689,CNAE-2025,4
466,CNAE-2009,464,CNAE-2025,3
466,CNAE-2009,465,CNAE-2025,3
466,CNAE-2009,466,CNAE-2025,3
466,CNAE-2009,468,CNAE-2025,3
4661,CNAE-2009,4661,CNAE-2025,4
4661,CNAE-2009,4689,CNAE-2025,4
4662,CNAE-2009,4662,CNAE-2025,4
4662,CNAE-2009,4689,CNAE-2025,4
4663,CNAE-2009,4663,CNAE-2025,4
4663,CNAE-2009,4689,CNAE-2025,4
4664,CNAE-2009,4664,CNAE-2025,4
4664,CNAE-2009,4689,CNAE-2025,4
4665,CNAE-2009,4647,CNAE-2025,4
4665,CNAE-2009,4689,CNAE-2025,4
4666,CNAE-2009,4650,CNAE-2025,4
4666,CNAE-2009,4689,CNAE-2025,4
4669,CNAE-2009,4664,CNAE-2025,4
4669,CNAE-2009,4689,CNAE-2025,4
467,CNAE-2009,468,CNAE-2025,3
4671,CNAE-2009,4681,CNAE-2025,4
4671,CNAE-2009,4689,CNAE-2025,4
4672,CNAE-2009,4682,CNAE-2025,4
4672,CNAE-2009,4689,CNAE-2025,4
4673,CNAE-2009,4683,CNAE-2025,4
4673,CNAE-2009,4689,CNAE-2025,4
4674,CNAE-2009,4684,CNAE-2025,4
4674,CNAE-2009,4689,CNAE-2025,4
4675,CNAE-2009,4685,CNAE-2025,4
4675,CNAE-2009,4689,CNAE-2025,4
4676,CNAE-2009,4686,CNAE-2025,4
4676,CNAE-2009,4689,CNAE-2025,4
4677,CNAE-2009,4687,CNAE-2025,4
4677,CNAE-2009,4689,CNAE-2025,4
469,CNAE-2009,468,CNAE-2025,3
469,CNAE-2009,469,CNAE-2025,3
4690,CNAE-2009,4689,CNAE-2025,4
4690,CNAE-2009,4690,CNAE-2025,4
47,CNAE-2009,47,CNAE-2025,2
47,CNAE-2009,60,CNAE-2025,2
471,CNAE-2009,471,CNAE-2025,3
471,CNAE-2009,479,CNAE-2025,3
4711,CNAE-2009,4711,CNAE-2025,4
4711,CNAE-2009,4791,CNAE-2025,4
4719,CNAE-2009,4712,CNAE-2025,4
4719,CNAE-2009,4791,CNAE-2025,4
472,CNAE-2009,472,CNAE-2025,3
472,CNAE-2009,479,CNAE-2025,3
4721,CNAE-2009,4721,CNAE-2025,4
4721,CNAE-2009,4792,CNAE-2025,4
4722,CNAE-2009,4722,CNAE-2025,4
4722,CNAE-2009,4792,CNAE-2025,4
4723,CNAE-2009,4723,CNAE-2025,4
4723,CNAE-2009,4792,CNAE-2025,4
4724,CNAE-2009,4724,CNAE-2025,4
4724,CNAE-2009,4792,CNAE-2025,4
4725,CNAE-2009,4725,CNAE-2025,4
4725,CNAE-2009,4792,CNAE-2025,4
4726,CNAE-2009,4726,CNAE-2025,4
4726,CNAE-2009,4792,CNAE-2025,4
4729,CNAE-2009,4727,CNAE-2025,4
4729,CNAE-2009,4792,CNAE-2025,4
473,CNAE-2009,473,CNAE-2025,3
473,CNAE-2009,479,CNAE-2025,3
4730,CNAE-2009,4730,CNAE-2025,4
4730,CNAE-2009,4792,CNAE-2025,4
474,CNAE-2009,474,CNAE-2025,3
474,CNAE-2009,479,CNAE-2025,3
4741,CNAE-2009,4740,CNAE-2025,4
4741,CNAE-2009,4792,CNAE-2025,4
4742,CNAE-2009,4740,CNAE-2025,4
4742,CNAE-2009,4792,CNAE-2025,4
4743,CNAE-2009,4740,CNAE-2025,4
4743,CNAE-2009,4792,CNAE-2025,4
475,CNAE-2009,475,CNAE-2025,3
475,CNAE-2009,476,CNAE-2025,3
475,CNAE-2009,479,CNAE-2025,3
4751,CNAE-2009,4751,CNAE-2025,4
4751,CNAE-2009,4792,CNAE-2025,4
4752,CNAE-2009,4752,CNAE-2025,4
4752,CNAE-2009,4792,CNAE-2025,4
4753,CNAE-2009,4753,CNAE-2025,4
4753,CNAE-2009,4792,CNAE-2025,4
4754,CNAE-2009,4754,CNAE-2025,4
4754,CNAE-2009,4792,CNAE-2025,4
4759,CNAE-2009,4752,CNAE-2025,4
4759,CNAE-2009,4755,CNAE-2025,4
4759,CNAE-2009,4769,CNAE-2025,4
4759,CNAE-2009,4792,CNAE-2025,4
476,CNAE-2009,476,CNAE-2025,3
476,CNAE-2009,479,CNAE-2025,3
4761,CNAE-2009,4761,CNAE-2025,4
4761,CNAE-2009,4792,CNAE-2025,4
4762,CNAE-2009,4762,CNAE-2025,4
4762,CNAE-2009,4792,CNAE-2025,4
4763,CNAE-2009,4769,CNAE-2025,4
4763,CNAE-2009,4792,CNAE-2025,4
4764,CNAE-2009,4763,CNAE-2025,4
4764,CNAE-2009,4792,CNAE-2025,4
4765,CNAE-2009,4764,CNAE-2025,4
4765,CNAE-2009,4792,CNAE-2025,4
477,CNAE-2009,475,CNAE-2025,3
477,CNAE-2009,476,CNAE-2025,3
477,CNAE-2009,477,CNAE-2025,3
477,CNAE-2009,479,CNAE-2025,3
4771,CNAE-2009,4771,CNAE-2025,4
4771,CNAE-2009,4792,CNAE-2025,4
4772,CNAE-2009,4772,CNAE-2025,4
4772,CNAE-2009,4792,CNAE-2025,4
4773,CNAE-2009,4773,CNAE-2025,4
4773,CNAE-2009,4792,CNAE-2025,4
4774,CNAE-2009,4774,CNAE-2025,4
4774,CNAE-2009,4792,CNAE-2025,4
4775,CNAE-2009,4775,CNAE-2025,4
4775,CNAE-2009,4792,CNAE-2025,4
4776,CNAE-2009,4776,CNAE-2025,4
4776,CNAE-2009,4792,CNAE-2025,4
4777,CNAE-2009,4777,CNAE-2025,4
4777,CNAE-2009,4792,CNAE-2025,4
4778,CNAE-2009,4755,CNAE-2025,4
4778,CNAE-2009,4763,CNAE-2025,4
4778,CNAE-2009,4769,CNAE-2025,4
4778,CNAE-2009,4774,CNAE-2025,4
4778,CNAE-2009,4778,CNAE-2025,4
4778,CNAE-2009,4792,CNAE-2025,4
4779,CNAE-2009,4779,CNAE-2025,4
4779,CNAE-2009,4791,CNAE-2025,4
4779,CNAE-2009,4792,CNAE-2025,4
478,CNAE-2009,471,CNAE-2025,3
478,CNAE-2009,472,CNAE-2025,3
478,CNAE-2009,474,CNAE-2025,3
478,CNAE-2009,475,CNAE-2025,3
478,CNAE-2009,476,CNAE-2025,3
478,CNAE-2009,477,CNAE-2025,3
4781,CNAE-2009,4711,CNAE-2025,4
4781,CNAE-2009,4721,CNAE-2025,4
4781,CNAE-2009,4722,CNAE-2025,4
4781,CNAE-2009,4723,CNAE-2025,4
4781,CNAE-2009,4724,CNAE-2025,4
4781,CNAE-2009,4725,CNAE-2025,4
4781,CNAE-2009,4726,CNAE-2025,4
4781,CNAE-2009,4727,CNAE-2025,4
4782,CNAE-2009,4712,CNAE-2025,4
4782,CNAE-2009,4751,CNAE-2025,4
4782,CNAE-2009,4771,CNAE-2025,4
4782,CNAE-2009,4772,CNAE-2025,4
4782,CNAE-2009,4779,CNAE-2025,4
4789,CNAE-2009,4712,CNAE-2025,4
4789,CNAE-2009,4740,CNAE-2025,4
4789,CNAE-2009,4752,CNAE-2025,4
4789,CNAE-2009,4753,CNAE-2025,4
4789,CNAE-2009,4754,CNAE-2025,4
4789,CNAE-2009,4755,CNAE-2025,4
4789,CNAE-2009,4761,CNAE-2025,4
4789,CNAE-2009,4762,CNAE-2025,4
4789,CNAE-2009,4763,CNAE-2025,4
4789,CNAE-2009,4764,CNAE-2025,4
4789,CNAE-2009,4769,CNAE-2025,4
4789,CNAE-2009,4774,CNAE-2025,4
4789,CNAE-2009,4775,CNAE-2025,4
4789,CNAE-2009,4776,CNAE-2025,4
4789,CNAE-2009,4777,CNAE-2025,4
4789,CNAE-2009,4778,CNAE-2025,4
4789,CNAE-2009,4779,CNAE-2025,4
479,CNAE-2009,471,CNAE-2025,3
479,CNAE-2009,472,CNAE-2025,3
479,CNAE-2009,474,CNAE-2025,3
479,CNAE-2009,475,CNAE-2025,3
479,CNAE-2009,476,CNAE-2025,3
479,CNAE-2009,477,CNAE-2025,3
479,CNAE-2009,479,CNAE-2025,3
479,CNAE-2009,603,CNAE-2025,3
4791,CNAE-2009,4711,CNAE-2025,4
4791,CNAE-2009,4712,CNAE-2025,4
4791,CNAE-2009,4721,CNAE-2025,4
4791,CNAE-2009,4722,CNAE-2025,4
4791,CNAE-2009,4723,CNAE-2025,4
4791,CNAE-2009,4724,CNAE-2025,4
4791,CNAE-2009,4725,CNAE-2025,4
4791,CNAE-2009,4726,CNAE-2025,4
4791,CNAE-2009,4727,CNAE-2025,4
4791,CNAE-2009,4740,CNAE-2025,4
4791,CNAE-2009,4751,CNAE-2025,4
4791,CNAE-2009,4752,CNAE-2025,4
4791,CNAE-2009,4753,CNAE-2025,4
4791,CNAE-2009,4754,CNAE-2025,4
4791,CNAE-2009,4755,CNAE-2025,4
4791,CNAE-2009,4761,CNAE-2025,4
4791,CNAE-2009,4762,CNAE-2025,4
4791,CNAE-2009,4763,CNAE-2025,4
4791,CNAE-2009,4764,CNAE-2025,4
4791,CNAE-2009,4769,CNAE-2025,4
4791,CNAE-2009,4771,CNAE-2025,4
4791,CNAE-2009,4772,CNAE-2025,4
4791,CNAE-2009,4773,CNAE-2025,4
4791,CNAE-2009,4774,CNAE-2025,4
4791,CNAE-2009,4775,CNAE-2025,4
4791,CNAE-2009,4776,CNAE-2025,4
4791,CNAE-2009,4777,CNAE-2025,4
4791,CNAE-2009,4778,CNAE-2025,4
4791,CNAE-2009,4779,CNAE-2025,4
4791,CNAE-2009,4791,CNAE-2025,4
4791,CNAE-2009,4792,CNAE-2025,4
4791,CNAE-2009,6039,CNAE-2025,4
4799,CNAE-2009,4711,CNAE-2025,4
4799,CNAE-2009,4712,CNAE-2025,4
4799,CNAE-2009,4721,CNAE-2025,4
4799,CNAE-2009,4722,CNAE-2025,4
4799,CNAE-2009,4723,CNAE-2025,4
4799,CNAE-2009,4724,CNAE-2025,4
4799,CNAE-2009,4725,CNAE-2025,4
4799,CNAE-2009,4726,CNAE-2025,4
4799,CNAE-2009,4727,CNAE-2025,4
4799,CNAE-2009,4740,CNAE-2025,4
4799,CNAE-2009,4751,CNAE-2025,4
4799,CNAE-2009,4752,CNAE-2025,4
4799,CNAE-2009,4753,CNAE-2025,4
4799,CNAE-2009,4754,CNAE-2025,4
4799,CNAE-2009,4755,CNAE-2025,4
4799,CNAE-2009,4761,CNAE-2025,4
4799,CNAE-2009,4762,CNAE-2025,4
4799,CNAE-2009,4763,CNAE-2025,4
4799,CNAE-2009,4764,CNAE-2025,4
4799,CNAE-2009,4769,CNAE-2025,4
4799,CNAE-2009,4771,CNAE-2025,4
4799,CNAE-2009,4772,CNAE-2025,4
4799,CNAE-2009,4774,CNAE-2025,4
4799,CNAE-2009,4775,CNAE-2025,4
4799,CNAE-2009,4776,CNAE-2025,4
4799,CNAE-2009,4777,CNAE-2025,4
4799,CNAE-2009,4778,CNAE-2025,4
4799,CNAE-2009,4779,CNAE-2025,4
4799,CNAE-2009,4791,CNAE-2025,4
4799,CNAE-2009,4792,CNAE-2025,4
H,CNAE-2009,D,CNAE-2025,1
H,CNAE-2009,H,CNAE-2025,1
H,CNAE-2009,K,CNAE-2025,1
49,CNAE-2009,49,CNAE-2025,2
49,CNAE-2009,52,CNAE-2025,2
491,CNAE-2009,491,CNAE-2025,3
4910,CNAE-2009,4911,CNAE-2025,4
4910,CNAE-2009,4912,CNAE-2025,4
492,CNAE-2009,492,CNAE-2025,3
4920,CNAE-2009,4920,CNAE-2025,4
493,CNAE-2009,491,CNAE-2025,3
493,CNAE-2009,493,CNAE-2025,3
493,CNAE-2009,523,CNAE-2025,3
4931,CNAE-2009,4912,CNAE-2025,4
4931,CNAE-2009,4931,CNAE-2025,4
4931,CNAE-2009,4934,CNAE-2025,4
4932,CNAE-2009,4933,CNAE-2025,4
4932,CNAE-2009,5232,CNAE-2025,4
4939,CNAE-2009,4931,CNAE-2025,4
4939,CNAE-2009,4932,CNAE-2025,4
4939,CNAE-2009,4934,CNAE-2025,4
4939,CNAE-2009,4939,CNAE-2025,4
494,CNAE-2009,494,CNAE-2025,3
494,CNAE-2009,522,CNAE-2025,3
4941,CNAE-2009,4941,CNAE-2025,4
4941,CNAE-2009,5224,CNAE-2025,4
4942,CNAE-2009,4942,CNAE-2025,4
495,CNAE-2009,495,CNAE-2025,3
4950,CNAE-2009,4950,CNAE-2025,4
50,CNAE-2009,50,CNAE-2025,2
501,CNAE-2009,501,CNAE-2025,3
5010,CNAE-2009,5010,CNAE-2025,4
502,CNAE-2009,502,CNAE-2025,3
5020,CNAE-2009,5020,CNAE-2025,4
503,CNAE-2009,503,CNAE-2025,3
5030,CNAE-2009,5030,CNAE-2025,4
504,CNAE-2009,504,CNAE-2025,3
5040,CNAE-2009,5040,CNAE-2025,4
51,CNAE-2009,51,CNAE-2025,2
511,CNAE-2009,511,CNAE-2025,3
5110,CNAE-2009,5110,CNAE-2025,4
512,CNAE-2009,512,CNAE-2025,3
5121,CNAE-2009,5121,CNAE-2025,4
5122,CNAE-2009,5122,CNAE-2025,4
52,CNAE-2009,35,CNAE-2025,2
52,CNAE-2009,52,CNAE-2025,2
52,CNAE-2009,63,CNAE-2025,2
521,CNAE-2009,352,CNAE-2025,3
521,CNAE-2009,521,CNAE-2025,3
521,CNAE-2009,631,CNAE-2025,3
5210,CNAE-2009,3524,CNAE-2025,4
5210,CNAE-2009,5210,CNAE-2025,4
5210,CNAE-2009,6310,CNAE-2025,4
522,CNAE-2009,522,CNAE-2025,3
522,CNAE-2009,523,CNAE-2025,3
5221,CNAE-2009,5221,CNAE-2025,4
5222,CNAE-2009,5222,CNAE-2025,4
5223,CNAE-2009,5223,CNAE-2025,4
5224,CNAE-2009,5224,CNAE-2025,4
5229,CNAE-2009,5225,CNAE-2025,4
5229,CNAE-2009,5226,CNAE-2025,4
5229,CNAE-2009,5231,CNAE-2025,4
5229,CNAE-2009,5232,CNAE-2025,4
53,CNAE-2009,53,CNAE-2025,2
531,CNAE-2009,531,CNAE-2025,3
5310,CNAE-2009,5310,CNAE-2025,4
532,CNAE-2009,532,CNAE-2025,3
5320,CNAE-2009,5320,CNAE-2025,4
I,CNAE-2009,I,CNAE-2025,1
55,CNAE-2009,55,CNAE-2025,2
551,CNAE-2009,551,CNAE-2025,3
5510,CNAE-2009,5510,CNAE-2025,4
552,CNAE-2009,552,CNAE-2025,3
5520,CNAE-2009,5520,CNAE-2025,4
553,CNAE-2009,553,CNAE-2025,3
5530,CNAE-2009,5530,CNAE-2025,4
559,CNAE-2009,559,CNAE-2025,3
5590,CNAE-2009,5590,CNAE-2025,4
56,CNAE-2009,56,CNAE-2025,2
561,CNAE-2009,561,CNAE-2025,3
5610,CNAE-2009,5611,CNAE-2025,4
5610,CNAE-2009,5612,CNAE-2025,4
562,CNAE-2009,562,CNAE-2025,3
5621,CNAE-2009,5621,CNAE-2025,4
5629,CNAE-2009,5622,CNAE-2025,4
563,CNAE-2009,563,CNAE-2025,3
5630,CNAE-2009,5630,CNAE-2025,4
J,CNAE-2009,J,CNAE-2025,1
J,CNAE-2009,K,CNAE-2025,1
58,CNAE-2009,58,CNAE-2025,2
581,CNAE-2009,581,CNAE-2025,3
5811,CNAE-2009,5811,CNAE-2025,4
5812,CNAE-2009,5819,CNAE-2025,4
5813,CNAE-2009,5812,CNAE-2025,4
5814,CNAE-2009,5813,CNAE-2025,4
5819,CNAE-2009,5819,CNAE-2025,4
582,CNAE-2009,582,CNAE-2025,3
5821,CNAE-2009,5821,CNAE-2025,4
5829,CNAE-2009,5829,CNAE-2025,4
59,CNAE-2009,59,CNAE-2025,2
591,CNAE-2009,591,CNAE-2025,3
5912,CNAE-2009,5912,CNAE-2025,4
5914,CNAE-2009,5914,CNAE-2025,4
5915,CNAE-2009,5915,CNAE-2025,4
5916,CNAE-2009,5916,CNAE-2025,4
5917,CNAE-2009,5917,CNAE-2025,4
5918,CNAE-2009,5918,CNAE-2025,4
592,CNAE-2009,592,CNAE-2025,3
5920,CNAE-2009,5920,CNAE-2025,4
60,CNAE-2009,60,CNAE-2025,2
601,CNAE-2009,601,CNAE-2025,3
6010,CNAE-2009,6010,CNAE-2025,4
602,CNAE-2009,602,CNAE-2025,3
6020,CNAE-2009,6020,CNAE-2025,4
61,CNAE-2009,61,CNAE-2025,2
611,CNAE-2009,611,CNAE-2025,3
6110,CNAE-2009,6110,CNAE-2025,4
612,CNAE-2009,611,CNAE-2025,3
612,CNAE-2009,619,CNAE-2025,3
6120,CNAE-2009,6110,CNAE-2025,4
6120,CNAE-2009,6190,CNAE-2025,4
613,CNAE-2009,611,CNAE-2025,3
6130,CNAE-2009,6110,CNAE-2025,4
619,CNAE-2009,612,CNAE-2025,3
619,CNAE-2009,619,CNAE-2025,3
6190,CNAE-2009,6120,CNAE-2025,4
6190,CNAE-2009,6190,CNAE-2025,4
62,CNAE-2009,62,CNAE-2025,2
620,CNAE-2009,621,CNAE-2025,3
620,CNAE-2009,622,CNAE-2025,3
620,CNAE-2009,629,CNAE-2025,3
6201,CNAE-2009,6210,CNAE-2025,4
6202,CNAE-2009,6220,CNAE-2025,4
6203,CNAE-2009,6220,CNAE-2025,4
6209,CNAE-2009,6290,CNAE-2025,4
63,CNAE-2009,60,CNAE-2025,2
63,CNAE-2009,63,CNAE-2025,2
631,CNAE-2009,602,CNAE-2025,3
631,CNAE-2009,603,CNAE-2025,3
631,CNAE-2009,631,CNAE-2025,3
631,CNAE-2009,639,CNAE-2025,3
6311,CNAE-2009,6020,CNAE-2025,4
6311,CNAE-2009,6039,CNAE-2025,4
6311,CNAE-2009,6310,CNAE-2025,4
6312,CNAE-2009,6039,CNAE-2025,4
6312,CNAE-2009,6391,CNAE-2025,4
639,CNAE-2009,603,CNAE-2025,3
639,CNAE-2009,639,CNAE-2025,3
6391,CNAE-2009,6031,CNAE-2025,4
6399,CNAE-2009,6392,CNAE-2025,4
K,CNAE-2009,L,CNAE-2025,1
64,CNAE-2009,64,CNAE-2025,2
641,CNAE-2009,641,CNAE-2025,3
6411,CNAE-2009,6411,CNAE-2025,4
6419,CNAE-2009,6419,CNAE-2025,4
642,CNAE-2009,642,CNAE-2025,3
6420,CNAE-2009,6421,CNAE-2025,4
6420,CNAE-2009,6422,CNAE-2025,4
643,CNAE-2009,643,CNAE-2025,3
6430,CNAE-2009,6431,CNAE-2025,4
6430,CNAE-2009,6432,CNAE-2025,4
649,CNAE-2009,642,CNAE-2025,3
649,CNAE-2009,649,CNAE-2025,3
6491,CNAE-2009,6491,CNAE-2025,4
6492,CNAE-2009,6492,CNAE-2025,4
6499,CNAE-2009,6422,CNAE-2025,4
6499,CNAE-2009,6492,CNAE-2025,4
6499,CNAE-2009,6499,CNAE-2025,4
65,CNAE-2009,65,CNAE-2025,2
651,CNAE-2009,651,CNAE-2025,3
6511,CNAE-2009,6511,CNAE-2025,4
6512,CNAE-2009,6512,CNAE-2025,4
652,CNAE-2009,652,CNAE-2025,3
6520,CNAE-2009,6520,CNAE-2025,4
653,CNAE-2009,653,CNAE-2025,3
6530,CNAE-2009,6530,CNAE-2025,4
66,CNAE-2009,66,CNAE-2025,2
661,CNAE-2009,661,CNAE-2025,3
661,CNAE-2009,663,CNAE-2025,3
6611,CNAE-2009,6611,CNAE-2025,4
6612,CNAE-2009,6613,CNAE-2025,4
6612,CNAE-2009,6614,CNAE-2025,4
6619,CNAE-2009,6619,CNAE-2025,4
6619,CNAE-2009,6630,CNAE-2025,4
662,CNAE-2009,662,CNAE-2025,3
6621,CNAE-2009,6621,CNAE-2025,4
6622,CNAE-2009,6622,CNAE-2025,4
6629,CNAE-2009,6629,CNAE-2025,4
663,CNAE-2009,663,CNAE-2025,3
6630,CNAE-2009,6630,CNAE-2025,4
L,CNAE-2009,I,CNAE-2025,1
L,CNAE-2009,M,CNAE-2025,1
68,CNAE-2009,55,CNAE-2025,2
68,CNAE-2009,68,CNAE-2025,2
681,CNAE-2009,681,CNAE-2025,3
6810,CNAE-2009,6811,CNAE-2025,4
682,CNAE-2009,559,CNAE-2025,3
682,CNAE-2009,682,CNAE-2025,3
6820,CNAE-2009,5590,CNAE-2025,4
6820,CNAE-2009,6820,CNAE-2025,4
683,CNAE-2009,683,CNAE-2025,3
6831,CNAE-2009,6831,CNAE-2025,4
6831,CNAE-2009,6832,CNAE-2025,4
6832,CNAE-2009,6832,CNAE-2025,4
M,CNAE-2009,C,CNAE-2025,1
M,CNAE-2009,N,CNAE-2025,1
M,CNAE-2009,O,CNAE-2025,1
69,CNAE-2009,69,CNAE-2025,2
691,CNAE-2009,691,CNAE-2025,3
6910,CNAE-2009,6910,CNAE-2025,4
692,CNAE-2009,692,CNAE-2025,3
6920,CNAE-2009,6920,CNAE-2025,4
70,CNAE-2009,70,CNAE-2025,2
70,CNAE-2009,73,CNAE-2025,2
701,CNAE-2009,701,CNAE-2025,3
7010,CNAE-2009,7010,CNAE-2025,4
702,CNAE-2009,702,CNAE-2025,3
702,CNAE-2009,733,CNAE-2025,3
7021,CNAE-2009,7330,CNAE-2025,4
7022,CNAE-2009,7020,CNAE-2025,4
71,CNAE-2009,71,CNAE-2025,2
711,CNAE-2009,711,CNAE-2025,3
7111,CNAE-2009,7111,CNAE-2025,4
7112,CNAE-2009,7112,CNAE-2025,4
712,CNAE-2009,712,CNAE-2025,3
7120,CNAE-2009,7120,CNAE-2025,4
72,CNAE-2009,72,CNAE-2025,2
721,CNAE-2009,721,CNAE-2025,3
7211,CNAE-2009,7210,CNAE-2025,4
7219,CNAE-2009,7210,CNAE-2025,4
722,CNAE-2009,722,CNAE-2025,3
7220,CNAE-2009,7220,CNAE-2025,4
73,CNAE-2009,73,CNAE-2025,2
731,CNAE-2009,731,CNAE-2025,3
7311,CNAE-2009,7311,CNAE-2025,4
7312,CNAE-2009,7312,CNAE-2025,4
732,CNAE-2009,732,CNAE-2025,3
7320,CNAE-2009,7320,CNAE-2025,4
74,CNAE-2009,18,CNAE-2025,2
74,CNAE-2009,74,CNAE-2025,2
74,CNAE-2009,80,CNAE-2025,2
741,CNAE-2009,741,CNAE-2025,3
7410,CNAE-2009,7411,CNAE-2025,4
7410,CNAE-2009,7412,CNAE-2025,4
7410,CNAE-2009,7413,CNAE-2025,4
7410,CNAE-2009,7414,CNAE-2025,4
742,CNAE-2009,181,CNAE-2025,3
742,CNAE-2009,742,CNAE-2025,3
7420,CNAE-2009,1812,CNAE-2025,4
7420,CNAE-2009,7420,CNAE-2025,4
743,CNAE-2009,743,CNAE-2025,3
7430,CNAE-2009,7430,CNAE-2025,4
749,CNAE-2009,749,CNAE-2025,3
749,CNAE-2009,800,CNAE-2025,3
7490,CNAE-2009,7491,CNAE-2025,4
7490,CNAE-2009,7499,CNAE-2025,4
7490,CNAE-2009,8009,CNAE-2025,4
75,CNAE-2009,75,CNAE-2025,2
750,CNAE-2009,750,CNAE-2025,3
7500,CNAE-2009,7500,CNAE-2025,4
N,CNAE-2009,C,CNAE-2025,1
N,CNAE-2009,F,CNAE-2025,1
N,CNAE-2009,G,CNAE-2025,1
N,CNAE-2009,H,CNAE-2025,1
N,CNAE-2009,I,CNAE-2025,1
N,CNAE-2009,K,CNAE-2025,1
N,CNAE-2009,M,CNAE-2025,1
N,CNAE-2009,O,CNAE-2025,1
N,CNAE-2009,Q,CNAE-2025,1
N,CNAE-2009,R,CNAE-2025,1
N,CNAE-2009,S,CNAE-2025,1
N,CNAE-2009,T,CNAE-2025,1
77,CNAE-2009,77,CNAE-2025,2
771,CNAE-2009,771,CNAE-2025,3
7711,CNAE-2009,7711,CNAE-2025,4
7712,CNAE-2009,7711,CNAE-2025,4
7712,CNAE-2009,7712,CNAE-2025,4
772,CNAE-2009,772,CNAE-2025,3
7721,CNAE-2009,7721,CNAE-2025,4
7722,CNAE-2009,7722,CNAE-2025,4
7729,CNAE-2009,7722,CNAE-2025,4
773,CNAE-2009,771,CNAE-2025,3
773,CNAE-2009,773,CNAE-2025,3
7731,CNAE-2009,7731,CNAE-2025,4
7732,CNAE-2009,7732,CNAE-2025,4
7733,CNAE-2009,7733,CNAE-2025,4
7734,CNAE-2009,7734,CNAE-2025,4
7735,CNAE-2009,7735,CNAE-2025,4
7739,CNAE-2009,7711,CNAE-2025,4
7739,CNAE-2009,7712,CNAE-2025,4
7739,CNAE-2009,7739,CNAE-2025,4
774,CNAE-2009,774,CNAE-2025,3
7740,CNAE-2009,7740,CNAE-2025,4
78,CNAE-2009,78,CNAE-2025,2
781,CNAE-2009,781,CNAE-2025,3
7810,CNAE-2009,7810,CNAE-2025,4
782,CNAE-2009,782,CNAE-2025,3
7820,CNAE-2009,7820,CNAE-2025,4
783,CNAE-2009,782,CNAE-2025,3
7830,CNAE-2009,7820,CNAE-2025,4
79,CNAE-2009,52,CNAE-2025,2
79,CNAE-2009,55,CNAE-2025,2
79,CNAE-2009,56,CNAE-2025,2
79,CNAE-2009,77,CNAE-2025,2
79,CNAE-2009,79,CNAE-2025,2
79,CNAE-2009,82,CNAE-2025,2
791,CNAE-2009,523,CNAE-2025,3
791,CNAE-2009,554,CNAE-2025,3
791,CNAE-2009,775,CNAE-2025,3
791,CNAE-2009,791,CNAE-2025,3
7911,CNAE-2009,5232,CNAE-2025,4
7911,CNAE-2009,5540,CNAE-2025,4
7911,CNAE-2009,7751,CNAE-2025,4
7911,CNAE-2009,7911,CNAE-2025,4
7912,CNAE-2009,7912,CNAE-2025,4
799,CNAE-2009,523,CNAE-2025,3
799,CNAE-2009,554,CNAE-2025,3
799,CNAE-2009,564,CNAE-2025,3
799,CNAE-2009,775,CNAE-2025,3
799,CNAE-2009,799,CNAE-2025,3
799,CNAE-2009,824,CNAE-2025,3
7990,CNAE-2009,5232,CNAE-2025,4
7990,CNAE-2009,5540,CNAE-2025,4
7990,CNAE-2009,5640,CNAE-2025,4
7990,CNAE-2009,7751,CNAE-2025,4
7990,CNAE-2009,7990,CNAE-2025,4
7990,CNAE-2009,8240,CNAE-2025,4
80,CNAE-2009,80,CNAE-2025,2
801,CNAE-2009,800,CNAE-2025,3
8010,CNAE-2009,8001,CNAE-2025,4
802,CNAE-2009,800,CNAE-2025,3
8020,CNAE-2009,8009,CNAE-2025,4
803,CNAE-2009,800,CNAE-2025,3
8030,CNAE-2009,8001,CNAE-2025,4
81,CNAE-2009,81,CNAE-2025,2
81,CNAE-2009,96,CNAE-2025,2
811,CNAE-2009,811,CNAE-2025,3
8110,CNAE-2009,8110,CNAE-2025,4
812,CNAE-2009,812,CNAE-2025,3
812,CNAE-2009,969,CNAE-2025,3
8121,CNAE-2009,8121,CNAE-2025,4
8121,CNAE-2009,9691,CNAE-2025,4
8122,CNAE-2009,8122,CNAE-2025,4
8129,CNAE-2009,8123,CNAE-2025,4
813,CNAE-2009,813,CNAE-2025,3
8130,CNAE-2009,8130,CNAE-2025,4
82,CNAE-2009,18,CNAE-2025,2
82,CNAE-2009,43,CNAE-2025,2
82,CNAE-2009,46,CNAE-2025,2
82,CNAE-2009,47,CNAE-2025,2
82,CNAE-2009,53,CNAE-2025,2
82,CNAE-2009,61,CNAE-2025,2
82,CNAE-2009,68,CNAE-2025,2
82,CNAE-2009,77,CNAE-2025,2
82,CNAE-2009,82,CNAE-2025,2
82,CNAE-2009,85,CNAE-2025,2
82,CNAE-2009,86,CNAE-2025,2
82,CNAE-2009,87,CNAE-2025,2
82,CNAE-2009,93,CNAE-2025,2
82,CNAE-2009,95,CNAE-2025,2
82,CNAE-2009,96,CNAE-2025,2
821,CNAE-2009,181,CNAE-2025,3
821,CNAE-2009,682,CNAE-2025,3
821,CNAE-2009,821,CNAE-2025,3
8211,CNAE-2009,6820,CNAE-2025,4
8211,CNAE-2009,8210,CNAE-2025,4
8219,CNAE-2009,1812,CNAE-2025,4
8219,CNAE-2009,8210,CNAE-2025,4
822,CNAE-2009,822,CNAE-2025,3
8220,CNAE-2009,8220,CNAE-2025,4
823,CNAE-2009,823,CNAE-2025,3
823,CNAE-2009,932,CNAE-2025,3
8230,CNAE-2009,8230,CNAE-2025,4
8230,CNAE-2009,9329,CNAE-2025,4
829,CNAE-2009,436,CNAE-2025,3
829,CNAE-2009,461,CNAE-2025,3
829,CNAE-2009,479,CNAE-2025,3
829,CNAE-2009,533,CNAE-2025,3
829,CNAE-2009,612,CNAE-2025,3
829,CNAE-2009,775,CNAE-2025,3
829,CNAE-2009,824,CNAE-2025,3
829,CNAE-2009,829,CNAE-2025,3
829,CNAE-2009,856,CNAE-2025,3
829,CNAE-2009,869,CNAE-2025,3
829,CNAE-2009,879,CNAE-2025,3
829,CNAE-2009,954,CNAE-2025,3
829,CNAE-2009,964,CNAE-2025,3
8291,CNAE-2009,8291,CNAE-2025,4
8292,CNAE-2009,8292,CNAE-2025,4
8299,CNAE-2009,4360,CNAE-2025,4
8299,CNAE-2009,4611,CNAE-2025,4
8299,CNAE-2009,4612,CNAE-2025,4
8299,CNAE-2009,4613,CNAE-2025,4
8299,CNAE-2009,4614,CNAE-2025,4
8299,CNAE-2009,4615,CNAE-2025,4
8299,CNAE-2009,4616,CNAE-2025,4
8299,CNAE-2009,4617,CNAE-2025,4
8299,CNAE-2009,4618,CNAE-2025,4
8299,CNAE-2009,4619,CNAE-2025,4
8299,CNAE-2009,4791,CNAE-2025,4
8299,CNAE-2009,4792,CNAE-2025,4
8299,CNAE-2009,5330,CNAE-2025,4
8299,CNAE-2009,6120,CNAE-2025,4
8299,CNAE-2009,7751,CNAE-2025,4
8299,CNAE-2009,7752,CNAE-2025,4
8299,CNAE-2009,8240,CNAE-2025,4
8299,CNAE-2009,8291,CNAE-2025,4
8299,CNAE-2009,8299,CNAE-2025,4
8299,CNAE-2009,8561,CNAE-2025,4
8299,CNAE-2009,8697,CNAE-2025,4
8299,CNAE-2009,8791,CNAE-2025,4
8299,CNAE-2009,9540,CNAE-2025,4
8299,CNAE-2009,9640,CNAE-2025,4
O,CNAE-2009,P,CNAE-2025,1
84,CNAE-2009,84,CNAE-2025,2
841,CNAE-2009,841,CNAE-2025,3
8411,CNAE-2009,8411,CNAE-2025,4
8412,CNAE-2009,8412,CNAE-2025,4
8413,CNAE-2009,8413,CNAE-2025,4
842,CNAE-2009,842,CNAE-2025,3
8421,CNAE-2009,8421,CNAE-2025,4
8422,CNAE-2009,8422,CNAE-2025,4
8423,CNAE-2009,8423,CNAE-2025,4
8424,CNAE-2009,8424,CNAE-2025,4
8425,CNAE-2009,8425,CNAE-2025,4
843,CNAE-2009,843,CNAE-2025,3
8430,CNAE-2009,8430,CNAE-2025,4
P,CNAE-2009,Q,CNAE-2025,1
P,CNAE-2009,S,CNAE-2025,1
85,CNAE-2009,85,CNAE-2025,2
85,CNAE-2009,93,CNAE-2025,2
851,CNAE-2009,851,CNAE-2025,3
8510,CNAE-2009,8510,CNAE-2025,4
852,CNAE-2009,852,CNAE-2025,3
8520,CNAE-2009,8520,CNAE-2025,4
853,CNAE-2009,853,CNAE-2025,3
8531,CNAE-2009,8531,CNAE-2025,4
8532,CNAE-2009,8532,CNAE-2025,4
854,CNAE-2009,853,CNAE-2025,3
854,CNAE-2009,854,CNAE-2025,3
8541,CNAE-2009,8533,CNAE-2025,4
8543,CNAE-2009,8541,CNAE-2025,4
8544,CNAE-2009,8542,CNAE-2025,4
855,CNAE-2009,855,CNAE-2025,3
855,CNAE-2009,931,CNAE-2025,3
8551,CNAE-2009,8551,CNAE-2025,4
8551,CNAE-2009,9313,CNAE-2025,4
8552,CNAE-2009,8552,CNAE-2025,4
8553,CNAE-2009,8553,CNAE-2025,4
8559,CNAE-2009,8559,CNAE-2025,4
856,CNAE-2009,856,CNAE-2025,3
8560,CNAE-2009,8569,CNAE-2025,4
Q,CNAE-2009,Q,CNAE-2025,1
Q,CNAE-2009,R,CNAE-2025,1
86,CNAE-2009,86,CNAE-2025,2
861,CNAE-2009,861,CNAE-2025,3
8610,CNAE-2009,8610,CNAE-2025,4
862,CNAE-2009,862,CNAE-2025,3
8621,CNAE-2009,8621,CNAE-2025,4
8622,CNAE-2009,8622,CNAE-2025,4
8623,CNAE-2009,8623,CNAE-2025,4
869,CNAE-2009,869,CNAE-2025,3
8690,CNAE-2009,8691,CNAE-2025,4
8690,CNAE-2009,8692,CNAE-2025,4
8690,CNAE-2009,8693,CNAE-2025,4
8690,CNAE-2009,8694,CNAE-2025,4
8690,CNAE-2009,8695,CNAE-2025,4
8690,CNAE-2009,8696,CNAE-2025,4
8690,CNAE-2009,8699,CNAE-2025,4
87,CNAE-2009,87,CNAE-2025,2
871,CNAE-2009,871,CNAE-2025,3
8710,CNAE-2009,8710,CNAE-2025,4
872,CNAE-2009,872,CNAE-2025,3
8720,CNAE-2009,8720,CNAE-2025,4
873,CNAE-2009,873,CNAE-2025,3
8731,CNAE-2009,8731,CNAE-2025,4
8732,CNAE-2009,8732,CNAE-2025,4
879,CNAE-2009,879,CNAE-2025,3
8790,CNAE-2009,8799,CNAE-2025,4
88,CNAE-2009,85,CNAE-2025,2
88,CNAE-2009,88,CNAE-2025,2
881,CNAE-2009,881,CNAE-2025,3
8811,CNAE-2009,8811,CNAE-2025,4
8812,CNAE-2009,8812,CNAE-2025,4
889,CNAE-2009,851,CNAE-2025,3
889,CNAE-2009,889,CNAE-2025,3
8891,CNAE-2009,8510,CNAE-2025,4
8891,CNAE-2009,8891,CNAE-2025,4
8899,CNAE-2009,8899,CNAE-2025,4
R,CNAE-2009,P,CNAE-2025,1
R,CNAE-2009,S,CNAE-2025,1
90,CNAE-2009,90,CNAE-2025,2
90,CNAE-2009,91,CNAE-2025,2
900,CNAE-2009,901,CNAE-2025,3
900,CNAE-2009,902,CNAE-2025,3
900,CNAE-2009,903,CNAE-2025,3
900,CNAE-2009,913,CNAE-2025,3
9001,CNAE-2009,9020,CNAE-2025,4
9002,CNAE-2009,9039,CNAE-2025,4
9003,CNAE-2009,9011,CNAE-2025,4
9003,CNAE-2009,9012,CNAE-2025,4
9003,CNAE-2009,9013,CNAE-2025,4
9003,CNAE-2009,9130,CNAE-2025,4
9004,CNAE-2009,9031,CNAE-2025,4
91,CNAE-2009,91,CNAE-2025,2
910,CNAE-2009,911,CNAE-2025,3
910,CNAE-2009,912,CNAE-2025,3
910,CNAE-2009,914,CNAE-2025,3
9102,CNAE-2009,9121,CNAE-2025,4
9103,CNAE-2009,9122,CNAE-2025,4
9104,CNAE-2009,9141,CNAE-2025,4
9104,CNAE-2009,9142,CNAE-2025,4
9105,CNAE-2009,9111,CNAE-2025,4
9106,CNAE-2009,9112,CNAE-2025,4
92,CNAE-2009,92,CNAE-2025,2
920,CNAE-2009,920,CNAE-2025,3
9200,CNAE-2009,9200,CNAE-2025,4
93,CNAE-2009,84,CNAE-2025,2
93,CNAE-2009,93,CNAE-2025,2
931,CNAE-2009,931,CNAE-2025,3
931,CNAE-2009,932,CNAE-2025,3
9311,CNAE-2009,9311,CNAE-2025,4
9311,CNAE-2009,9312,CNAE-2025,4
9311,CNAE-2009,9329,CNAE-2025,4
9312,CNAE-2009,9312,CNAE-2025,4
9313,CNAE-2009,9313,CNAE-2025,4
9319,CNAE-2009,9319,CNAE-2025,4
9319,CNAE-2009,9329,CNAE-2025,4
932,CNAE-2009,842,CNAE-2025,3
932,CNAE-2009,931,CNAE-2025,3
932,CNAE-2009,932,CNAE-2025,3
9321,CNAE-2009,9321,CNAE-2025,4
9321,CNAE-2009,9329,CNAE-2025,4
9329,CNAE-2009,8425,CNAE-2025,4
9329,CNAE-2009,9311,CNAE-2025,4
9329,CNAE-2009,9312,CNAE-2025,4
9329,CNAE-2009,9319,CNAE-2025,4
9329,CNAE-2009,9329,CNAE-2025,4
S,CNAE-2009,H,CNAE-2025,1
S,CNAE-2009,T,CNAE-2025,1
94,CNAE-2009,94,CNAE-2025,2
941,CNAE-2009,941,CNAE-2025,3
9411,CNAE-2009,9411,CNAE-2025,4
9412,CNAE-2009,9412,CNAE-2025,4
942,CNAE-2009,942,CNAE-2025,3
9420,CNAE-2009,9420,CNAE-2025,4
949,CNAE-2009,949,CNAE-2025,3
9491,CNAE-2009,9491,CNAE-2025,4
9492,CNAE-2009,9492,CNAE-2025,4
9499,CNAE-2009,9499,CNAE-2025,4
95,CNAE-2009,95,CNAE-2025,2
951,CNAE-2009,951,CNAE-2025,3
9511,CNAE-2009,9510,CNAE-2025,4
9512,CNAE-2009,9510,CNAE-2025,4
952,CNAE-2009,952,CNAE-2025,3
9521,CNAE-2009,9521,CNAE-2025,4
9522,CNAE-2009,9522,CNAE-2025,4
9523,CNAE-2009,9523,CNAE-2025,4
9524,CNAE-2009,9524,CNAE-2025,4
9525,CNAE-2009,9525,CNAE-2025,4
9529,CNAE-2009,9529,CNAE-2025,4
96,CNAE-2009,53,CNAE-2025,2
96,CNAE-2009,96,CNAE-2025,2
960,CNAE-2009,532,CNAE-2025,3
960,CNAE-2009,961,CNAE-2025,3
960,CNAE-2009,962,CNAE-2025,3
960,CNAE-2009,963,CNAE-2025,3
960,CNAE-2009,969,CNAE-2025,3
9601,CNAE-2009,5320,CNAE-2025,4
9601,CNAE-2009,9610,CNAE-2025,4
9601,CNAE-2009,9691,CNAE-2025,4
9602,CNAE-2009,9621,CNAE-2025,4
9602,CNAE-2009,9622,CNAE-2025,4
9603,CNAE-2009,9630,CNAE-2025,4
9604,CNAE-2009,9623,CNAE-2025,4
9609,CNAE-2009,9699,CNAE-2025,4
T,CNAE-2009,U,CNAE-2025,1
97,CNAE-2009,97,CNAE-2025,2
970,CNAE-2009,970,CNAE-2025,3
9700,CNAE-2009,9700,CNAE-2025,4
98,CNAE-2009,98,CNAE-2025,2
981,CNAE-2009,981,CNAE-2025,3
9810,CNAE-2009,9810,CNAE-2025,4
982,CNAE-2009,982,CNAE-2025,3
9820,CNAE-2009,9820,CNAE-2025,4
U,CNAE-2009,V,CNAE-2025,1
99,CNAE-2009,99,CNAE-2025,2
990,CNAE-2009,990,CNAE-2025,3
9900,CNAE-2009,9900,CNAE-2025,4
A,CNAE-2025,A,CNAE-2009,1
A,CNAE-2025,C,CNAE-2009,1
01,CNAE-2025,01,CNAE-2009,2
01,CNAE-2025,03,CNAE-2009,2
011,CNAE-2025,011,CNAE-2009,3
011,CNAE-2025,012,CNAE-2009,3
0111,CNAE-2025,0111,CNAE-2009,4
0112,CNAE-2025,0112,CNAE-2009,4
0113,CNAE-2025,0113,CNAE-2009,4
0113,CNAE-2025,0119,CNAE-2009,4
0113,CNAE-2025,0128,CNAE-2009,4
0114,CNAE-2025,0114,CNAE-2009,4
0115,CNAE-2025,0115,CNAE-2009,4
0116,CNAE-2025,0116,CNAE-2009,4
0119,CNAE-2025,0119,CNAE-2009,4
012,CNAE-2025,012,CNAE-2009,3
0121,CNAE-2025,0121,CNAE-2009,4
0122,CNAE-2025,0122,CNAE-2009,4
0123,CNAE-2025,0123,CNAE-2009,4
0124,CNAE-2025,0124,CNAE-2009,4
0125,CNAE-2025,0125,CNAE-2009,4
0126,CNAE-2025,0126,CNAE-2009,4
0127,CNAE-2025,0127,CNAE-2009,4
0128,CNAE-2025,0128,CNAE-2009,4
0129,CNAE-2025,0129,CNAE-2009,4
013,CNAE-2025,013,CNAE-2009,3
0130,CNAE-2025,0130,CNAE-2009,4
014,CNAE-2025,014,CNAE-2009,3
014,CNAE-2025,016,CNAE-2009,3
014,CNAE-2025,032,CNAE-2009,3
0141,CNAE-2025,0141,CNAE-2009,4
0141,CNAE-2025,0142,CNAE-2009,4
0142,CNAE-2025,0142,CNAE-2009,4
0143,CNAE-2025,0143,CNAE-2009,4
0144,CNAE-2025,0144,CNAE-2009,4
0145,CNAE-2025,0145,CNAE-2009,4
0146,CNAE-2025,0146,CNAE-2009,4
0147,CNAE-2025,0147,CNAE-2009,4
0147,CNAE-2025,0149,CNAE-2009,4
0147,CNAE-2025,0162,CNAE-2009,4
0148,CNAE-2025,0149,CNAE-2009,4
0148,CNAE-2025,0322,CNAE-2009,4
015,CNAE-2025,015,CNAE-2009,3
0150,CNAE-2025,0150,CNAE-2009,4
016,CNAE-2025,016,CNAE-2009,3
0161,CNAE-2025,0161,CNAE-2009,4
0162,CNAE-2025,0162,CNAE-2009,4
0163,CNAE-2025,0163,CNAE-2009,4
0163,CNAE-2025,0164,CNAE-2009,4
017,CNAE-2025,017,CNAE-2009,3
0170,CNAE-2025,0170,CNAE-2009,4
02,CNAE-2025,02,CNAE-2009,2
021,CNAE-2025,021,CNAE-2009,3
0210,CNAE-2025,0210,CNAE-2009,4
022,CNAE-2025,022,CNAE-2009,3
0220,CNAE-2025,0220,CNAE-2009,4
023,CNAE-2025,023,CNAE-2009,3
0230,CNAE-2025,0230,CNAE-2009,4
024,CNAE-2025,024,CNAE-2009,3
0240,CNAE-2025,0240,CNAE-2009,4
03,CNAE-2025,03,CNAE-2009,2
03,CNAE-2025,33,CNAE-2009,2
031,CNAE-2025,031,CNAE-2009,3
0311,CNAE-2025,0311,CNAE-2009,4
0312,CNAE-2025,0312,CNAE-2009,4
032,CNAE-2025,032,CNAE-2009,3
0321,CNAE-2025,0321,CNAE-2009,4
0322,CNAE-2025,0322,CNAE-2009,4
033,CNAE-2025,031,CNAE-2009,3
033,CNAE-2025,032,CNAE-2009,3
033,CNAE-2025,331,CNAE-2009,3
0330,CNAE-2025,0311,CNAE-2009,4
0330,CNAE-2025,0312,CNAE-2009,4
0330,CNAE-2025,0321,CNAE-2009,4
0330,CNAE-2025,0322,CNAE-2009,4
0330,CNAE-2025,3311,CNAE-2009,4
B,CNAE-2025,B,CNAE-2009,1
05,CNAE-2025,05,CNAE-2009,2
051,CNAE-2025,051,CNAE-2009,3
0510,CNAE-2025,0510,CNAE-2009,4
052,CNAE-2025,052,CNAE-2009,3
0520,CNAE-2025,0520,CNAE-2009,4
06,CNAE-2025,06,CNAE-2009,2
061,CNAE-2025,061,CNAE-2009,3
0610,CNAE-2025,0610,CNAE-2009,4
062,CNAE-2025,062,CNAE-2009,3
0620,CNAE-2025,0620,CNAE-2009,4
07,CNAE-2025,07,CNAE-2009,2
071,CNAE-2025,071,CNAE-2009,3
0710,CNAE-2025,0710,CNAE-2009,4
072,CNAE-2025,072,CNAE-2009,3
0721,CNAE-2025,0721,CNAE-2009,4
0729,CNAE-2025,0729,CNAE-2009,4
08,CNAE-2025,08,CNAE-2009,2
081,CNAE-2025,081,CNAE-2009,3
0811,CNAE-2025,0811,CNAE-2009,4
0812,CNAE-2025,0812,CNAE-2009,4
089,CNAE-2025,089,CNAE-2009,3
0891,CNAE-2025,0891,CNAE-2009,4
0892,CNAE-2025,0892,CNAE-2009,4
0893,CNAE-2025,0893,CNAE-2009,4
0899,CNAE-2025,0899,CNAE-2009,4
09,CNAE-2025,09,CNAE-2009,2
091,CNAE-2025,091,CNAE-2009,3
0910,CNAE-2025,0910,CNAE-2009,4
099,CNAE-2025,099,CNAE-2009,3
0990,CNAE-2025,0990,CNAE-2009,4
C,CNAE-2025,C,CNAE-2009,1
C,CNAE-2025,E,CNAE-2009,1
C,CNAE-2025,M,CNAE-2009,1
C,CNAE-2025,N,CNAE-2009,1
10,CNAE-2025,10,CNAE-2009,2
101,CNAE-2025,101,CNAE-2009,3
1011,CNAE-2025,1011,CNAE-2009,4
1012,CNAE-2025,1012,CNAE-2009,4
1013,CNAE-2025,1013,CNAE-2009,4
102,CNAE-2025,102,CNAE-2009,3
1021,CNAE-2025,1021,CNAE-2009,4
1022,CNAE-2025,1022,CNAE-2009,4
103,CNAE-2025,103,CNAE-2009,3
1031,CNAE-2025,1031,CNAE-2009,4
1032,CNAE-2025,1032,CNAE-2009,4
1039,CNAE-2025,1039,CNAE-2009,4
104,CNAE-2025,104,CNAE-2009,3
1042,CNAE-2025,1042,CNAE-2009,4
1043,CNAE-2025,1043,CNAE-2009,4
1044,CNAE-2025,1044,CNAE-2009,4
105,CNAE-2025,105,CNAE-2009,3
1052,CNAE-2025,1052,CNAE-2009,4
1053,CNAE-2025,1053,CNAE-2009,4
1054,CNAE-2025,1054,CNAE-2009,4
106,CNAE-2025,106,CNAE-2009,3
106,CNAE-2025,108,CNAE-2009,3
1061,CNAE-2025,1061,CNAE-2009,4
1061,CNAE-2025,1086,CNAE-2009,4
1062,CNAE-2025,1062,CNAE-2009,4
1062,CNAE-2025,1086,CNAE-2009,4
107,CNAE-2025,107,CNAE-2009,3
107,CNAE-2025,108,CNAE-2009,3
1071,CNAE-2025,1071,CNAE-2009,4
1071,CNAE-2025,1086,CNAE-2009,4
1072,CNAE-2025,1072,CNAE-2009,4
1072,CNAE-2025,1086,CNAE-2009,4
1073,CNAE-2025,1073,CNAE-2009,4
1073,CNAE-2025,1086,CNAE-2009,4
108,CNAE-2025,108,CNAE-2009,3
1081,CNAE-2025,1081,CNAE-2009,4
1082,CNAE-2025,1082,CNAE-2009,4
1083,CNAE-2025,1083,CNAE-2009,4
1084,CNAE-2025,1084,CNAE-2009,4
1085,CNAE-2025,1085,CNAE-2009,4
1086,CNAE-2025,1086,CNAE-2009,4
1089,CNAE-2025,1089,CNAE-2009,4
109,CNAE-2025,109,CNAE-2009,3
1091,CNAE-2025,1091,CNAE-2009,4
1092,CNAE-2025,1092,CNAE-2009,4
11,CNAE-2025,10,CNAE-2009,2
11,CNAE-2025,11,CNAE-2009,2
110,CNAE-2025,108,CNAE-2009,3
110,CNAE-2025,110,CNAE-2009,3
1101,CNAE-2025,1101,CNAE-2009,4
1102,CNAE-2025,1102,CNAE-2009,4
1103,CNAE-2025,1103,CNAE-2009,4
1104,CNAE-2025,1104,CNAE-2009,4
1105,CNAE-2025,1105,CNAE-2009,4
1106,CNAE-2025,1106,CNAE-2009,4
1107,CNAE-2025,1089,CNAE-2009,4
1107,CNAE-2025,1107,CNAE-2009,4
12,CNAE-2025,12,CNAE-2009,2
120,CNAE-2025,120,CNAE-2009,3
1200,CNAE-2025,1200,CNAE-2009,4
13,CNAE-2025,13,CNAE-2009,2
13,CNAE-2025,18,CNAE-2009,2
131,CNAE-2025,131,CNAE-2009,3
1310,CNAE-2025,1310,CNAE-2009,4
132,CNAE-2025,132,CNAE-2009,3
1320,CNAE-2025,1320,CNAE-2009,4
133,CNAE-2025,133,CNAE-2009,3
133,CNAE-2025,181,CNAE-2009,3
1330,CNAE-2025,1330,CNAE-2009,4
1330,CNAE-2025,1812,CNAE-2009,4
139,CNAE-2025,132,CNAE-2009,3
139,CNAE-2025,139,CNAE-2009,3
1391,CNAE-2025,1391,CNAE-2009,4
1392,CNAE-2025,1392,CNAE-2009,4
1393,CNAE-2025,1393,CNAE-2009,4
1394,CNAE-2025,1394,CNAE-2009,4
1395,CNAE-2025,1395,CNAE-2009,4
1396,CNAE-2025,1320,CNAE-2009,4
1396,CNAE-2025,1392,CNAE-2009,4
1396,CNAE-2025,1396,CNAE-2009,4
1399,CNAE-2025,1399,CNAE-2009,4
14,CNAE-2025,14,CNAE-2009,2
141,CNAE-2025,141,CNAE-2009,3
141,CNAE-2025,143,CNAE-2009,3
1410,CNAE-2025,1413,CNAE-2009,4
1410,CNAE-2025,1414,CNAE-2009,4
1410,CNAE-2025,1419,CNAE-2009,4
1410,CNAE-2025,1431,CNAE-2009,4
1410,CNAE-2025,1439,CNAE-2009,4
142,CNAE-2025,141,CNAE-2009,3
142,CNAE-2025,142,CNAE-2009,3
1421,CNAE-2025,1413,CNAE-2009,4
1421,CNAE-2025,1414,CNAE-2009,4
1421,CNAE-2025,1419,CNAE-2009,4
1422,CNAE-2025,1414,CNAE-2009,4
1422,CNAE-2025,1419,CNAE-2009,4
1423,CNAE-2025,1412,CNAE-2009,4
1424,CNAE-2025,1411,CNAE-2009,4
1424,CNAE-2025,1420,CNAE-2009,4
1429,CNAE-2025,1419,CNAE-2009,4
15,CNAE-2025,15,CNAE-2009,2
15,CNAE-2025,16,CNAE-2009,2
15,CNAE-2025,22,CNAE-2009,2
151,CNAE-2025,151,CNAE-2009,3
1511,CNAE-2025,1511,CNAE-2009,4
1512,CNAE-2025,1512,CNAE-2009,4
152,CNAE-2025,152,CNAE-2009,3
152,CNAE-2025,162,CNAE-2009,3
152,CNAE-2025,221,CNAE-2009,3
152,CNAE-2025,222,CNAE-2009,3
1520,CNAE-2025,1520,CNAE-2009,4
1520,CNAE-2025,1629,CNAE-2009,4
1520,CNAE-2025,2219,CNAE-2009,4
1520,CNAE-2025,2229,CNAE-2009,4
16,CNAE-2025,16,CNAE-2009,2
161,CNAE-2025,161,CNAE-2009,3
1611,CNAE-2025,1610,CNAE-2009,4
1612,CNAE-2025,1610,CNAE-2009,4
162,CNAE-2025,162,CNAE-2009,3
1621,CNAE-2025,1621,CNAE-2009,4
1622,CNAE-2025,1622,CNAE-2009,4
1623,CNAE-2025,1623,CNAE-2009,4
1624,CNAE-2025,1624,CNAE-2009,4
1625,CNAE-2025,1623,CNAE-2009,4
1626,CNAE-2025,1629,CNAE-2009,4
1627,CNAE-2025,1621,CNAE-2009,4
1627,CNAE-2025,1622,CNAE-2009,4
1627,CNAE-2025,1623,CNAE-2009,4
1627,CNAE-2025,1624,CNAE-2009,4
1627,CNAE-2025,1629,CNAE-2009,4
1628,CNAE-2025,1629,CNAE-2009,4
1629,CNAE-2025,1623,CNAE-2009,4
17,CNAE-2025,17,CNAE-2009,2
171,CNAE-2025,171,CNAE-2009,3
1711,CNAE-2025,1711,CNAE-2009,4
1712,CNAE-2025,1712,CNAE-2009,4
172,CNAE-2025,172,CNAE-2009,3
1721,CNAE-2025,1721,CNAE-2009,4
1722,CNAE-2025,1722,CNAE-2009,4
1723,CNAE-2025,1723,CNAE-2009,4
1724,CNAE-2025,1724,CNAE-2009,4
1725,CNAE-2025,1729,CNAE-2009,4
18,CNAE-2025,18,CNAE-2009,2
18,CNAE-2025,74,CNAE-2009,2
18,CNAE-2025,82,CNAE-2009,2
181,CNAE-2025,181,CNAE-2009,3
181,CNAE-2025,742,CNAE-2009,3
181,CNAE-2025,821,CNAE-2009,3
1811,CNAE-2025,1811,CNAE-2009,4
1812,CNAE-2025,1812,CNAE-2009,4
1812,CNAE-2025,7420,CNAE-2009,4
1812,CNAE-2025,8219,CNAE-2009,4
1813,CNAE-2025,1813,CNAE-2009,4
1814,CNAE-2025,1814,CNAE-2009,4
182,CNAE-2025,182,CNAE-2009,3
1820,CNAE-2025,1820,CNAE-2009,4
19,CNAE-2025,19,CNAE-2009,2
191,CNAE-2025,191,CNAE-2009,3
1910,CNAE-2025,1910,CNAE-2009,4
192,CNAE-2025,192,CNAE-2009,3
1920,CNAE-2025,1920,CNAE-2009,4
20,CNAE-2025,20,CNAE-2009,2
20,CNAE-2025,38,CNAE-2009,2
201,CNAE-2025,201,CNAE-2009,3
201,CNAE-2025,383,CNAE-2009,3
2011,CNAE-2025,2011,CNAE-2009,4
2012,CNAE-2025,2012,CNAE-2009,4
2013,CNAE-2025,2013,CNAE-2009,4
2014,CNAE-2025,2011,CNAE-2009,4
2014,CNAE-2025,2014,CNAE-2009,4
2015,CNAE-2025,2015,CNAE-2009,4
2016,CNAE-2025,2016,CNAE-2009,4
2016,CNAE-2025,3832,CNAE-2009,4
2017,CNAE-2025,2017,CNAE-2009,4
202,CNAE-2025,202,CNAE-2009,3
2020,CNAE-2025,2020,CNAE-2009,4
203,CNAE-2025,203,CNAE-2009,3
2030,CNAE-2025,2030,CNAE-2009,4
204,CNAE-2025,204,CNAE-2009,3
2041,CNAE-2025,2041,CNAE-2009,4
2042,CNAE-2025,2042,CNAE-2009,4
205,CNAE-2025,201,CNAE-2009,3
205,CNAE-2025,205,CNAE-2009,3
2051,CNAE-2025,2014,CNAE-2009,4
2051,CNAE-2025,2059,CNAE-2009,4
2059,CNAE-2025,2051,CNAE-2009,4
2059,CNAE-2025,2052,CNAE-2009,4
2059,CNAE-2025,2053,CNAE-2009,4
2059,CNAE-2025,2059,CNAE-2009,4
206,CNAE-2025,206,CNAE-2009,3
2060,CNAE-2025,2060,CNAE-2009,4
21,CNAE-2025,21,CNAE-2009,2
211,CNAE-2025,211,CNAE-2009,3
2110,CNAE-2025,2110,CNAE-2009,4
212,CNAE-2025,212,CNAE-2009,3
2120,CNAE-2025,2120,CNAE-2009,4
22,CNAE-2025,22,CNAE-2009,2
221,CNAE-2025,221,CNAE-2009,3
2211,CNAE-2025,2211,CNAE-2009,4
2212,CNAE-2025,2219,CNAE-2009,4
222,CNAE-2025,222,CNAE-2009,3
2221,CNAE-2025,2221,CNAE-2009,4
2221,CNAE-2025,2229,CNAE-2009,4
2222,CNAE-2025,2222,CNAE-2009,4
2223,CNAE-2025,2223,CNAE-2009,4
2224,CNAE-2025,2223,CNAE-2009,4
2225,CNAE-2025,2221,CNAE-2009,4
2225,CNAE-2025,2222,CNAE-2009,4
2225,CNAE-2025,2223,CNAE-2009,4
2225,CNAE-2025,2229,CNAE-2009,4
2226,CNAE-2025,2229,CNAE-2009,4
23,CNAE-2025,13,CNAE-2009,2
23,CNAE-2025,22,CNAE-2009,2
23,CNAE-2025,23,CNAE-2009,2
231,CNAE-2025,231,CNAE-2009,3
2311,CNAE-2025,2311,CNAE-2009,4
2312,CNAE-2025,2312,CNAE-2009,4
2313,CNAE-2025,2313,CNAE-2009,4
2314,CNAE-2025,2314,CNAE-2009,4
2315,CNAE-2025,2319,CNAE-2009,4
232,CNAE-2025,232,CNAE-2009,3
2320,CNAE-2025,2320,CNAE-2009,4
233,CNAE-2025,233,CNAE-2009,3
2331,CNAE-2025,2331,CNAE-2009,4
2332,CNAE-2025,2332,CNAE-2009,4
234,CNAE-2025,234,CNAE-2009,3
2341,CNAE-2025,2341,CNAE-2009,4
2342,CNAE-2025,2342,CNAE-2009,4
2343,CNAE-2025,2343,CNAE-2009,4
2344,CNAE-2025,2344,CNAE-2009,4
2345,CNAE-2025,2349,CNAE-2009,4
235,CNAE-2025,235,CNAE-2009,3
2351,CNAE-2025,2351,CNAE-2009,4
2352,CNAE-2025,2352,CNAE-2009,4
236,CNAE-2025,222,CNAE-2009,3
236,CNAE-2025,236,CNAE-2009,3
2362,CNAE-2025,2362,CNAE-2009,4
2363,CNAE-2025,2363,CNAE-2009,4
2364,CNAE-2025,2364,CNAE-2009,4
2365,CNAE-2025,2365,CNAE-2009,4
2366,CNAE-2025,2223,CNAE-2009,4
2366,CNAE-2025,2369,CNAE-2009,4
2367,CNAE-2025,2361,CNAE-2009,4
2368,CNAE-2025,2361,CNAE-2009,4
237,CNAE-2025,237,CNAE-2009,3
2370,CNAE-2025,2370,CNAE-2009,4
239,CNAE-2025,132,CNAE-2009,3
239,CNAE-2025,239,CNAE-2009,3
2391,CNAE-2025,2391,CNAE-2009,4
2399,CNAE-2025,1320,CNAE-2009,4
2399,CNAE-2025,2399,CNAE-2009,4
24,CNAE-2025,24,CNAE-2009,2
241,CNAE-2025,241,CNAE-2009,3
2410,CNAE-2025,2410,CNAE-2009,4
242,CNAE-2025,242,CNAE-2009,3
2420,CNAE-2025,2420,CNAE-2009,4
243,CNAE-2025,243,CNAE-2009,3
2431,CNAE-2025,2431,CNAE-2009,4
2432,CNAE-2025,2432,CNAE-2009,4
2433,CNAE-2025,2433,CNAE-2009,4
2434,CNAE-2025,2434,CNAE-2009,4
244,CNAE-2025,244,CNAE-2009,3
2441,CNAE-2025,2441,CNAE-2009,4
2442,CNAE-2025,2442,CNAE-2009,4
2443,CNAE-2025,2443,CNAE-2009,4
2444,CNAE-2025,2444,CNAE-2009,4
2445,CNAE-2025,2445,CNAE-2009,4
2446,CNAE-2025,2446,CNAE-2009,4
245,CNAE-2025,245,CNAE-2009,3
2451,CNAE-2025,2451,CNAE-2009,4
2452,CNAE-2025,2452,CNAE-2009,4
2453,CNAE-2025,2453,CNAE-2009,4
2454,CNAE-2025,2453,CNAE-2009,4
2454,CNAE-2025,2454,CNAE-2009,4
25,CNAE-2025,25,CNAE-2009,2
251,CNAE-2025,251,CNAE-2009,3
2512,CNAE-2025,2512,CNAE-2009,4
2513,CNAE-2025,2511,CNAE-2009,4
2514,CNAE-2025,2511,CNAE-2009,4
252,CNAE-2025,252,CNAE-2009,3
252,CNAE-2025,253,CNAE-2009,3
2521,CNAE-2025,2521,CNAE-2009,4
2521,CNAE-2025,2530,CNAE-2009,4
2522,CNAE-2025,2529,CNAE-2009,4
253,CNAE-2025,254,CNAE-2009,3
2530,CNAE-2025,2540,CNAE-2009,4
254,CNAE-2025,255,CNAE-2009,3
2540,CNAE-2025,2550,CNAE-2009,4
255,CNAE-2025,256,CNAE-2009,3
2551,CNAE-2025,2561,CNAE-2009,4
2552,CNAE-2025,2561,CNAE-2009,4
2553,CNAE-2025,2561,CNAE-2009,4
2553,CNAE-2025,2562,CNAE-2009,4
256,CNAE-2025,257,CNAE-2009,3
2561,CNAE-2025,2571,CNAE-2009,4
2562,CNAE-2025,2572,CNAE-2009,4
2563,CNAE-2025,2573,CNAE-2009,4
259,CNAE-2025,259,CNAE-2009,3
2591,CNAE-2025,2591,CNAE-2009,4
2592,CNAE-2025,2592,CNAE-2009,4
2593,CNAE-2025,2593,CNAE-2009,4
2594,CNAE-2025,2594,CNAE-2009,4
2599,CNAE-2025,2599,CNAE-2009,4
26,CNAE-2025,26,CNAE-2009,2
26,CNAE-2025,28,CNAE-2009,2
26,CNAE-2025,32,CNAE-2009,2
261,CNAE-2025,261,CNAE-2009,3
2611,CNAE-2025,2611,CNAE-2009,4
2612,CNAE-2025,2612,CNAE-2009,4
262,CNAE-2025,262,CNAE-2009,3
262,CNAE-2025,282,CNAE-2009,3
2620,CNAE-2025,2620,CNAE-2009,4
2620,CNAE-2025,2823,CNAE-2009,4
263,CNAE-2025,263,CNAE-2009,3
2630,CNAE-2025,2630,CNAE-2009,4
264,CNAE-2025,262,CNAE-2009,3
264,CNAE-2025,264,CNAE-2009,3
2640,CNAE-2025,2620,CNAE-2009,4
2640,CNAE-2025,2640,CNAE-2009,4
265,CNAE-2025,263,CNAE-2009,3
265,CNAE-2025,265,CNAE-2009,3
2651,CNAE-2025,2630,CNAE-2009,4
2651,CNAE-2025,2651,CNAE-2009,4
2652,CNAE-2025,2652,CNAE-2009,4
266,CNAE-2025,266,CNAE-2009,3
266,CNAE-2025,325,CNAE-2009,3
2660,CNAE-2025,2660,CNAE-2009,4
2660,CNAE-2025,3250,CNAE-2009,4
267,CNAE-2025,267,CNAE-2009,3
267,CNAE-2025,268,CNAE-2009,3
2670,CNAE-2025,2670,CNAE-2009,4
2670,CNAE-2025,2680,CNAE-2009,4
27,CNAE-2025,27,CNAE-2009,2
27,CNAE-2025,28,CNAE-2009,2
271,CNAE-2025,271,CNAE-2009,3
271,CNAE-2025,279,CNAE-2009,3
2711,CNAE-2025,2711,CNAE-2009,4
2711,CNAE-2025,2712,CNAE-2009,4
2711,CNAE-2025,2790,CNAE-2009,4
2712,CNAE-2025,2712,CNAE-2009,4
272,CNAE-2025,272,CNAE-2009,3
2720,CNAE-2025,2720,CNAE-2009,4
273,CNAE-2025,273,CNAE-2009,3
2731,CNAE-2025,2731,CNAE-2009,4
2732,CNAE-2025,2732,CNAE-2009,4
2733,CNAE-2025,2733,CNAE-2009,4
274,CNAE-2025,274,CNAE-2009,3
2740,CNAE-2025,2740,CNAE-2009,4
275,CNAE-2025,275,CNAE-2009,3
2751,CNAE-2025,2751,CNAE-2009,4
2752,CNAE-2025,2752,CNAE-2009,4
279,CNAE-2025,279,CNAE-2009,3
279,CNAE-2025,284,CNAE-2009,3
2790,CNAE-2025,2790,CNAE-2009,4
2790,CNAE-2025,2849,CNAE-2009,4
28,CNAE-2025,25,CNAE-2009,2
28,CNAE-2025,28,CNAE-2009,2
281,CNAE-2025,281,CNAE-2009,3
2811,CNAE-2025,2811,CNAE-2009,4
2812,CNAE-2025,2812,CNAE-2009,4
2813,CNAE-2025,2813,CNAE-2009,4
2814,CNAE-2025,2814,CNAE-2009,4
2815,CNAE-2025,2815,CNAE-2009,4
282,CNAE-2025,252,CNAE-2009,3
282,CNAE-2025,282,CNAE-2009,3
2821,CNAE-2025,2521,CNAE-2009,4
2821,CNAE-2025,2821,CNAE-2009,4
2822,CNAE-2025,2822,CNAE-2009,4
2823,CNAE-2025,2823,CNAE-2009,4
2824,CNAE-2025,2824,CNAE-2009,4
2825,CNAE-2025,2821,CNAE-2009,4
2825,CNAE-2025,2825,CNAE-2009,4
2829,CNAE-2025,2829,CNAE-2009,4
283,CNAE-2025,283,CNAE-2009,3
283,CNAE-2025,289,CNAE-2009,3
2830,CNAE-2025,2830,CNAE-2009,4
2830,CNAE-2025,2892,CNAE-2009,4
284,CNAE-2025,284,CNAE-2009,3
2841,CNAE-2025,2841,CNAE-2009,4
2841,CNAE-2025,2849,CNAE-2009,4
2842,CNAE-2025,2849,CNAE-2009,4
289,CNAE-2025,282,CNAE-2009,3
289,CNAE-2025,289,CNAE-2009,3
2891,CNAE-2025,2891,CNAE-2009,4
2892,CNAE-2025,2892,CNAE-2009,4
2893,CNAE-2025,2829,CNAE-2009,4
2893,CNAE-2025,2893,CNAE-2009,4
2894,CNAE-2025,2894,CNAE-2009,4
2895,CNAE-2025,2895,CNAE-2009,4
2896,CNAE-2025,2896,CNAE-2009,4
2897,CNAE-2025,2896,CNAE-2009,4
2897,CNAE-2025,2899,CNAE-2009,4
2899,CNAE-2025,2899,CNAE-2009,4
29,CNAE-2025,23,CNAE-2009,2
29,CNAE-2025,27,CNAE-2009,2
29,CNAE-2025,28,CNAE-2009,2
29,CNAE-2025,29,CNAE-2009,2
291,CNAE-2025,271,CNAE-2009,3
291,CNAE-2025,291,CNAE-2009,3
2910,CNAE-2025,2711,CNAE-2009,4
2910,CNAE-2025,2910,CNAE-2009,4
292,CNAE-2025,292,CNAE-2009,3
2920,CNAE-2025,2920,CNAE-2009,4
293,CNAE-2025,231,CNAE-2009,3
293,CNAE-2025,279,CNAE-2009,3
293,CNAE-2025,281,CNAE-2009,3
293,CNAE-2025,282,CNAE-2009,3
293,CNAE-2025,293,CNAE-2009,3
2931,CNAE-2025,2790,CNAE-2009,4
2931,CNAE-2025,2931,CNAE-2009,4
2932,CNAE-2025,2312,CNAE-2009,4
2932,CNAE-2025,2811,CNAE-2009,4
2932,CNAE-2025,2825,CNAE-2009,4
2932,CNAE-2025,2932,CNAE-2009,4
30,CNAE-2025,28,CNAE-2009,2
30,CNAE-2025,30,CNAE-2009,2
301,CNAE-2025,301,CNAE-2009,3
3011,CNAE-2025,3011,CNAE-2009,4
3012,CNAE-2025,3012,CNAE-2009,4
3013,CNAE-2025,3011,CNAE-2009,4
302,CNAE-2025,302,CNAE-2009,3
3020,CNAE-2025,3020,CNAE-2009,4
303,CNAE-2025,303,CNAE-2009,3
3031,CNAE-2025,3030,CNAE-2009,4
3032,CNAE-2025,3030,CNAE-2009,4
304,CNAE-2025,304,CNAE-2009,3
3040,CNAE-2025,3040,CNAE-2009,4
309,CNAE-2025,281,CNAE-2009,3
309,CNAE-2025,309,CNAE-2009,3
3091,CNAE-2025,2811,CNAE-2009,4
3091,CNAE-2025,3091,CNAE-2009,4
3092,CNAE-2025,3091,CNAE-2009,4
3092,CNAE-2025,3092,CNAE-2009,4
3099,CNAE-2025,3099,CNAE-2009,4
31,CNAE-2025,23,CNAE-2009,2
31,CNAE-2025,31,CNAE-2009,2
310,CNAE-2025,234,CNAE-2009,3
310,CNAE-2025,310,CNAE-2009,3
3100,CNAE-2025,2342,CNAE-2009,4
3100,CNAE-2025,3101,CNAE-2009,4
3100,CNAE-2025,3102,CNAE-2009,4
3100,CNAE-2025,3103,CNAE-2009,4
3100,CNAE-2025,3109,CNAE-2009,4
32,CNAE-2025,27,CNAE-2009,2
32,CNAE-2025,32,CNAE-2009,2
321,CNAE-2025,321,CNAE-2009,3
3211,CNAE-2025,3211,CNAE-2009,4
3212,CNAE-2025,3212,CNAE-2009,4
3213,CNAE-2025,3213,CNAE-2009,4
322,CNAE-2025,322,CNAE-2009,3
3220,CNAE-2025,3220,CNAE-2009,4
323,CNAE-2025,323,CNAE-2009,3
3230,CNAE-2025,3230,CNAE-2009,4
324,CNAE-2025,324,CNAE-2009,3
3240,CNAE-2025,3240,CNAE-2009,4
325,CNAE-2025,325,CNAE-2009,3
325,CNAE-2025,329,CNAE-2009,3
3250,CNAE-2025,3250,CNAE-2009,4
3250,CNAE-2025,3299,CNAE-2009,4
329,CNAE-2025,279,CNAE-2009,3
329,CNAE-2025,323,CNAE-2009,3
329,CNAE-2025,329,CNAE-2009,3
3291,CNAE-2025,3291,CNAE-2009,4
3299,CNAE-2025,2790,CNAE-2009,4
3299,CNAE-2025,3230,CNAE-2009,4
3299,CNAE-2025,3299,CNAE-2009,4
33,CNAE-2025,30,CNAE-2009,2
33,CNAE-2025,33,CNAE-2009,2
331,CNAE-2025,304,CNAE-2009,3
331,CNAE-2025,331,CNAE-2009,3
3311,CNAE-2025,3311,CNAE-2009,4
3312,CNAE-2025,3312,CNAE-2009,4
3313,CNAE-2025,3313,CNAE-2009,4
3314,CNAE-2025,3314,CNAE-2009,4
3315,CNAE-2025,3312,CNAE-2009,4
3315,CNAE-2025,3315,CNAE-2009,4
3316,CNAE-2025,3316,CNAE-2009,4
3317,CNAE-2025,3311,CNAE-2009,4
3317,CNAE-2025,3317,CNAE-2009,4
3318,CNAE-2025,3040,CNAE-2009,4
3318,CNAE-2025,3312,CNAE-2009,4
3318,CNAE-2025,3315,CNAE-2009,4
3318,CNAE-2025,3316,CNAE-2009,4
3319,CNAE-2025,3319,CNAE-2009,4
332,CNAE-2025,332,CNAE-2009,3
3320,CNAE-2025,3320,CNAE-2009,4
D,CNAE-2025,D,CNAE-2009,1
D,CNAE-2025,H,CNAE-2009,1
35,CNAE-2025,35,CNAE-2009,2
35,CNAE-2025,52,CNAE-2009,2
351,CNAE-2025,351,CNAE-2009,3
3511,CNAE-2025,3516,CNAE-2009,4
3511,CNAE-2025,3517,CNAE-2009,4
3511,CNAE-2025,3519,CNAE-2009,4
3512,CNAE-2025,3515,CNAE-2009,4
3512,CNAE-2025,3518,CNAE-2009,4
3512,CNAE-2025,3519,CNAE-2009,4
3513,CNAE-2025,3512,CNAE-2009,4
3514,CNAE-2025,3513,CNAE-2009,4
3515,CNAE-2025,3514,CNAE-2009,4
3516,CNAE-2025,3515,CNAE-2009,4
3516,CNAE-2025,3516,CNAE-2009,4
3516,CNAE-2025,3517,CNAE-2009,4
3516,CNAE-2025,3518,CNAE-2009,4
3516,CNAE-2025,3519,CNAE-2009,4
352,CNAE-2025,352,CNAE-2009,3
352,CNAE-2025,521,CNAE-2009,3
3521,CNAE-2025,3521,CNAE-2009,4
3522,CNAE-2025,3522,CNAE-2009,4
3523,CNAE-2025,3523,CNAE-2009,4
3524,CNAE-2025,5210,CNAE-2009,4
353,CNAE-2025,353,CNAE-2009,3
3530,CNAE-2025,3530,CNAE-2009,4
354,CNAE-2025,351,CNAE-2009,3
354,CNAE-2025,352,CNAE-2009,3
3540,CNAE-2025,3514,CNAE-2009,4
3540,CNAE-2025,3523,CNAE-2009,4
E,CNAE-2025,E,CNAE-2009,1
36,CNAE-2025,36,CNAE-2009,2
360,CNAE-2025,360,CNAE-2009,3
3600,CNAE-2025,3600,CNAE-2009,4
37,CNAE-2025,37,CNAE-2009,2
370,CNAE-2025,370,CNAE-2009,3
3700,CNAE-2025,3700,CNAE-2009,4
38,CNAE-2025,38,CNAE-2009,2
381,CNAE-2025,381,CNAE-2009,3
3811,CNAE-2025,3811,CNAE-2009,4
3812,CNAE-2025,3812,CNAE-2009,4
382,CNAE-2025,382,CNAE-2009,3
382,CNAE-2025,383,CNAE-2009,3
3821,CNAE-2025,3821,CNAE-2009,4
3821,CNAE-2025,3831,CNAE-2009,4
3821,CNAE-2025,3832,CNAE-2009,4
3822,CNAE-2025,3821,CNAE-2009,4
3822,CNAE-2025,3822,CNAE-2009,4
3823,CNAE-2025,3821,CNAE-2009,4
3823,CNAE-2025,3822,CNAE-2009,4
383,CNAE-2025,382,CNAE-2009,3
3831,CNAE-2025,3821,CNAE-2009,4
3831,CNAE-2025,3822,CNAE-2009,4
3832,CNAE-2025,3821,CNAE-2009,4
3832,CNAE-2025,3822,CNAE-2009,4
3833,CNAE-2025,3821,CNAE-2009,4
3833,CNAE-2025,3822,CNAE-2009,4
39,CNAE-2025,39,CNAE-2009,2
390,CNAE-2025,390,CNAE-2009,3
3900,CNAE-2025,3900,CNAE-2009,4
F,CNAE-2025,F,CNAE-2009,1
F,CNAE-2025,N,CNAE-2009,1
41,CNAE-2025,41,CNAE-2009,2
410,CNAE-2025,412,CNAE-2009,3
4101,CNAE-2025,4121,CNAE-2009,4
4102,CNAE-2025,4122,CNAE-2009,4
42,CNAE-2025,42,CNAE-2009,2
42,CNAE-2025,43,CNAE-2009,2
421,CNAE-2025,421,CNAE-2009,3
4211,CNAE-2025,4211,CNAE-2009,4
4212,CNAE-2025,4212,CNAE-2009,4
4213,CNAE-2025,4213,CNAE-2009,4
422,CNAE-2025,422,CNAE-2009,3
4221,CNAE-2025,4221,CNAE-2009,4
4222,CNAE-2025,4222,CNAE-2009,4
429,CNAE-2025,429,CNAE-2009,3
429,CNAE-2025,439,CNAE-2009,3
4291,CNAE-2025,4291,CNAE-2009,4
4299,CNAE-2025,4299,CNAE-2009,4
4299,CNAE-2025,4399,CNAE-2009,4
43,CNAE-2025,41,CNAE-2009,2
43,CNAE-2025,42,CNAE-2009,2
43,CNAE-2025,43,CNAE-2009,2
43,CNAE-2025,82,CNAE-2009,2
431,CNAE-2025,431,CNAE-2009,3
4311,CNAE-2025,4311,CNAE-2009,4
4312,CNAE-2025,4312,CNAE-2009,4
4313,CNAE-2025,4313,CNAE-2009,4
432,CNAE-2025,432,CNAE-2009,3
432,CNAE-2025,433,CNAE-2009,3
432,CNAE-2025,439,CNAE-2009,3
4321,CNAE-2025,4321,CNAE-2009,4
4322,CNAE-2025,4322,CNAE-2009,4
4322,CNAE-2025,4399,CNAE-2009,4
4323,CNAE-2025,4329,CNAE-2009,4
4323,CNAE-2025,4339,CNAE-2009,4
4323,CNAE-2025,4399,CNAE-2009,4
4324,CNAE-2025,4329,CNAE-2009,4
433,CNAE-2025,433,CNAE-2009,3
433,CNAE-2025,439,CNAE-2009,3
4331,CNAE-2025,4331,CNAE-2009,4
4331,CNAE-2025,4339,CNAE-2009,4
4332,CNAE-2025,4332,CNAE-2009,4
4332,CNAE-2025,4339,CNAE-2009,4
4333,CNAE-2025,4333,CNAE-2009,4
4333,CNAE-2025,4339,CNAE-2009,4
4334,CNAE-2025,4334,CNAE-2009,4
4334,CNAE-2025,4339,CNAE-2009,4
4335,CNAE-2025,4339,CNAE-2009,4
4335,CNAE-2025,4399,CNAE-2009,4
434,CNAE-2025,439,CNAE-2009,3
4341,CNAE-2025,4391,CNAE-2009,4
4341,CNAE-2025,4399,CNAE-2009,4
4342,CNAE-2025,4399,CNAE-2009,4
435,CNAE-2025,421,CNAE-2009,3
435,CNAE-2025,439,CNAE-2009,3
4350,CNAE-2025,4211,CNAE-2009,4
4350,CNAE-2025,4399,CNAE-2009,4
436,CNAE-2025,829,CNAE-2009,3
4360,CNAE-2025,8299,CNAE-2009,4
439,CNAE-2025,412,CNAE-2009,3
439,CNAE-2025,439,CNAE-2009,3
4391,CNAE-2025,4399,CNAE-2009,4
4399,CNAE-2025,4121,CNAE-2009,4
4399,CNAE-2025,4122,CNAE-2009,4
4399,CNAE-2025,4399,CNAE-2009,4
G,CNAE-2025,G,CNAE-2009,1
G,CNAE-2025,N,CNAE-2009,1
46,CNAE-2025,45,CNAE-2009,2
46,CNAE-2025,46,CNAE-2009,2
46,CNAE-2025,82,CNAE-2009,2
461,CNAE-2025,451,CNAE-2009,3
461,CNAE-2025,453,CNAE-2009,3
461,CNAE-2025,454,CNAE-2009,3
461,CNAE-2025,461,CNAE-2009,3
461,CNAE-2025,829,CNAE-2009,3
4611,CNAE-2025,4611,CNAE-2009,4
4611,CNAE-2025,8299,CNAE-2009,4
4612,CNAE-2025,4612,CNAE-2009,4
4612,CNAE-2025,8299,CNAE-2009,4
4613,CNAE-2025,4613,CNAE-2009,4
4613,CNAE-2025,8299,CNAE-2009,4
4614,CNAE-2025,4614,CNAE-2009,4
4614,CNAE-2025,8299,CNAE-2009,4
4615,CNAE-2025,4615,CNAE-2009,4
4615,CNAE-2025,8299,CNAE-2009,4
4616,CNAE-2025,4616,CNAE-2009,4
4616,CNAE-2025,8299,CNAE-2009,4
4617,CNAE-2025,4617,CNAE-2009,4
4617,CNAE-2025,8299,CNAE-2009,4
4618,CNAE-2025,4511,CNAE-2009,4
4618,CNAE-2025,4519,CNAE-2009,4
4618,CNAE-2025,4531,CNAE-2009,4
4618,CNAE-2025,4540,CNAE-2009,4
4618,CNAE-2025,4618,CNAE-2009,4
4618,CNAE-2025,8299,CNAE-2009,4
4619,CNAE-2025,4619,CNAE-2009,4
4619,CNAE-2025,8299,CNAE-2009,4
462,CNAE-2025,462,CNAE-2009,3
4621,CNAE-2025,4621,CNAE-2009,4
4622,CNAE-2025,4622,CNAE-2009,4
4623,CNAE-2025,4623,CNAE-2009,4
4624,CNAE-2025,4624,CNAE-2009,4
463,CNAE-2025,463,CNAE-2009,3
4631,CNAE-2025,4631,CNAE-2009,4
4632,CNAE-2025,4632,CNAE-2009,4
4632,CNAE-2025,4638,CNAE-2009,4
4633,CNAE-2025,4633,CNAE-2009,4
4634,CNAE-2025,4634,CNAE-2009,4
4635,CNAE-2025,4635,CNAE-2009,4
4636,CNAE-2025,4636,CNAE-2009,4
4637,CNAE-2025,4637,CNAE-2009,4
4638,CNAE-2025,4638,CNAE-2009,4
4639,CNAE-2025,4639,CNAE-2009,4
464,CNAE-2025,464,CNAE-2009,3
464,CNAE-2025,466,CNAE-2009,3
4641,CNAE-2025,4641,CNAE-2009,4
4642,CNAE-2025,4642,CNAE-2009,4
4643,CNAE-2025,4643,CNAE-2009,4
4644,CNAE-2025,4644,CNAE-2009,4
4645,CNAE-2025,4645,CNAE-2009,4
4646,CNAE-2025,4646,CNAE-2009,4
4647,CNAE-2025,4647,CNAE-2009,4
4647,CNAE-2025,4665,CNAE-2009,4
4648,CNAE-2025,4648,CNAE-2009,4
4649,CNAE-2025,4643,CNAE-2009,4
4649,CNAE-2025,4649,CNAE-2009,4
465,CNAE-2025,465,CNAE-2009,3
465,CNAE-2025,466,CNAE-2009,3
4650,CNAE-2025,4651,CNAE-2009,4
4650,CNAE-2025,4652,CNAE-2009,4
4650,CNAE-2025,4666,CNAE-2009,4
466,CNAE-2025,464,CNAE-2009,3
466,CNAE-2025,466,CNAE-2009,3
4661,CNAE-2025,4661,CNAE-2009,4
4662,CNAE-2025,4662,CNAE-2009,4
4663,CNAE-2025,4663,CNAE-2009,4
4664,CNAE-2025,4643,CNAE-2009,4
4664,CNAE-2025,4664,CNAE-2009,4
4664,CNAE-2025,4669,CNAE-2009,4
467,CNAE-2025,451,CNAE-2009,3
467,CNAE-2025,453,CNAE-2009,3
467,CNAE-2025,454,CNAE-2009,3
4671,CNAE-2025,4511,CNAE-2009,4
4671,CNAE-2025,4519,CNAE-2009,4
4672,CNAE-2025,4531,CNAE-2009,4
4673,CNAE-2025,4540,CNAE-2009,4
468,CNAE-2025,453,CNAE-2009,3
468,CNAE-2025,454,CNAE-2009,3
468,CNAE-2025,462,CNAE-2009,3
468,CNAE-2025,463,CNAE-2009,3
468,CNAE-2025,464,CNAE-2009,3
468,CNAE-2025,465,CNAE-2009,3
468,CNAE-2025,466,CNAE-2009,3
468,CNAE-2025,467,CNAE-2009,3
468,CNAE-2025,469,CNAE-2009,3
4681,CNAE-2025,4671,CNAE-2009,4
4682,CNAE-2025,4672,CNAE-2009,4
4683,CNAE-2025,4673,CNAE-2009,4
4684,CNAE-2025,4674,CNAE-2009,4
4685,CNAE-2025,4675,CNAE-2009,4
4686,CNAE-2025,4676,CNAE-2009,4
4687,CNAE-2025,4677,CNAE-2009,4
4689,CNAE-2025,4531,CNAE-2009,4
4689,CNAE-2025,4540,CNAE-2009,4
4689,CNAE-2025,4621,CNAE-2009,4
4689,CNAE-2025,4622,CNAE-2009,4
4689,CNAE-2025,4623,CNAE-2009,4
4689,CNAE-2025,4624,CNAE-2009,4
4689,CNAE-2025,4631,CNAE-2009,4
4689,CNAE-2025,4632,CNAE-2009,4
4689,CNAE-2025,4633,CNAE-2009,4
4689,CNAE-2025,4634,CNAE-2009,4
4689,CNAE-2025,4635,CNAE-2009,4
4689,CNAE-2025,4636,CNAE-2009,4
4689,CNAE-2025,4637,CNAE-2009,4
4689,CNAE-2025,4638,CNAE-2009,4
4689,CNAE-2025,4639,CNAE-2009,4
4689,CNAE-2025,4641,CNAE-2009,4
4689,CNAE-2025,4642,CNAE-2009,4
4689,CNAE-2025,4643,CNAE-2009,4
4689,CNAE-2025,4644,CNAE-2009,4
4689,CNAE-2025,4645,CNAE-2009,4
4689,CNAE-2025,4646,CNAE-2009,4
4689,CNAE-2025,4647,CNAE-2009,4
4689,CNAE-2025,4648,CNAE-2009,4
4689,CNAE-2025,4649,CNAE-2009,4
4689,CNAE-2025,4651,CNAE-2009,4
4689,CNAE-2025,4652,CNAE-2009,4
4689,CNAE-2025,4661,CNAE-2009,4
4689,CNAE-2025,4662,CNAE-2009,4
4689,CNAE-2025,4663,CNAE-2009,4
4689,CNAE-2025,4664,CNAE-2009,4
4689,CNAE-2025,4665,CNAE-2009,4
4689,CNAE-2025,4666,CNAE-2009,4
4689,CNAE-2025,4669,CNAE-2009,4
4689,CNAE-2025,4671,CNAE-2009,4
4689,CNAE-2025,4672,CNAE-2009,4
4689,CNAE-2025,4673,CNAE-2009,4
4689,CNAE-2025,4674,CNAE-2009,4
4689,CNAE-2025,4675,CNAE-2009,4
4689,CNAE-2025,4676,CNAE-2009,4
4689,CNAE-2025,4677,CNAE-2009,4
4689,CNAE-2025,4690,CNAE-2009,4
469,CNAE-2025,469,CNAE-2009,3
4690,CNAE-2025,4690,CNAE-2009,4
47,CNAE-2025,45,CNAE-2009,2
47,CNAE-2025,47,CNAE-2009,2
47,CNAE-2025,82,CNAE-2009,2
471,CNAE-2025,471,CNAE-2009,3
471,CNAE-2025,478,CNAE-2009,3
471,CNAE-2025,479,CNAE-2009,3
4711,CNAE-2025,4711,CNAE-2009,4
4711,CNAE-2025,4781,CNAE-2009,4
4711,CNAE-2025,4791,CNAE-2009,4
4711,CNAE-2025,4799,CNAE-2009,4
4712,CNAE-2025,4719,CNAE-2009,4
4712,CNAE-2025,4782,CNAE-2009,4
4712,CNAE-2025,4789,CNAE-2009,4
4712,CNAE-2025,4791,CNAE-2009,4
4712,CNAE-2025,4799,CNAE-2009,4
472,CNAE-2025,472,CNAE-2009,3
472,CNAE-2025,478,CNAE-2009,3
472,CNAE-2025,479,CNAE-2009,3
4721,CNAE-2025,4721,CNAE-2009,4
4721,CNAE-2025,4781,CNAE-2009,4
4721,CNAE-2025,4791,CNAE-2009,4
4721,CNAE-2025,4799,CNAE-2009,4
4722,CNAE-2025,4722,CNAE-2009,4
4722,CNAE-2025,4781,CNAE-2009,4
4722,CNAE-2025,4791,CNAE-2009,4
4722,CNAE-2025,4799,CNAE-2009,4
4723,CNAE-2025,4723,CNAE-2009,4
4723,CNAE-2025,4781,CNAE-2009,4
4723,CNAE-2025,4791,CNAE-2009,4
4723,CNAE-2025,4799,CNAE-2009,4
4724,CNAE-2025,4724,CNAE-2009,4
4724,CNAE-2025,4781,CNAE-2009,4
4724,CNAE-2025,4791,CNAE-2009,4
4724,CNAE-2025,4799,CNAE-2009,4
4725,CNAE-2025,4725,CNAE-2009,4
4725,CNAE-2025,4781,CNAE-2009,4
4725,CNAE-2025,4791,CNAE-2009,4
4725,CNAE-2025,4799,CNAE-2009,4
4726,CNAE-2025,4726,CNAE-2009,4
4726,CNAE-2025,4781,CNAE-2009,4
4726,CNAE-2025,4791,CNAE-2009,4
4726,CNAE-2025,4799,CNAE-2009,4
4727,CNAE-2025,4729,CNAE-2009,4
4727,CNAE-2025,4781,CNAE-2009,4
4727,CNAE-2025,4791,CNAE-2009,4
4727,CNAE-2025,4799,CNAE-2009,4
473,CNAE-2025,473,CNAE-2009,3
4730,CNAE-2025,4730,CNAE-2009,4
474,CNAE-2025,474,CNAE-2009,3
474,CNAE-2025,478,CNAE-2009,3
474,CNAE-2025,479,CNAE-2009,3
4740,CNAE-2025,4741,CNAE-2009,4
4740,CNAE-2025,4742,CNAE-2009,4
4740,CNAE-2025,4743,CNAE-2009,4
4740,CNAE-2025,4789,CNAE-2009,4
4740,CNAE-2025,4791,CNAE-2009,4
4740,CNAE-2025,4799,CNAE-2009,4
475,CNAE-2025,475,CNAE-2009,3
475,CNAE-2025,477,CNAE-2009,3
475,CNAE-2025,478,CNAE-2009,3
475,CNAE-2025,479,CNAE-2009,3
4751,CNAE-2025,4751,CNAE-2009,4
4751,CNAE-2025,4782,CNAE-2009,4
4751,CNAE-2025,4791,CNAE-2009,4
4751,CNAE-2025,4799,CNAE-2009,4
4752,CNAE-2025,4752,CNAE-2009,4
4752,CNAE-2025,4759,CNAE-2009,4
4752,CNAE-2025,4789,CNAE-2009,4
4752,CNAE-2025,4791,CNAE-2009,4
4752,CNAE-2025,4799,CNAE-2009,4
4753,CNAE-2025,4753,CNAE-2009,4
4753,CNAE-2025,4789,CNAE-2009,4
4753,CNAE-2025,4791,CNAE-2009,4
4753,CNAE-2025,4799,CNAE-2009,4
4754,CNAE-2025,4754,CNAE-2009,4
4754,CNAE-2025,4789,CNAE-2009,4
4754,CNAE-2025,4791,CNAE-2009,4
4754,CNAE-2025,4799,CNAE-2009,4
4755,CNAE-2025,4759,CNAE-2009,4
4755,CNAE-2025,4778,CNAE-2009,4
4755,CNAE-2025,4789,CNAE-2009,4
4755,CNAE-2025,4791,CNAE-2009,4
4755,CNAE-2025,4799,CNAE-2009,4
476,CNAE-2025,475,CNAE-2009,3
476,CNAE-2025,476,CNAE-2009,3
476,CNAE-2025,477,CNAE-2009,3
476,CNAE-2025,478,CNAE-2009,3
476,CNAE-2025,479,CNAE-2009,3
4761,CNAE-2025,4761,CNAE-2009,4
4761,CNAE-2025,4789,CNAE-2009,4
4761,CNAE-2025,4791,CNAE-2009,4
4761,CNAE-2025,4799,CNAE-2009,4
4762,CNAE-2025,4762,CNAE-2009,4
4762,CNAE-2025,4789,CNAE-2009,4
4762,CNAE-2025,4791,CNAE-2009,4
4762,CNAE-2025,4799,CNAE-2009,4
4763,CNAE-2025,4764,CNAE-2009,4
4763,CNAE-2025,4778,CNAE-2009,4
4763,CNAE-2025,4789,CNAE-2009,4
4763,CNAE-2025,4791,CNAE-2009,4
4763,CNAE-2025,4799,CNAE-2009,4
4764,CNAE-2025,4765,CNAE-2009,4
4764,CNAE-2025,4789,CNAE-2009,4
4764,CNAE-2025,4791,CNAE-2009,4
4764,CNAE-2025,4799,CNAE-2009,4
4769,CNAE-2025,4759,CNAE-2009,4
4769,CNAE-2025,4763,CNAE-2009,4
4769,CNAE-2025,4778,CNAE-2009,4
4769,CNAE-2025,4789,CNAE-2009,4
4769,CNAE-2025,4791,CNAE-2009,4
4769,CNAE-2025,4799,CNAE-2009,4
477,CNAE-2025,477,CNAE-2009,3
477,CNAE-2025,478,CNAE-2009,3
477,CNAE-2025,479,CNAE-2009,3
4771,CNAE-2025,4771,CNAE-2009,4
4771,CNAE-2025,4782,CNAE-2009,4
4771,CNAE-2025,4791,CNAE-2009,4
4771,CNAE-2025,4799,CNAE-2009,4
4772,CNAE-2025,4772,CNAE-2009,4
4772,CNAE-2025,4782,CNAE-2009,4
4772,CNAE-2025,4791,CNAE-2009,4
4772,CNAE-2025,4799,CNAE-2009,4
4773,CNAE-2025,4773,CNAE-2009,4
4773,CNAE-2025,4791,CNAE-2009,4
4774,CNAE-2025,4774,CNAE-2009,4
4774,CNAE-2025,4778,CNAE-2009,4
4774,CNAE-2025,4789,CNAE-2009,4
4774,CNAE-2025,4791,CNAE-2009,4
4774,CNAE-2025,4799,CNAE-2009,4
4775,CNAE-2025,4775,CNAE-2009,4
4775,CNAE-2025,4789,CNAE-2009,4
4775,CNAE-2025,4791,CNAE-2009,4
4775,CNAE-2025,4799,CNAE-2009,4
4776,CNAE-2025,4776,CNAE-2009,4
4776,CNAE-2025,4789,CNAE-2009,4
4776,CNAE-2025,4791,CNAE-2009,4
4776,CNAE-2025,4799,CNAE-2009,4
4777,CNAE-2025,4777,CNAE-2009,4
4777,CNAE-2025,4789,CNAE-2009,4
4777,CNAE-2025,4791,CNAE-2009,4
4777,CNAE-2025,4799,CNAE-2009,4
4778,CNAE-2025,4778,CNAE-2009,4
4778,CNAE-2025,4789,CNAE-2009,4
4778,CNAE-2025,4791,CNAE-2009,4
4778,CNAE-2025,4799,CNAE-2009,4
4779,CNAE-2025,4779,CNAE-2009,4
4779,CNAE-2025,4782,CNAE-2009,4
4779,CNAE-2025,4789,CNAE-2009,4
4779,CNAE-2025,4791,CNAE-2009,4
4779,CNAE-2025,4799,CNAE-2009,4
478,CNAE-2025,451,CNAE-2009,3
478,CNAE-2025,453,CNAE-2009,3
478,CNAE-2025,454,CNAE-2009,3
4781,CNAE-2025,4511,CNAE-2009,4
4781,CNAE-2025,4519,CNAE-2009,4
4782,CNAE-2025,4532,CNAE-2009,4
4783,CNAE-2025,4540,CNAE-2009,4
479,CNAE-2025,451,CNAE-2009,3
479,CNAE-2025,453,CNAE-2009,3
479,CNAE-2025,454,CNAE-2009,3
479,CNAE-2025,471,CNAE-2009,3
479,CNAE-2025,472,CNAE-2009,3
479,CNAE-2025,473,CNAE-2009,3
479,CNAE-2025,474,CNAE-2009,3
479,CNAE-2025,475,CNAE-2009,3
479,CNAE-2025,476,CNAE-2009,3
479,CNAE-2025,477,CNAE-2009,3
479,CNAE-2025,479,CNAE-2009,3
479,CNAE-2025,829,CNAE-2009,3
4791,CNAE-2025,4711,CNAE-2009,4
4791,CNAE-2025,4719,CNAE-2009,4
4791,CNAE-2025,4779,CNAE-2009,4
4791,CNAE-2025,4791,CNAE-2009,4
4791,CNAE-2025,4799,CNAE-2009,4
4791,CNAE-2025,8299,CNAE-2009,4
4792,CNAE-2025,4511,CNAE-2009,4
4792,CNAE-2025,4519,CNAE-2009,4
4792,CNAE-2025,4532,CNAE-2009,4
4792,CNAE-2025,4540,CNAE-2009,4
4792,CNAE-2025,4721,CNAE-2009,4
4792,CNAE-2025,4722,CNAE-2009,4
4792,CNAE-2025,4723,CNAE-2009,4
4792,CNAE-2025,4724,CNAE-2009,4
4792,CNAE-2025,4725,CNAE-2009,4
4792,CNAE-2025,4726,CNAE-2009,4
4792,CNAE-2025,4729,CNAE-2009,4
4792,CNAE-2025,4730,CNAE-2009,4
4792,CNAE-2025,4741,CNAE-2009,4
4792,CNAE-2025,4742,CNAE-2009,4
4792,CNAE-2025,4743,CNAE-2009,4
4792,CNAE-2025,4751,CNAE-2009,4
4792,CNAE-2025,4752,CNAE-2009,4
4792,CNAE-2025,4753,CNAE-2009,4
4792,CNAE-2025,4754,CNAE-2009,4
4792,CNAE-2025,4759,CNAE-2009,4
4792,CNAE-2025,4761,CNAE-2009,4
4792,CNAE-2025,4762,CNAE-2009,4
4792,CNAE-2025,4763,CNAE-2009,4
4792,CNAE-2025,4764,CNAE-2009,4
4792,CNAE-2025,4765,CNAE-2009,4
4792,CNAE-2025,4771,CNAE-2009,4
4792,CNAE-2025,4772,CNAE-2009,4
4792,CNAE-2025,4773,CNAE-2009,4
4792,CNAE-2025,4774,CNAE-2009,4
4792,CNAE-2025,4775,CNAE-2009,4
4792,CNAE-2025,4776,CNAE-2009,4
4792,CNAE-2025,4777,CNAE-2009,4
4792,CNAE-2025,4778,CNAE-2009,4
4792,CNAE-2025,4779,CNAE-2009,4
4792,CNAE-2025,4791,CNAE-2009,4
4792,CNAE-2025,4799,CNAE-2009,4
4792,CNAE-2025,8299,CNAE-2009,4
H,CNAE-2025,H,CNAE-2009,1
H,CNAE-2025,N,CNAE-2009,1
H,CNAE-2025,S,CNAE-2009,1
49,CNAE-2025,49,CNAE-2009,2
491,CNAE-2025,491,CNAE-2009,3
491,CNAE-2025,493,CNAE-2009,3
4911,CNAE-2025,4910,CNAE-2009,4
4912,CNAE-2025,4910,CNAE-2009,4
4912,CNAE-2025,4931,CNAE-2009,4
492,CNAE-2025,492,CNAE-2009,3
4920,CNAE-2025,4920,CNAE-2009,4
493,CNAE-2025,493,CNAE-2009,3
4931,CNAE-2025,4931,CNAE-2009,4
4931,CNAE-2025,4939,CNAE-2009,4
4932,CNAE-2025,4939,CNAE-2009,4
4933,CNAE-2025,4932,CNAE-2009,4
4934,CNAE-2025,4931,CNAE-2009,4
4934,CNAE-2025,4939,CNAE-2009,4
4939,CNAE-2025,4939,CNAE-2009,4
494,CNAE-2025,494,CNAE-2009,3
4941,CNAE-2025,4941,CNAE-2009,4
4942,CNAE-2025,4942,CNAE-2009,4
495,CNAE-2025,495,CNAE-2009,3
4950,CNAE-2025,4950,CNAE-2009,4
50,CNAE-2025,50,CNAE-2009,2
501,CNAE-2025,501,CNAE-2009,3
5010,CNAE-2025,5010,CNAE-2009,4
502,CNAE-2025,502,CNAE-2009,3
5020,CNAE-2025,5020,CNAE-2009,4
503,CNAE-2025,503,CNAE-2009,3
5030,CNAE-2025,5030,CNAE-2009,4
504,CNAE-2025,504,CNAE-2009,3
5040,CNAE-2025,5040,CNAE-2009,4
51,CNAE-2025,51,CNAE-2009,2
511,CNAE-2025,511,CNAE-2009,3
5110,CNAE-2025,5110,CNAE-2009,4
512,CNAE-2025,512,CNAE-2009,3
5121,CNAE-2025,5121,CNAE-2009,4
5122,CNAE-2025,5122,CNAE-2009,4
52,CNAE-2025,49,CNAE-2009,2
52,CNAE-2025,52,CNAE-2009,2
52,CNAE-2025,79,CNAE-2009,2
521,CNAE-2025,521,CNAE-2009,3
5210,CNAE-2025,5210,CNAE-2009,4
522,CNAE-2025,494,CNAE-2009,3
522,CNAE-2025,522,CNAE-2009,3
5221,CNAE-2025,5221,CNAE-2009,4
5222,CNAE-2025,5222,CNAE-2009,4
5223,CNAE-2025,5223,CNAE-2009,4
5224,CNAE-2025,4941,CNAE-2009,4
5224,CNAE-2025,5224,CNAE-2009,4
5225,CNAE-2025,5229,CNAE-2009,4
5226,CNAE-2025,5229,CNAE-2009,4
523,CNAE-2025,493,CNAE-2009,3
523,CNAE-2025,522,CNAE-2009,3
523,CNAE-2025,791,CNAE-2009,3
523,CNAE-2025,799,CNAE-2009,3
5231,CNAE-2025,5229,CNAE-2009,4
5232,CNAE-2025,4932,CNAE-2009,4
5232,CNAE-2025,5229,CNAE-2009,4
5232,CNAE-2025,7911,CNAE-2009,4
5232,CNAE-2025,7990,CNAE-2009,4
53,CNAE-2025,53,CNAE-2009,2
53,CNAE-2025,82,CNAE-2009,2
53,CNAE-2025,96,CNAE-2009,2
531,CNAE-2025,531,CNAE-2009,3
5310,CNAE-2025,5310,CNAE-2009,4
532,CNAE-2025,532,CNAE-2009,3
532,CNAE-2025,960,CNAE-2009,3
5320,CNAE-2025,5320,CNAE-2009,4
5320,CNAE-2025,9601,CNAE-2009,4
533,CNAE-2025,829,CNAE-2009,3
5330,CNAE-2025,8299,CNAE-2009,4
I,CNAE-2025,I,CNAE-2009,1
I,CNAE-2025,L,CNAE-2009,1
I,CNAE-2025,N,CNAE-2009,1
55,CNAE-2025,55,CNAE-2009,2
55,CNAE-2025,68,CNAE-2009,2
55,CNAE-2025,79,CNAE-2009,2
551,CNAE-2025,551,CNAE-2009,3
5510,CNAE-2025,5510,CNAE-2009,4
552,CNAE-2025,552,CNAE-2009,3
5520,CNAE-2025,5520,CNAE-2009,4
553,CNAE-2025,553,CNAE-2009,3
5530,CNAE-2025,5530,CNAE-2009,4
554,CNAE-2025,791,CNAE-2009,3
554,CNAE-2025,799,CNAE-2009,3
5540,CNAE-2025,7911,CNAE-2009,4
5540,CNAE-2025,7990,CNAE-2009,4
559,CNAE-2025,559,CNAE-2009,3
559,CNAE-2025,682,CNAE-2009,3
5590,CNAE-2025,5590,CNAE-2009,4
5590,CNAE-2025,6820,CNAE-2009,4
56,CNAE-2025,56,CNAE-2009,2
56,CNAE-2025,79,CNAE-2009,2
561,CNAE-2025,561,CNAE-2009,3
5611,CNAE-2025,5610,CNAE-2009,4
5612,CNAE-2025,5610,CNAE-2009,4
562,CNAE-2025,562,CNAE-2009,3
5621,CNAE-2025,5621,CNAE-2009,4
5622,CNAE-2025,5629,CNAE-2009,4
563,CNAE-2025,563,CNAE-2009,3
5630,CNAE-2025,5630,CNAE-2009,4
564,CNAE-2025,799,CNAE-2009,3
5640,CNAE-2025,7990,CNAE-2009,4
J,CNAE-2025,G,CNAE-2009,1
J,CNAE-2025,J,CNAE-2009,1
58,CNAE-2025,58,CNAE-2009,2
581,CNAE-2025,581,CNAE-2009,3
5811,CNAE-2025,5811,CNAE-2009,4
5812,CNAE-2025,5813,CNAE-2009,4
5813,CNAE-2025,5814,CNAE-2009,4
5819,CNAE-2025,5812,CNAE-2009,4
5819,CNAE-2025,5819,CNAE-2009,4
582,CNAE-2025,582,CNAE-2009,3
5821,CNAE-2025,5821,CNAE-2009,4
5829,CNAE-2025,5829,CNAE-2009,4
59,CNAE-2025,59,CNAE-2009,2
591,CNAE-2025,591,CNAE-2009,3
5912,CNAE-2025,5912,CNAE-2009,4
5914,CNAE-2025,5914,CNAE-2009,4
5915,CNAE-2025,5915,CNAE-2009,4
5916,CNAE-2025,5916,CNAE-2009,4
5917,CNAE-2025,5917,CNAE-2009,4
5918,CNAE-2025,5918,CNAE-2009,4
592,CNAE-2025,592,CNAE-2009,3
5920,CNAE-2025,5920,CNAE-2009,4
60,CNAE-2025,47,CNAE-2009,2
60,CNAE-2025,60,CNAE-2009,2
60,CNAE-2025,63,CNAE-2009,2
601,CNAE-2025,601,CNAE-2009,3
6010,CNAE-2025,6010,CNAE-2009,4
602,CNAE-2025,602,CNAE-2009,3
602,CNAE-2025,631,CNAE-2009,3
6020,CNAE-2025,6020,CNAE-2009,4
6020,CNAE-2025,6311,CNAE-2009,4
603,CNAE-2025,479,CNAE-2009,3
603,CNAE-2025,631,CNAE-2009,3
603,CNAE-2025,639,CNAE-2009,3
6031,CNAE-2025,6391,CNAE-2009,4
6039,CNAE-2025,4791,CNAE-2009,4
6039,CNAE-2025,6311,CNAE-2009,4
6039,CNAE-2025,6312,CNAE-2009,4
K,CNAE-2025,H,CNAE-2009,1
K,CNAE-2025,J,CNAE-2009,1
K,CNAE-2025,N,CNAE-2009,1
61,CNAE-2025,61,CNAE-2009,2
61,CNAE-2025,82,CNAE-2009,2
611,CNAE-2025,611,CNAE-2009,3
611,CNAE-2025,612,CNAE-2009,3
611,CNAE-2025,613,CNAE-2009,3
6110,CNAE-2025,6110,CNAE-2009,4
6110,CNAE-2025,6120,CNAE-2009,4
6110,CNAE-2025,6130,CNAE-2009,4
612,CNAE-2025,619,CNAE-2009,3
612,CNAE-2025,829,CNAE-2009,3
6120,CNAE-2025,6190,CNAE-2009,4
6120,CNAE-2025,8299,CNAE-2009,4
619,CNAE-2025,612,CNAE-2009,3
619,CNAE-2025,619,CNAE-2009,3
6190,CNAE-2025,6120,CNAE-2009,4
6190,CNAE-2025,6190,CNAE-2009,4
62,CNAE-2025,62,CNAE-2009,2
621,CNAE-2025,620,CNAE-2009,3
6210,CNAE-2025,6201,CNAE-2009,4
622,CNAE-2025,620,CNAE-2009,3
6220,CNAE-2025,6202,CNAE-2009,4
6220,CNAE-2025,6203,CNAE-2009,4
629,CNAE-2025,620,CNAE-2009,3
6290,CNAE-2025,6209,CNAE-2009,4
63,CNAE-2025,52,CNAE-2009,2
63,CNAE-2025,63,CNAE-2009,2
631,CNAE-2025,521,CNAE-2009,3
631,CNAE-2025,631,CNAE-2009,3
6310,CNAE-2025,5210,CNAE-2009,4
6310,CNAE-2025,6311,CNAE-2009,4
639,CNAE-2025,631,CNAE-2009,3
639,CNAE-2025,639,CNAE-2009,3
6391,CNAE-2025,6312,CNAE-2009,4
6392,CNAE-2025,6399,CNAE-2009,4
L,CNAE-2025,K,CNAE-2009,1
64,CNAE-2025,64,CNAE-2009,2
641,CNAE-2025,641,CNAE-2009,3
6411,CNAE-2025,6411,CNAE-2009,4
6419,CNAE-2025,6419,CNAE-2009,4
642,CNAE-2025,642,CNAE-2009,3
642,CNAE-2025,649,CNAE-2009,3
6421,CNAE-2025,6420,CNAE-2009,4
6422,CNAE-2025,6420,CNAE-2009,4
6422,CNAE-2025,6499,CNAE-2009,4
643,CNAE-2025,643,CNAE-2009,3
6431,CNAE-2025,6430,CNAE-2009,4
6432,CNAE-2025,6430,CNAE-2009,4
649,CNAE-2025,649,CNAE-2009,3
6491,CNAE-2025,6491,CNAE-2009,4
6492,CNAE-2025,6492,CNAE-2009,4
6492,CNAE-2025,6499,CNAE-2009,4
6499,CNAE-2025,6499,CNAE-2009,4
65,CNAE-2025,65,CNAE-2009,2
651,CNAE-2025,651,CNAE-2009,3
6511,CNAE-2025,6511,CNAE-2009,4
6512,CNAE-2025,6512,CNAE-2009,4
652,CNAE-2025,652,CNAE-2009,3
6520,CNAE-2025,6520,CNAE-2009,4
653,CNAE-2025,653,CNAE-2009,3
6530,CNAE-2025,6530,CNAE-2009,4
66,CNAE-2025,66,CNAE-2009,2
661,CNAE-2025,661,CNAE-2009,3
6611,CNAE-2025,6611,CNAE-2009,4
6613,CNAE-2025,6612,CNAE-2009,4
6614,CNAE-2025,6612,CNAE-2009,4
6619,CNAE-2025,6619,CNAE-2009,4
662,CNAE-2025,662,CNAE-2009,3
6621,CNAE-2025,6621,CNAE-2009,4
6622,CNAE-2025,6622,CNAE-2009,4
6629,CNAE-2025,6629,CNAE-2009,4
663,CNAE-2025,661,CNAE-2009,3
663,CNAE-2025,663,CNAE-2009,3
6630,CNAE-2025,6619,CNAE-2009,4
6630,CNAE-2025,6630,CNAE-2009,4
M,CNAE-2025,F,CNAE-2009,1
M,CNAE-2025,L,CNAE-2009,1
M,CNAE-2025,N,CNAE-2009,1
68,CNAE-2025,41,CNAE-2009,2
68,CNAE-2025,42,CNAE-2009,2
68,CNAE-2025,68,CNAE-2009,2
68,CNAE-2025,82,CNAE-2009,2
681,CNAE-2025,411,CNAE-2009,3
681,CNAE-2025,429,CNAE-2009,3
681,CNAE-2025,681,CNAE-2009,3
6811,CNAE-2025,6810,CNAE-2009,4
6812,CNAE-2025,4110,CNAE-2009,4
6812,CNAE-2025,4299,CNAE-2009,4
682,CNAE-2025,682,CNAE-2009,3
682,CNAE-2025,821,CNAE-2009,3
6820,CNAE-2025,6820,CNAE-2009,4
6820,CNAE-2025,8211,CNAE-2009,4
683,CNAE-2025,683,CNAE-2009,3
6831,CNAE-2025,6831,CNAE-2009,4
6832,CNAE-2025,6831,CNAE-2009,4
6832,CNAE-2025,6832,CNAE-2009,4
N,CNAE-2025,M,CNAE-2009,1
69,CNAE-2025,69,CNAE-2009,2
691,CNAE-2025,691,CNAE-2009,3
6910,CNAE-2025,6910,CNAE-2009,4
692,CNAE-2025,692,CNAE-2009,3
6920,CNAE-2025,6920,CNAE-2009,4
70,CNAE-2025,70,CNAE-2009,2
701,CNAE-2025,701,CNAE-2009,3
7010,CNAE-2025,7010,CNAE-2009,4
702,CNAE-2025,702,CNAE-2009,3
7020,CNAE-2025,7022,CNAE-2009,4
71,CNAE-2025,71,CNAE-2009,2
711,CNAE-2025,711,CNAE-2009,3
7111,CNAE-2025,7111,CNAE-2009,4
7112,CNAE-2025,7112,CNAE-2009,4
712,CNAE-2025,712,CNAE-2009,3
7120,CNAE-2025,7120,CNAE-2009,4
72,CNAE-2025,72,CNAE-2009,2
721,CNAE-2025,721,CNAE-2009,3
7210,CNAE-2025,7211,CNAE-2009,4
7210,CNAE-2025,7219,CNAE-2009,4
722,CNAE-2025,722,CNAE-2009,3
7220,CNAE-2025,7220,CNAE-2009,4
73,CNAE-2025,70,CNAE-2009,2
73,CNAE-2025,73,CNAE-2009,2
731,CNAE-2025,731,CNAE-2009,3
7311,CNAE-2025,7311,CNAE-2009,4
7312,CNAE-2025,7312,CNAE-2009,4
732,CNAE-2025,732,CNAE-2009,3
7320,CNAE-2025,7320,CNAE-2009,4
733,CNAE-2025,702,CNAE-2009,3
7330,CNAE-2025,7021,CNAE-2009,4
74,CNAE-2025,74,CNAE-2009,2
741,CNAE-2025,741,CNAE-2009,3
7411,CNAE-2025,7410,CNAE-2009,4
7412,CNAE-2025,7410,CNAE-2009,4
7413,CNAE-2025,7410,CNAE-2009,4
7414,CNAE-2025,7410,CNAE-2009,4
742,CNAE-2025,742,CNAE-2009,3
7420,CNAE-2025,7420,CNAE-2009,4
743,CNAE-2025,743,CNAE-2009,3
7430,CNAE-2025,7430,CNAE-2009,4
749,CNAE-2025,749,CNAE-2009,3
7491,CNAE-2025,7490,CNAE-2009,4
7499,CNAE-2025,7490,CNAE-2009,4
75,CNAE-2025,75,CNAE-2009,2
750,CNAE-2025,750,CNAE-2009,3
7500,CNAE-2025,7500,CNAE-2009,4
O,CNAE-2025,F,CNAE-2009,1
O,CNAE-2025,M,CNAE-2009,1
O,CNAE-2025,N,CNAE-2009,1
77,CNAE-2025,77,CNAE-2009,2
77,CNAE-2025,79,CNAE-2009,2
77,CNAE-2025,82,CNAE-2009,2
771,CNAE-2025,771,CNAE-2009,3
771,CNAE-2025,773,CNAE-2009,3
7711,CNAE-2025,7711,CNAE-2009,4
7711,CNAE-2025,7712,CNAE-2009,4
7711,CNAE-2025,7739,CNAE-2009,4
7712,CNAE-2025,7712,CNAE-2009,4
7712,CNAE-2025,7739,CNAE-2009,4
772,CNAE-2025,772,CNAE-2009,3
7721,CNAE-2025,7721,CNAE-2009,4
7722,CNAE-2025,7722,CNAE-2009,4
7722,CNAE-2025,7729,CNAE-2009,4
773,CNAE-2025,773,CNAE-2009,3
7731,CNAE-2025,7731,CNAE-2009,4
7732,CNAE-2025,7732,CNAE-2009,4
7733,CNAE-2025,7733,CNAE-2009,4
7734,CNAE-2025,7734,CNAE-2009,4
7735,CNAE-2025,7735,CNAE-2009,4
7739,CNAE-2025,7739,CNAE-2009,4
774,CNAE-2025,774,CNAE-2009,3
7740,CNAE-2025,7740,CNAE-2009,4
775,CNAE-2025,791,CNAE-2009,3
775,CNAE-2025,799,CNAE-2009,3
775,CNAE-2025,829,CNAE-2009,3
7751,CNAE-2025,7911,CNAE-2009,4
7751,CNAE-2025,7990,CNAE-2009,4
7751,CNAE-2025,8299,CNAE-2009,4
7752,CNAE-2025,8299,CNAE-2009,4
78,CNAE-2025,78,CNAE-2009,2
781,CNAE-2025,781,CNAE-2009,3
7810,CNAE-2025,7810,CNAE-2009,4
782,CNAE-2025,782,CNAE-2009,3
782,CNAE-2025,783,CNAE-2009,3
7820,CNAE-2025,7820,CNAE-2009,4
7820,CNAE-2025,7830,CNAE-2009,4
79,CNAE-2025,79,CNAE-2009,2
791,CNAE-2025,791,CNAE-2009,3
7911,CNAE-2025,7911,CNAE-2009,4
7912,CNAE-2025,7912,CNAE-2009,4
799,CNAE-2025,799,CNAE-2009,3
7990,CNAE-2025,7990,CNAE-2009,4
80,CNAE-2025,74,CNAE-2009,2
80,CNAE-2025,80,CNAE-2009,2
800,CNAE-2025,749,CNAE-2009,3
800,CNAE-2025,801,CNAE-2009,3
800,CNAE-2025,802,CNAE-2009,3
800,CNAE-2025,803,CNAE-2009,3
8001,CNAE-2025,8010,CNAE-2009,4
8001,CNAE-2025,8030,CNAE-2009,4
8009,CNAE-2025,7490,CNAE-2009,4
8009,CNAE-2025,8020,CNAE-2009,4
81,CNAE-2025,43,CNAE-2009,2
81,CNAE-2025,81,CNAE-2009,2
811,CNAE-2025,811,CNAE-2009,3
8110,CNAE-2025,8110,CNAE-2009,4
812,CNAE-2025,433,CNAE-2009,3
812,CNAE-2025,439,CNAE-2009,3
812,CNAE-2025,812,CNAE-2009,3
8121,CNAE-2025,8121,CNAE-2009,4
8122,CNAE-2025,4339,CNAE-2009,4
8122,CNAE-2025,4399,CNAE-2009,4
8122,CNAE-2025,8122,CNAE-2009,4
8123,CNAE-2025,8129,CNAE-2009,4
813,CNAE-2025,813,CNAE-2009,3
8130,CNAE-2025,8130,CNAE-2009,4
82,CNAE-2025,79,CNAE-2009,2
82,CNAE-2025,82,CNAE-2009,2
821,CNAE-2025,821,CNAE-2009,3
8210,CNAE-2025,8211,CNAE-2009,4
8210,CNAE-2025,8219,CNAE-2009,4
822,CNAE-2025,822,CNAE-2009,3
8220,CNAE-2025,8220,CNAE-2009,4
823,CNAE-2025,823,CNAE-2009,3
8230,CNAE-2025,8230,CNAE-2009,4
824,CNAE-2025,799,CNAE-2009,3
824,CNAE-2025,829,CNAE-2009,3
8240,CNAE-2025,7990,CNAE-2009,4
8240,CNAE-2025,8299,CNAE-2009,4
829,CNAE-2025,829,CNAE-2009,3
8291,CNAE-2025,8291,CNAE-2009,4
8291,CNAE-2025,8299,CNAE-2009,4
8292,CNAE-2025,8292,CNAE-2009,4
8299,CNAE-2025,8299,CNAE-2009,4
P,CNAE-2025,O,CNAE-2009,1
P,CNAE-2025,R,CNAE-2009,1
84,CNAE-2025,84,CNAE-2009,2
84,CNAE-2025,93,CNAE-2009,2
841,CNAE-2025,841,CNAE-2009,3
8411,CNAE-2025,8411,CNAE-2009,4
8412,CNAE-2025,8412,CNAE-2009,4
8413,CNAE-2025,8413,CNAE-2009,4
842,CNAE-2025,842,CNAE-2009,3
842,CNAE-2025,932,CNAE-2009,3
8421,CNAE-2025,8421,CNAE-2009,4
8422,CNAE-2025,8422,CNAE-2009,4
8423,CNAE-2025,8423,CNAE-2009,4
8424,CNAE-2025,8424,CNAE-2009,4
8425,CNAE-2025,8425,CNAE-2009,4
8425,CNAE-2025,9329,CNAE-2009,4
843,CNAE-2025,843,CNAE-2009,3
8430,CNAE-2025,8430,CNAE-2009,4
Q,CNAE-2025,N,CNAE-2009,1
Q,CNAE-2025,P,CNAE-2009,1
Q,CNAE-2025,Q,CNAE-2009,1
85,CNAE-2025,82,CNAE-2009,2
85,CNAE-2025,85,CNAE-2009,2
85,CNAE-2025,88,CNAE-2009,2
851,CNAE-2025,851,CNAE-2009,3
851,CNAE-2025,889,CNAE-2009,3
8510,CNAE-2025,8510,CNAE-2009,4
8510,CNAE-2025,8891,CNAE-2009,4
852,CNAE-2025,852,CNAE-2009,3
8520,CNAE-2025,8520,CNAE-2009,4
853,CNAE-2025,853,CNAE-2009,3
853,CNAE-2025,854,CNAE-2009,3
8531,CNAE-2025,8531,CNAE-2009,4
8532,CNAE-2025,8532,CNAE-2009,4
8533,CNAE-2025,8541,CNAE-2009,4
854,CNAE-2025,854,CNAE-2009,3
8541,CNAE-2025,8543,CNAE-2009,4
8542,CNAE-2025,8544,CNAE-2009,4
855,CNAE-2025,855,CNAE-2009,3
8551,CNAE-2025,8551,CNAE-2009,4
8552,CNAE-2025,8552,CNAE-2009,4
8553,CNAE-2025,8553,CNAE-2009,4
8559,CNAE-2025,8559,CNAE-2009,4
856,CNAE-2025,829,CNAE-2009,3
856,CNAE-2025,856,CNAE-2009,3
8561,CNAE-2025,8299,CNAE-2009,4
8569,CNAE-2025,8560,CNAE-2009,4
R,CNAE-2025,N,CNAE-2009,1
R,CNAE-2025,Q,CNAE-2009,1
86,CNAE-2025,82,CNAE-2009,2
86,CNAE-2025,86,CNAE-2009,2
861,CNAE-2025,861,CNAE-2009,3
8610,CNAE-2025,8610,CNAE-2009,4
862,CNAE-2025,862,CNAE-2009,3
8621,CNAE-2025,8621,CNAE-2009,4
8622,CNAE-2025,8622,CNAE-2009,4
8623,CNAE-2025,8623,CNAE-2009,4
869,CNAE-2025,829,CNAE-2009,3
869,CNAE-2025,869,CNAE-2009,3
8691,CNAE-2025,8690,CNAE-2009,4
8692,CNAE-2025,8690,CNAE-2009,4
8693,CNAE-2025,8690,CNAE-2009,4
8694,CNAE-2025,8690,CNAE-2009,4
8695,CNAE-2025,8690,CNAE-2009,4
8696,CNAE-2025,8690,CNAE-2009,4
8697,CNAE-2025,8299,CNAE-2009,4
8699,CNAE-2025,8690,CNAE-2009,4
87,CNAE-2025,82,CNAE-2009,2
87,CNAE-2025,87,CNAE-2009,2
871,CNAE-2025,871,CNAE-2009,3
8710,CNAE-2025,8710,CNAE-2009,4
872,CNAE-2025,872,CNAE-2009,3
8720,CNAE-2025,8720,CNAE-2009,4
873,CNAE-2025,873,CNAE-2009,3
8731,CNAE-2025,8731,CNAE-2009,4
8732,CNAE-2025,8732,CNAE-2009,4
879,CNAE-2025,829,CNAE-2009,3
879,CNAE-2025,879,CNAE-2009,3
8791,CNAE-2025,8299,CNAE-2009,4
8799,CNAE-2025,8790,CNAE-2009,4
88,CNAE-2025,88,CNAE-2009,2
881,CNAE-2025,881,CNAE-2009,3
8811,CNAE-2025,8811,CNAE-2009,4
8812,CNAE-2025,8812,CNAE-2009,4
889,CNAE-2025,889,CNAE-2009,3
8891,CNAE-2025,8891,CNAE-2009,4
8899,CNAE-2025,8899,CNAE-2009,4
S,CNAE-2025,C,CNAE-2009,1
S,CNAE-2025,F,CNAE-2009,1
S,CNAE-2025,N,CNAE-2009,1
S,CNAE-2025,P,CNAE-2009,1
S,CNAE-2025,R,CNAE-2009,1
90,CNAE-2025,90,CNAE-2009,2
901,CNAE-2025,900,CNAE-2009,3
9011,CNAE-2025,9003,CNAE-2009,4
9012,CNAE-2025,9003,CNAE-2009,4
9013,CNAE-2025,9003,CNAE-2009,4
902,CNAE-2025,900,CNAE-2009,3
9020,CNAE-2025,9001,CNAE-2009,4
903,CNAE-2025,900,CNAE-2009,3
9031,CNAE-2025,9004,CNAE-2009,4
9039,CNAE-2025,9002,CNAE-2009,4
91,CNAE-2025,33,CNAE-2009,2
91,CNAE-2025,41,CNAE-2009,2
91,CNAE-2025,90,CNAE-2009,2
91,CNAE-2025,91,CNAE-2009,2
911,CNAE-2025,910,CNAE-2009,3
9111,CNAE-2025,9105,CNAE-2009,4
9112,CNAE-2025,9106,CNAE-2009,4
912,CNAE-2025,910,CNAE-2009,3
9121,CNAE-2025,9102,CNAE-2009,4
9122,CNAE-2025,9103,CNAE-2009,4
913,CNAE-2025,331,CNAE-2009,3
913,CNAE-2025,412,CNAE-2009,3
913,CNAE-2025,900,CNAE-2009,3
9130,CNAE-2025,3319,CNAE-2009,4
9130,CNAE-2025,4121,CNAE-2009,4
9130,CNAE-2025,4122,CNAE-2009,4
9130,CNAE-2025,9003,CNAE-2009,4
914,CNAE-2025,910,CNAE-2009,3
9141,CNAE-2025,9104,CNAE-2009,4
9142,CNAE-2025,9104,CNAE-2009,4
92,CNAE-2025,92,CNAE-2009,2
920,CNAE-2025,920,CNAE-2009,3
9200,CNAE-2025,9200,CNAE-2009,4
93,CNAE-2025,82,CNAE-2009,2
93,CNAE-2025,85,CNAE-2009,2
93,CNAE-2025,93,CNAE-2009,2
931,CNAE-2025,855,CNAE-2009,3
931,CNAE-2025,931,CNAE-2009,3
931,CNAE-2025,932,CNAE-2009,3
9311,CNAE-2025,9311,CNAE-2009,4
9311,CNAE-2025,9329,CNAE-2009,4
9312,CNAE-2025,9311,CNAE-2009,4
9312,CNAE-2025,9312,CNAE-2009,4
9312,CNAE-2025,9329,CNAE-2009,4
9313,CNAE-2025,8551,CNAE-2009,4
9313,CNAE-2025,9313,CNAE-2009,4
9319,CNAE-2025,9319,CNAE-2009,4
9319,CNAE-2025,9329,CNAE-2009,4
932,CNAE-2025,823,CNAE-2009,3
932,CNAE-2025,931,CNAE-2009,3
932,CNAE-2025,932,CNAE-2009,3
9321,CNAE-2025,9321,CNAE-2009,4
9329,CNAE-2025,8230,CNAE-2009,4
9329,CNAE-2025,9311,CNAE-2009,4
9329,CNAE-2025,9319,CNAE-2009,4
9329,CNAE-2025,9321,CNAE-2009,4
9329,CNAE-2025,9329,CNAE-2009,4
T,CNAE-2025,G,CNAE-2009,1
T,CNAE-2025,N,CNAE-2009,1
T,CNAE-2025,S,CNAE-2009,1
94,CNAE-2025,94,CNAE-2009,2
941,CNAE-2025,941,CNAE-2009,3
9411,CNAE-2025,9411,CNAE-2009,4
9412,CNAE-2025,9412,CNAE-2009,4
942,CNAE-2025,942,CNAE-2009,3
9420,CNAE-2025,9420,CNAE-2009,4
949,CNAE-2025,949,CNAE-2009,3
9491,CNAE-2025,9491,CNAE-2009,4
9492,CNAE-2025,9492,CNAE-2009,4
9499,CNAE-2025,9499,CNAE-2009,4
95,CNAE-2025,45,CNAE-2009,2
95,CNAE-2025,82,CNAE-2009,2
95,CNAE-2025,95,CNAE-2009,2
951,CNAE-2025,951,CNAE-2009,3
9510,CNAE-2025,9511,CNAE-2009,4
9510,CNAE-2025,9512,CNAE-2009,4
952,CNAE-2025,952,CNAE-2009,3
9521,CNAE-2025,9521,CNAE-2009,4
9522,CNAE-2025,9522,CNAE-2009,4
9523,CNAE-2025,9523,CNAE-2009,4
9524,CNAE-2025,9524,CNAE-2009,4
9525,CNAE-2025,9525,CNAE-2009,4
9529,CNAE-2025,9529,CNAE-2009,4
953,CNAE-2025,452,CNAE-2009,3
953,CNAE-2025,454,CNAE-2009,3
9531,CNAE-2025,4520,CNAE-2009,4
9532,CNAE-2025,4540,CNAE-2009,4
954,CNAE-2025,829,CNAE-2009,3
9540,CNAE-2025,8299,CNAE-2009,4
96,CNAE-2025,81,CNAE-2009,2
96,CNAE-2025,82,CNAE-2009,2
96,CNAE-2025,96,CNAE-2009,2
961,CNAE-2025,960,CNAE-2009,3
9610,CNAE-2025,9601,CNAE-2009,4
962,CNAE-2025,960,CNAE-2009,3
9621,CNAE-2025,9602,CNAE-2009,4
9622,CNAE-2025,9602,CNAE-2009,4
9623,CNAE-2025,9604,CNAE-2009,4
963,CNAE-2025,960,CNAE-2009,3
9630,CNAE-2025,9603,CNAE-2009,4
964,CNAE-2025,829,CNAE-2009,3
9640,CNAE-2025,8299,CNAE-2009,4
969,CNAE-2025,812,CNAE-2009,3
969,CNAE-2025,960,CNAE-2009,3
9691,CNAE-2025,8121,CNAE-2009,4
9691,CNAE-2025,9601,CNAE-2009,4
9699,CNAE-2025,9609,CNAE-2009,4
U,CNAE-2025,T,CNAE-2009,1
97,CNAE-2025,97,CNAE-2009,2
970,CNAE-2025,970,CNAE-2009,3
9700,CNAE-2025,9700,CNAE-2009,4
98,CNAE-2025,98,CNAE-2009,2
981,CNAE-2025,981,CNAE-2009,3
9810,CNAE-2025,9810,CNAE-2009,4
982,CNAE-2025,982,CNAE-2009,3
9820,CNAE-2025,9820,CNAE-2009,4
V,CNAE-2025,U,CNAE-2009,1
99,CNAE-2025,99,CNAE-2009,2
990,CNAE-2025,990,CNAE-2009,3
9900,CNAE-2025,9900,CNAE-2009,4
