codigo,version,descripcion,nivel,codigo_padre
A,CNAE-2009,"Agricultura, ganadería, silvicultura y pesca",1,
B,CNAE-2009,Industrias extractivas,1,
C,CNAE-2009,Industria manufacturera,1,
D,CNAE-2009,"Suministro de energía eléctrica, gas, vapor y aire acondicionado",1,
E,CNAE-2009,"Suministro de agua, actividades de saneamiento, gestión de residuos y descontaminación",1,
F,CNAE-2009,Construcción,1,
G,CNAE-2009,Comercio al por mayor y al por menor; reparación de vehículos de motor y motocicletas,1,
H,CNAE-2009,Transporte y almacenamiento,1,
I,CNAE-2009,Hostelería,1,
J,CNAE-2009,Información y comunicaciones,1,
K,CNAE-2009,Actividades financieras y de seguros,1,
L,CNAE-2009,Actividades inmobiliarias,1,
M,CNAE-2009,"Actividades profesionales, científicas y técnicas",1,
N,CNAE-2009,Actividades administrativas y servicios auxliares,1,
O,CNAE-2009,Administración Pública y defensa; Seguridad Social obligatoria,1,
P,CNAE-2009,Educación,1,
Q,CNAE-2009,Actividades sanitarias y de servicios sociales,1,
R,CNAE-2009,"Actividades artísticas, recreativas y de entrenimiento",1,
S,CNAE-2009,Otros servicios,1,
T,CNAE-2009,Actividades de los hogares como empleadores de personal doméstico; actividades de los hogares como productores de bienes y servicios para uso propio,1,
U,CNAE-2009,Actividades de organizaciones y organismos extraterritoriales,1,
01,CNAE-2009,"Agricultura, ganadería, caza y servicios relacionados con las mismas",2,A
02,CNAE-2009,Silvicultura y explotación forestal,2,A
03,CNAE-2009,Pesca y acuicultura,2,A
05,CNAE-2009,"Extracción de antracita, hulla y lignito",2,B
06,CNAE-2009,Extracción de crudo de petróleo y gas natural,2,B
07,CNAE-2009,Extracción de minerales metálicos,2,B
08,CNAE-2009,Otras industrias extractivas,2,B
09,CNAE-2009,Actividades de apoyo a las industrias extractivas,2,B
10,CNAE-2009,Industria de la alimentación,2,C
11,CNAE-2009,Fabricación de bebidas,2,C
12,CNAE-2009,Industria del tabaco,2,C
13,CNAE-2009,Industria textil,2,C
14,CNAE-2009,Confección de prendas de vestir,2,C
15,CNAE-2009,Industria del cuero y del calzado,2,C
16,CNAE-2009,"Industria de la madera y del corcho, excepto muebles; cestería y espartería",2,C
17,CNAE-2009,Industria del papel,2,C
18,CNAE-2009,Artes gráficas y reproducción de soportes grabados,2,C
19,CNAE-2009,Coquerías y refino de petróleo,2,C
20,CNAE-2009,Industria química,2,C
21,CNAE-2009,Fabricación de productos farmacéuticos,2,C
22,CNAE-2009,Fabricación de productos de caucho y plásticos,2,C
23,CNAE-2009,Fabricación de otros productos minerales no metálicos,2,C
24,CNAE-2009,"Metalurgia; fabricación de productos de hierro, acero y ferroaleaciones",2,C
25,CNAE-2009,"Fabricación de productos metálicos, excepto maquinaria y equipo",2,C
26,CNAE-2009,"Fabricación de productos informáticos, electrónicos y ópticos",2,C
27,CNAE-2009,Fabricación de material y equipo eléctrico,2,C
28,CNAE-2009,Fabricación de maquinaria y equipo n.c.o.p.,2,C
29,CNAE-2009,"Fabricación de vehículos de motor, remolques y semirremolques",2,C
30,CNAE-2009,Fabricación de otro material de transporte,2,C
31,CNAE-2009,Fabricación de muebles,2,C
32,CNAE-2009,Otras industrias manufactureras,2,C
33,CNAE-2009,Reparación e instalación de maquinaria y equipo,2,C
35,CNAE-2009,"Suministro de energía eléctrica, gas, vapor y aire acondicionado",2,D
36,CNAE-2009,"Captación, depuración y distribución de agua",2,E
37,CNAE-2009,Recogida y tratamiento de aguas residuales,2,E
38,CNAE-2009,"Recogida, tratamiento y eliminación de residuos; valorización",2,E
39,CNAE-2009,Actividades de descontaminación y otros servicios de gestión de residuos,2,E
41,CNAE-2009,Construcción de edificios,2,F
42,CNAE-2009,Ingeniería civil,2,F
43,CNAE-2009,Actividades de construcción especializada,2,F
45,CNAE-2009,Venta y reparación de vehículos de motor y motocicletas,2,G
46,CNAE-2009,"Comercio al por mayor e intermediarios del comercio, excepto de vehículos de motor y motocicletas",2,G
47,CNAE-2009,"Comercio al por menor, excepto de vehículos de motor y motocicletas",2,G
49,CNAE-2009,Transporte terrestre y por tubería,2,H
50,CNAE-2009,Transporte marítimo y por vías navegables interiores,2,H
51,CNAE-2009,Transporte aéreo,2,H
52,CNAE-2009,Almacenamiento y actividades anexas al transporte,2,H
53,CNAE-2009,Actividades postales y de correos,2,H
55,CNAE-2009,Servicios de alojamiento,2,I
56,CNAE-2009,Servicios de comidas y bebidas,2,I
58,CNAE-2009,Edición,2,J
59,CNAE-2009,"Actividades cinematográficas, de vídeo y de programas de televisión, grabación de sonido y edición musical",2,J
60,CNAE-2009,Actividades de programación y emisión de radio y televisión,2,J
61,CNAE-2009,Telecomunicaciones,2,J
62,CNAE-2009,"Programación, consultoría y otras actividades relacionadas con la informática",2,J
63,CNAE-2009,Servicios de información,2,J
64,CNAE-2009,"Servicios financieros, excepto seguros y fondos de pensiones",2,K
65,CNAE-2009,"Seguros, reaseguros y fondos de pensiones, excepto Seguridad Social obligatoria",2,K
66,CNAE-2009,Actividades auxiliares a los servicios financieros y a los seguros,2,K
68,CNAE-2009,Actividades inmobiliarias,2,L
69,CNAE-2009,Actividades jurídicas y de contabilidad,2,M
70,CNAE-2009,Actividades de las sedes centrales; actividades de consultoría de gestión empresarial,2,M
71,CNAE-2009,Servicios técnicos de arquitectura e ingeniería; ensayos y análisis técnicos,2,M
72,CNAE-2009,Investigación y desarrollo,2,M
73,CNAE-2009,Publicidad y estudios de mercado,2,M
74,CNAE-2009,"Otras actividades profesionales, científicas y técnicas",2,M
75,CNAE-2009,Actividades veterinarias,2,M
77,CNAE-2009,Actividades de alquiler,2,N
78,CNAE-2009,Actividades relacionadas con el empleo,2,N
79,CNAE-2009,"Actividades de agencias de viajes, operadores turísticos, servicios de reservas y actividades relacionadas con los mismos",2,N
80,CNAE-2009,Actividades de seguridad e investigación,2,N
81,CNAE-2009,Servicios a edificios y actividades de jardinería,2,N
82,CNAE-2009,Actividades administrativas de oficina y otras actividades auxiliares a las empresas,2,N
84,CNAE-2009,Administración Pública y defensa; Seguridad Social obligatoria,2,O
85,CNAE-2009,Educación,2,P
86,CNAE-2009,Actividades sanitarias,2,Q
87,CNAE-2009,Asistencia en establecimientos residenciales,2,Q
88,CNAE-2009,Actividades de servicios sociales sin alojamiento,2,Q
90,CNAE-2009,"Actividades de creación, artísticas y espectáculos",2,R
91,CNAE-2009,"Actividades de bibliotecas, archivos, museos y otras actividades culturales",2,R
92,CNAE-2009,Actividades de juegos de azar y apuestas,2,R
93,CNAE-2009,"Actividades deportivas, recreativas y de entretenimiento",2,R
94,CNAE-2009,Actividades asociativas,2,S
95,CNAE-2009,"Reparación de ordenadores, efectos personales y artículos de uso doméstico",2,S
96,CNAE-2009,Otros servicios personales,2,S
97,CNAE-2009,Actividades de los hogares como empleadores de personal doméstico,2,T
98,CNAE-2009,Actividades de los hogares como productores de bienes y servicios para uso propio,2,T
99,CNAE-2009,Actividades de organizaciones y organismos extraterritoriales,2,U
011,CNAE-2009,Cultivos no perennes,3,01
012,CNAE-2009,Cultivos perennes,3,01
013,CNAE-2009,Propagación de plantas,3,01
014,CNAE-2009,Producción ganadera,3,01
015,CNAE-2009,Producción agrícola combinada con la producción ganadera,3,01
016,CNAE-2009,"Actividades de apoyo a la agricultura, a la ganadería y de preparación posterior a la cosecha",3,01
017,CNAE-2009,"Caza, captura de animales y servicios relacionados con las mismas",3,01
021,CNAE-2009,Silvicultura y otras actividades forestales,3,02
022,CNAE-2009,Explotación de la madera,3,02
023,CNAE-2009,"Recolección de productos silvestres, excepto madera",3,02
024,CNAE-2009,Servicios de apoyo a la silvicultura,3,02
031,CNAE-2009,Pesca,3,03
032,CNAE-2009,Acuicultura,3,03
051,CNAE-2009,Extracción de antracita y hulla,3,05
052,CNAE-2009,Extracción de lignito,3,05
061,CNAE-2009,Extracción de crudo de petróleo,3,06
062,CNAE-2009,Extracción de gas natural,3,06
071,CNAE-2009,Extracción de minerales de hierro,3,07
072,CNAE-2009,Extracción de minerales metálicos no férreos,3,07
081,CNAE-2009,"Extracción de piedra, arena y arcilla",3,08
089,CNAE-2009,Industrias extractivas n.c.o.p.,3,08
091,CNAE-2009,Actividades de apoyo a la extracción de petróleo y gas natural,3,09
099,CNAE-2009,Actividades de apoyo a otras industrias extractivas,3,09
101,CNAE-2009,Procesado y conservación de carne y elaboración de productos cárnicos,3,10
102,CNAE-2009,"Procesado y conservación de pescados, crustáceos y moluscos",3,10
103,CNAE-2009,Procesado y conservación de frutas y hortalizas,3,10
104,CNAE-2009,Fabricación de aceites y grasas vegetales y animales,3,10
105,CNAE-2009,Fabricación de productos lácteos,3,10
106,CNAE-2009,"Fabricación de productos de molinería, almidones y productos amiláceos",3,10
107,CNAE-2009,Fabricación de productos de panadería y pastas alimenticias,3,10
108,CNAE-2009,Fabricación de otros productos alimenticios,3,10
109,CNAE-2009,Fabricación de productos para la alimentación animal,3,10
110,CNAE-2009,Fabricación de bebidas,3,11
120,CNAE-2009,Industria del tabaco,3,12
131,CNAE-2009,Preparación e hilado de fibras textiles,3,13
132,CNAE-2009,Fabricación de tejidos textiles,3,13
133,CNAE-2009,Acabado de textiles,3,13
139,CNAE-2009,Fabricación de otros productos textiles,3,13
141,CNAE-2009,"Confección de prendas de vestir, excepto de peletería",3,14
142,CNAE-2009,Fabricación de artículos de peletería,3,14
143,CNAE-2009,Confección de prendas de vestir de punto,3,14
151,CNAE-2009,"Preparación, curtido y acabado del cuero; fabricación de artículos de marroquinería, viaje y de guarnicionería y talabartería; preparación y teñido de pieles",3,15
152,CNAE-2009,Fabricación de calzado,3,15
161,CNAE-2009,Aserrado y cepillado de la madera,3,16
162,CNAE-2009,"Fabricación de productos de madera, corcho, cestería y espartería",3,16
171,CNAE-2009,"Fabricación de pasta papelera, papel y cartón",3,17
172,CNAE-2009,Fabricación de artículos de papel y de cartón,3,17
181,CNAE-2009,Artes gráficas y servicios relacionados con las mismas,3,18
182,CNAE-2009,Reproducción de soportes grabados,3,18
191,CNAE-2009,Coquerías,3,19
192,CNAE-2009,Refino de petróleo,3,19
201,CNAE-2009,"Fabricación de productos químicos básicos, compuestos nitrogenados, fertilizantes, plásticos y caucho sintético en formas primarias",3,20
202,CNAE-2009,Fabricación de pesticidas y otros productos agroquímicos,3,20
203,CNAE-2009,"Fabricación de pinturas, barnices y revestimientos similares; tintas de imprenta y masillas",3,20
204,CNAE-2009,"Fabricación de jabones, detergentes y otros artículos de limpieza y abrillantamiento; fabricación de perfumes y cosméticos",3,20
205,CNAE-2009,Fabricación de otros productos químicos,3,20
206,CNAE-2009,Fabricación de fibras artificiales y sintéticas,3,20
211,CNAE-2009,Fabricación de productos farmacéuticos de base,3,21
212,CNAE-2009,Fabricación de especialidades farmacéuticas,3,21
221,CNAE-2009,Fabricación de productos de caucho,3,22
222,CNAE-2009,Fabricación de productos de plástico,3,22
231,CNAE-2009,Fabricación de vidrio y productos de vidrio,3,23
232,CNAE-2009,Fabricación de productos cerámicos refractarios,3,23
233,CNAE-2009,Fabricación de productos cerámicos para la construcción,3,23
234,CNAE-2009,Fabricación de otros productos cerámicos,3,23
235,CNAE-2009,"Fabricación de cemento, cal y yeso",3,23
236,CNAE-2009,"Fabricación de elementos de hormigón, cemento y yeso",3,23
237,CNAE-2009,"Corte, tallado y acabado de la piedra",3,23
239,CNAE-2009,Fabricación de productos abrasivos y productos minerales no metálicos n.c.o.p.,3,23
241,CNAE-2009,"Fabricación de productos básicos de hierro, acero y ferroaleaciones",3,24
242,CNAE-2009,"Fabricación de tubos, tuberías, perfiles huecos y sus accesorios, de acero",3,24
243,CNAE-2009,Fabricación de otros productos de primera transformación del acero,3,24
244,CNAE-2009,Producción de metales preciosos y de otros metales no férreos,3,24
245,CNAE-2009,Fundición de metales,3,24
251,CNAE-2009,Fabricación de elementos metálicos para la construcción,3,25
252,CNAE-2009,"Fabricación de cisternas, grandes depósitos y contenedores de metal",3,25
253,CNAE-2009,"Fabricación de generadores de vapor, excepto calderas de calefacción central",3,25
254,CNAE-2009,Fabricación de armas y municiones,3,25
255,CNAE-2009,"Forja, estampación y embutición de metales; metalurgia de polvos",3,25
256,CNAE-2009,Tratamiento y revestimiento de metales; ingeniería mecánica por cuenta de terceros,3,25
257,CNAE-2009,"Fabricación de artículos de cuchillería y cubertería, herramientas y ferretería",3,25
259,CNAE-2009,Fabricación de otros productos metálicos,3,25
261,CNAE-2009,Fabricación de componentes electrónicos y circuitos impresos ensamblados,3,26
262,CNAE-2009,Fabricación de ordenadores y equipos periféricos,3,26
263,CNAE-2009,Fabricación de equipos de telecomunicaciones,3,26
264,CNAE-2009,Fabricación de productos electrónicos de consumo,3,26
265,CNAE-2009,"Fabricación de instrumentos y aparatos de medida, verificación y navegación; fabricación de relojes",3,26
266,CNAE-2009,"Fabricación de equipos de radiación, electromédicos y electroterapéuticos",3,26
267,CNAE-2009,Fabricación de instrumentos de óptica y equipo fotográfico,3,26
268,CNAE-2009,Fabricación de soportes magnéticos y ópticos,3,26
271,CNAE-2009,"Fabricación de motores, generadores y transformadores eléctricos, y de aparatos de distribución y control eléctrico",3,27
272,CNAE-2009,Fabricación de pilas y acumuladores eléctricos,3,27
273,CNAE-2009,Fabricación de cables y dispositivos de cableado,3,27
274,CNAE-2009,Fabricación de lámparas y aparatos eléctricos de iluminación,3,27
275,CNAE-2009,Fabricación de aparatos domésticos,3,27
279,CNAE-2009,Fabricación de otro material y equipo eléctrico,3,27
281,CNAE-2009,Fabricación de maquinaria de uso general,3,28
282,CNAE-2009,Fabricación de otra maquinaria de uso general,3,28
283,CNAE-2009,Fabricación de maquinaria agraria y forestal,3,28
284,CNAE-2009,Fabricación de máquinas herramienta para trabajar el metal y otras máquinas herramienta,3,28
289,CNAE-2009,Fabricación de otra maquinaria para usos específicos,3,28
291,CNAE-2009,Fabricación de vehículos de motor,3,29
292,CNAE-2009,Fabricación de carrocerías para vehículos de motor; fabricación de remolques y semirremolques,3,29
293,CNAE-2009,"Fabricación de componentes, piezas y accesorios para vehículos de motor",3,29
301,CNAE-2009,Construcción naval,3,30
302,CNAE-2009,Fabricación de locomotoras y material ferroviario,3,30
303,CNAE-2009,Construcción aeronáutica y espacial y su maquinaria,3,30
304,CNAE-2009,Fabricación de vehículos militares de combate,3,30
309,CNAE-2009,Fabricación de otro material de transporte n.c.o.p.,3,30
310,CNAE-2009,Fabricación de muebles,3,31
321,CNAE-2009,"Fabricación de artículos de joyería, bisutería y similares",3,32
322,CNAE-2009,Fabricación de instrumentos musicales,3,32
323,CNAE-2009,Fabricación de artículos de deporte,3,32
324,CNAE-2009,Fabricación de juegos y juguetes,3,32
325,CNAE-2009,Fabricación de instrumentos y suministros médicos y odontológicos,3,32
329,CNAE-2009,Industrias manufactureras n.c.o.p.,3,32
331,CNAE-2009,"Reparación de productos metálicos, maquinaria y equipo",3,33
332,CNAE-2009,Instalación de máquinas y equipos industriales,3,33
351,CNAE-2009,"Producción, transporte y distribución de energía eléctrica",3,35
352,CNAE-2009,Producción de gas; distribución por tubería de combustibles gaseosos,3,35
353,CNAE-2009,Suministro de vapor y aire acondicionado,3,35
360,CNAE-2009,"Captación, depuración y distribución de agua",3,36
370,CNAE-2009,Recogida y tratamiento de aguas residuales,3,37
381,CNAE-2009,Recogida de residuos,3,38
382,CNAE-2009,Tratamiento y eliminación de residuos,3,38
383,CNAE-2009,Valorización,3,38
390,CNAE-2009,Actividades de descontaminación y otros servicios de gestión de residuos,3,39
411,CNAE-2009,Promoción inmobiliaria,3,41
412,CNAE-2009,Construcción de edificios,3,41
421,CNAE-2009,"Construcción de carreteras y vías férreas, puentes y túneles",3,42
422,CNAE-2009,Construcción de redes,3,42
429,CNAE-2009,Construcción de otros proyectos de ingeniería civil,3,42
431,CNAE-2009,Demolición y preparación de terrenos,3,43
432,CNAE-2009,"Instalaciones eléctricas, de fontanería y otras instalaciones en obras de construcción",3,43
433,CNAE-2009,Acabado de edificios,3,43
439,CNAE-2009,Otras actividades de construcción especializada,3,43
451,CNAE-2009,Venta de vehículos de motor,3,45
452,CNAE-2009,Mantenimiento y reparación de vehículos de motor,3,45
453,CNAE-2009,Comercio de repuestos y accesorios de vehículos de motor,3,45
454,CNAE-2009,"Venta, mantenimiento y reparación de motocicletas y de sus repuestos y accesorios",3,45
461,CNAE-2009,Intermediarios del comercio,3,46
462,CNAE-2009,Comercio al por mayor de materias primas agrarias y de animales vivos,3,46
463,CNAE-2009,"Comercio al por mayor de productos alimenticios, bebidas y tabaco",3,46
464,CNAE-2009,Comercio al por mayor de artículos de uso doméstico,3,46
465,CNAE-2009,Comercio al por mayor de equipos para las tecnologías de la información y las comunicaciones,3,46
466,CNAE-2009,"Comercio al por mayor de otra maquinaria, equipos y suministros",3,46
467,CNAE-2009,Otro comercio al por mayor especializado,3,46
469,CNAE-2009,Comercio al por mayor no especializado,3,46
471,CNAE-2009,Comercio al por menor en establecimientos no especializados,3,47
472,CNAE-2009,"Comercio al por menor de productos alimenticios, bebidas y tabaco en establecimientos especializados",3,47
473,CNAE-2009,Comercio al por menor de combustible para la automoción en establecimientos especializados,3,47
474,CNAE-2009,Comercio al por menor de equipos para las tecnologías de la información y las comunicaciones en establecimientos especializados,3,47
475,CNAE-2009,Comercio al por menor de otros artículos de uso doméstico en establecimientos especializados,3,47
476,CNAE-2009,Comercio al por menor de artículos culturales y recreativos en establecimientos especializados,3,47
477,CNAE-2009,Comercio al por menor de otros artículos en establecimientos especializados,3,47
478,CNAE-2009,Comercio al por menor en puestos de venta y en mercadillos,3,47
479,CNAE-2009,"Comercio al por menor no realizado ni en establecimientos, ni en puestos de venta ni en mercadillos",3,47
491,CNAE-2009,Transporte interurbano de pasajeros por ferrocarril,3,49
492,CNAE-2009,Transporte de mercancías por ferrocarril,3,49
493,CNAE-2009,Otro transporte terrestre de pasajeros,3,49
494,CNAE-2009,Transporte de mercancías por carretera y servicios de mudanza,3,49
495,CNAE-2009,Transporte por tubería,3,49
501,CNAE-2009,Transporte marítimo de pasajeros,3,50
502,CNAE-2009,Transporte marítimo de mercancías,3,50
503,CNAE-2009,Transporte de pasajeros por vías navegables interiores,3,50
504,CNAE-2009,Transporte de mercancías por vías navegables interiores,3,50
511,CNAE-2009,Transporte aéreo de pasajeros,3,51
512,CNAE-2009,Transporte aéreo de mercancías y transporte espacial,3,51
521,CNAE-2009,Depósito y almacenamiento,3,52
522,CNAE-2009,Actividades anexas al transporte,3,52
531,CNAE-2009,Actividades postales sometidas a la obligación del servicio universal,3,53
532,CNAE-2009,Otras actividades postales y de correos,3,53
551,CNAE-2009,Hoteles y alojamientos similares,3,55
552,CNAE-2009,Alojamientos turísticos y otros alojamientos de corta estancia,3,55
553,CNAE-2009,Campings y aparcamientos para caravanas,3,55
559,CNAE-2009,Otros alojamientos,3,55
561,CNAE-2009,Restaurantes y puestos de comidas,3,56
562,CNAE-2009,Provisión de comidas preparadas para eventos y otros servicios de comidas,3,56
563,CNAE-2009,Establecimientos de bebidas,3,56
581,CNAE-2009,"Edición de libros, periódicos y otras actividades editoriales",3,58
582,CNAE-2009,Edición de programas informáticos,3,58
591,CNAE-2009,"Actividades cinematográficas, de vídeo y de programas de televisión",3,59
592,CNAE-2009,Actividades de grabación de sonido y edición musical,3,59
601,CNAE-2009,Actividades de radiodifusión,3,60
602,CNAE-2009,Actividades de programación y emisión de televisión,3,60
611,CNAE-2009,Telecomunicaciones por cable,3,61
612,CNAE-2009,Telecomunicaciones inalámbricas,3,61
613,CNAE-2009,Telecomunicaciones por satélite,3,61
619,CNAE-2009,Otras actividades de telecomunicaciones,3,61
620,CNAE-2009,"Programación, consultoría y otras actividades relacionadas con la informática",3,62
631,CNAE-2009,"Proceso de datos, hosting y actividades relacionadas; portales web",3,63
639,CNAE-2009,Otros servicios de información,3,63
641,CNAE-2009,Intermediación monetaria,3,64
642,CNAE-2009,Actividades de las sociedades holding,3,64
643,CNAE-2009,"Inversión colectiva, fondos y entidades financieras similares",3,64
649,CNAE-2009,"Otros servicios financieros, excepto seguros y fondos de pensiones",3,64
651,CNAE-2009,Seguros,3,65
652,CNAE-2009,Reaseguros,3,65
653,CNAE-2009,Fondos de pensiones,3,65
661,CNAE-2009,"Actividades auxiliares a los servicios financieros, excepto seguros y fondos de pensiones",3,66
662,CNAE-2009,Actividades auxiliares a seguros y fondos de pensiones,3,66
663,CNAE-2009,Actividades de gestión de fondos,3,66
681,CNAE-2009,Compraventa de bienes inmobiliarios por cuenta propia,3,68
682,CNAE-2009,Alquiler de bienes inmobiliarios por cuenta propia,3,68
683,CNAE-2009,Actividades inmobiliarias por cuenta de terceros,3,68
691,CNAE-2009,Actividades jurídicas,3,69
692,CNAE-2009,"Actividades de contabilidad, teneduría de libros, auditoría y asesoría fiscal",3,69
701,CNAE-2009,Actividades de las sedes centrales,3,70
702,CNAE-2009,Actividades de consultoría de gestión empresarial,3,70
711,CNAE-2009,Servicios técnicos de arquitectura e ingeniería y otras actividades relacionadas con el asesoramiento técnico,3,71
712,CNAE-2009,Ensayos y análisis técnicos,3,71
721,CNAE-2009,Investigación y desarrollo experimental en ciencias naturales y técnicas,3,72
722,CNAE-2009,Investigación y desarrollo experimental en ciencias sociales y humanidades,3,72
731,CNAE-2009,Publicidad,3,73
732,CNAE-2009,Estudio de mercado y realización de encuestas de opinión pública,3,73
741,CNAE-2009,Actividades de diseño especializado,3,74
742,CNAE-2009,Actividades de fotografía,3,74
743,CNAE-2009,Actividades de traducción e interpretación,3,74
749,CNAE-2009,"Otras actividades profesionales, científicas y técnicas n.c.o.p.",3,74
750,CNAE-2009,Actividades veterinarias,3,75
771,CNAE-2009,Alquiler de vehículos de motor,3,77
772,CNAE-2009,Alquiler de efectos personales y artículos de uso doméstico,3,77
773,CNAE-2009,"Alquiler de otra maquinaria, equipos y bienes tangibles",3,77
774,CNAE-2009,"Arrendamiento de la propiedad intelectual y productos similares, excepto trabajos protegidos por los derechos de autor",3,77
781,CNAE-2009,Actividades de las agencias de colocación,3,78
782,CNAE-2009,Actividades de las empresas de trabajo temporal,3,78
783,CNAE-2009,Otra provisión de recursos humanos,3,78
791,CNAE-2009,Actividades de agencias de viajes y operadores turísticos,3,79
799,CNAE-2009,Otros servicios de reservas y actividades relacionadas con los mismos,3,79
801,CNAE-2009,Actividades de seguridad privada,3,80
802,CNAE-2009,Servicios de sistemas de seguridad,3,80
803,CNAE-2009,Actividades de investigación,3,80
811,CNAE-2009,Servicios integrales a edificios e instalaciones,3,81
812,CNAE-2009,Actividades de limpieza,3,81
813,CNAE-2009,Actividades de jardinería,3,81
821,CNAE-2009,Actividades administrativas y auxiliares de oficina,3,82
822,CNAE-2009,Actividades de los centros de llamadas,3,82
823,CNAE-2009,Organización de convenciones y ferias de muestras,3,82
829,CNAE-2009,Actividades de apoyo a las empresas n.c.o.p.,3,82
841,CNAE-2009,Administración Pública y de la política económica y social,3,84
842,CNAE-2009,Prestación de servicios a la comunidad en general,3,84
843,CNAE-2009,Seguridad Social obligatoria,3,84
851,CNAE-2009,Educación preprimaria,3,85
852,CNAE-2009,Educación primaria,3,85
853,CNAE-2009,Educación secundaria,3,85
854,CNAE-2009,Educación postsecundaria,3,85
855,CNAE-2009,Otra educación,3,85
856,CNAE-2009,Actividades auxiliares a la educación,3,85
861,CNAE-2009,Actividades hospitalarias,3,86
862,CNAE-2009,Actividades médicas y odontológicas,3,86
869,CNAE-2009,Otras actividades sanitarias,3,86
871,CNAE-2009,Asistencia en establecimientos residenciales con cuidados sanitarios,3,87
872,CNAE-2009,"Asistencia en establecimientos residenciales para personas con discapacidad intelectual, enfermedad mental y drogodependencia",3,87
873,CNAE-2009,Asistencia en establecimientos residenciales para personas mayores y con discapacidad física,3,87
879,CNAE-2009,Otras actividades de asistencia en establecimientos residenciales,3,87
881,CNAE-2009,Actividades de servicios sociales sin alojamiento para personas mayores y con discapacidad,3,88
889,CNAE-2009,Otros actividades de servicios sociales sin alojamiento,3,88
900,CNAE-2009,"Actividades de creación, artísticas y espectáculos",3,90
910,CNAE-2009,"Actividades de bibliotecas, archivos, museos y otras actividades culturales",3,91
920,CNAE-2009,Actividades de juegos de azar y apuestas,3,92
931,CNAE-2009,Actividades deportivas,3,93
932,CNAE-2009,Actividades recreativas y de entretenimiento,3,93
941,CNAE-2009,"Actividades de organizaciones empresariales, profesionales y patronales",3,94
942,CNAE-2009,Actividades sindicales,3,94
949,CNAE-2009,Otras actividades asociativas,3,94
951,CNAE-2009,Reparación de ordenadores y equipos de comunicación,3,95
952,CNAE-2009,Reparación de efectos personales y artículos de uso doméstico,3,95
960,CNAE-2009,Otros servicios personales,3,96
970,CNAE-2009,Actividades de los hogares como empleadores de personal doméstico,3,97
981,CNAE-2009,Actividades de los hogares como productores de bienes para uso propio,3,98
982,CNAE-2009,Actividades de los hogares como productores de servicios para uso propio,3,98
990,CNAE-2009,Actividades de organizaciones y organismos extraterritoriales,3,99
0111,CNAE-2009,"Cultivo de cereales (excepto arroz), leguminosas y semillas oleaginosas",4,011
0112,CNAE-2009,Cultivo de arroz,4,011
0113,CNAE-2009,"Cultivo de hortalizas, raíces y tubérculos",4,011
0114,CNAE-2009,Cultivo de caña de azúcar,4,011
0115,CNAE-2009,Cultivo de tabaco,4,011
0116,CNAE-2009,Cultivo de plantas para fibras textiles,4,011
0119,CNAE-2009,Otros cultivos no perennes,4,011
0121,CNAE-2009,Cultivo de la vid,4,012
0122,CNAE-2009,Cultivo de frutos tropicales y subtropicales,4,012
0123,CNAE-2009,Cultivo de cítricos,4,012
0124,CNAE-2009,Cultivo de frutos con hueso y pepitas,4,012
0125,CNAE-2009,Cultivo de otros árboles y arbustos frutales y frutos secos,4,012
0126,CNAE-2009,Cultivo de frutos oleaginosos,4,012
0127,CNAE-2009,Cultivo de plantas para bebidas,4,012
0128,CNAE-2009,"Cultivo de especias, plantas aromáticas, medicinales y farmacéuticas",4,012
0129,CNAE-2009,Otros cultivos perennes,4,012
0130,CNAE-2009,Propagación de plantas,4,013
0141,CNAE-2009,Explotación de ganado bovino para la producción de leche,4,014
0142,CNAE-2009,Explotación de otro ganado bovino y búfalos,4,014
0143,CNAE-2009,Explotación de caballos y otros equinos,4,014
0144,CNAE-2009,Explotación de camellos y otros camélidos,4,014
0145,CNAE-2009,Explotación de ganado ovino y caprino,4,014
0146,CNAE-2009,Explotación de ganado porcino,4,014
0147,CNAE-2009,Avicultura,4,014
0149,CNAE-2009,Otras explotaciones de ganado,4,014
0150,CNAE-2009,Producción agrícola combinada con la producción ganadera,4,015
0161,CNAE-2009,Actividades de apoyo a la agricultura,4,016
0162,CNAE-2009,Actividades de apoyo a la ganadería,4,016
0163,CNAE-2009,Actividades de preparación posterior a la cosecha,4,016
0164,CNAE-2009,Tratamiento de semillas para reproducción,4,016
0170,CNAE-2009,"Caza, captura de animales y servicios relacionados con las mismas",4,017
0210,CNAE-2009,Silvicultura y otras actividades forestales,4,021
0220,CNAE-2009,Explotación de la madera,4,022
0230,CNAE-2009,"Recolección de productos silvestres, excepto madera",4,023
0240,CNAE-2009,Servicios de apoyo a la silvicultura,4,024
0311,CNAE-2009,Pesca marina,4,031
0312,CNAE-2009,Pesca en agua dulce,4,031
0321,CNAE-2009,Acuicultura marina,4,032
0322,CNAE-2009,Acuicultura en agua dulce,4,032
0510,CNAE-2009,Extracción de antracita y hulla,4,051
0520,CNAE-2009,Extracción de lignito,4,052
0610,CNAE-2009,Extracción de crudo de petróleo,4,061
0620,CNAE-2009,Extracción de gas natural,4,062
0710,CNAE-2009,Extracción de minerales de hierro,4,071
0721,CNAE-2009,Extracción de minerales de uranio y torio,4,072
0729,CNAE-2009,Extracción de otros minerales metálicos no férreos,4,072
0811,CNAE-2009,"Extracción de piedra ornamental y para la construcción, piedra caliza, yeso, creta y pizarra",4,081
0812,CNAE-2009,Extracción de gravas y arenas; extracción de arcilla y caolín,4,081
0891,CNAE-2009,Extracción de minerales para productos químicos y fertilizantes,4,089
0892,CNAE-2009,Extracción de turba,4,089
0893,CNAE-2009,Extracción de sal,4,089
0899,CNAE-2009,Otras industrias extractivas n.c.o.p.,4,089
0910,CNAE-2009,Actividades de apoyo a la extracción de petróleo y gas natural,4,091
0990,CNAE-2009,Actividades de apoyo a otras industrias extractivas,4,099
1011,CNAE-2009,Procesado y conservación de carne,4,101
1012,CNAE-2009,Procesado y conservación de volatería,4,101
1013,CNAE-2009,Elaboración de productos cárnicos y de volatería,4,101
1021,CNAE-2009,"Procesado de pescados, crustáceos y moluscos",4,102
1022,CNAE-2009,Fabricación de conservas de pescado,4,102
1031,CNAE-2009,Procesado y conservación de patatas,4,103
1032,CNAE-2009,Elaboración de zumos de frutas y hortalizas,4,103
1039,CNAE-2009,Otro procesado y conservación de frutas y hortalizas,4,103
1042,CNAE-2009,Fabricación de margarina y grasas comestibles similares,4,104
1043,CNAE-2009,Fabricación de aceite de oliva,4,104
1044,CNAE-2009,Fabricación de otros aceites y grasas,4,104
1052,CNAE-2009,Elaboración de helados,4,105
1053,CNAE-2009,Fabricación de quesos,4,105
1054,CNAE-2009,Preparación de leche y otros productos lácteos,4,105
1061,CNAE-2009,Fabricación de productos de molinería,4,106
1062,CNAE-2009,Fabricación de almidones y productos amiláceos,4,106
1071,CNAE-2009,Fabricación de pan y de productos frescos de panadería y pastelería,4,107
1072,CNAE-2009,Fabricación de galletas y productos de panadería y pastelería de larga duración,4,107
1073,CNAE-2009,"Fabricación de pastas alimenticias, cuscús y productos similares",4,107
1081,CNAE-2009,Fabricación de azúcar,4,108
1082,CNAE-2009,"Fabricación de cacao, chocolate y productos de confitería",4,108
1083,CNAE-2009,"Elaboración de café, té e infusiones",4,108
1084,CNAE-2009,"Elaboración de especias, salsas y condimentos",4,108
1085,CNAE-2009,Elaboración de platos y comidas preparados,4,108
1086,CNAE-2009,Elaboración de preparados alimenticios homogeneizados y alimentos dietéticos,4,108
1089,CNAE-2009,Elaboración de otros productos alimenticios n.c.o.p.,4,108
1091,CNAE-2009,Fabricación de productos para la alimentación de animales de granja,4,109
1092,CNAE-2009,Fabricación de productos para la alimentación de animales de compañía,4,109
1101,CNAE-2009,"Destilación, rectificación y mezcla de bebidas alcohólicas",4,110
1102,CNAE-2009,Elaboración de vinos,4,110
1103,CNAE-2009,Elaboración de sidra y otras bebidas fermentadas a partir de frutas,4,110
1104,CNAE-2009,"Elaboración de otras bebidas no destiladas, procedentes de la fermentación",4,110
1105,CNAE-2009,Fabricación de cerveza,4,110
1106,CNAE-2009,Fabricación de malta,4,110
1107,CNAE-2009,Fabricación de bebidas no alcohólicas; producción de aguas minerales y otras aguas embotelladas,4,110
1200,CNAE-2009,Industria del tabaco,4,120
1310,CNAE-2009,Preparación e hilado de fibras textiles,4,131
1320,CNAE-2009,Fabricación de tejidos textiles,4,132
1330,CNAE-2009,Acabado de textiles,4,133
1391,CNAE-2009,Fabricación de tejidos de punto,4,139
1392,CNAE-2009,"Fabricación de artículos confeccionados con textiles, excepto prendas de vestir",4,139
1393,CNAE-2009,Fabricación de alfombras y moquetas,4,139
1394,CNAE-2009,"Fabricación de cuerdas, cordeles, bramantes y redes",4,139
1395,CNAE-2009,"Fabricación de telas no tejidas y artículos confeccionados con ellas, excepto prendas de vestir",4,139
1396,CNAE-2009,Fabricación de otros productos textiles de uso técnico e industrial,4,139
1399,CNAE-2009,Fabricación de otros productos textiles n.c.o.p.,4,139
1411,CNAE-2009,Confección de prendas de vestir de cuero,4,141
1412,CNAE-2009,Confección de ropa de trabajo,4,141
1413,CNAE-2009,Confección de otras prendas de vestir exteriores,4,141
1414,CNAE-2009,Confección de ropa interior,4,141
1419,CNAE-2009,Confección de otras prendas de vestir y accesorios,4,141
1420,CNAE-2009,Fabricación de artículos de peletería,4,142
1431,CNAE-2009,Confección de calcetería,4,143
1439,CNAE-2009,Confección de otras prendas de vestir de punto,4,143
1511,CNAE-2009,"Preparación, curtido y acabado del cuero; preparación y teñido de pieles",4,151
1512,CNAE-2009,"Fabricación de artículos de marroquinería, viaje y de guarnicionería y talabartería",4,151
1520,CNAE-2009,Fabricación de calzado,4,152
1610,CNAE-2009,Aserrado y cepillado de la madera,4,161
1621,CNAE-2009,Fabricación de chapas y tableros de madera,4,162
1622,CNAE-2009,Fabricación de suelos de madera ensamblados,4,162
1623,CNAE-2009,Fabricación de otras estructuras de madera y piezas de carpintería y ebanistería para la construcción,4,162
1624,CNAE-2009,Fabricación de envases y embalajes de madera,4,162
1629,CNAE-2009,"Fabricación de otros productos de madera; artículos de corcho, cestería y espartería",4,162
1711,CNAE-2009,Fabricación de pasta papelera,4,171
1712,CNAE-2009,Fabricación de papel y cartón,4,171
1721,CNAE-2009,Fabricación de papel y cartón ondulados; fabricación de envases y embalajes de papel y cartón,4,172
1722,CNAE-2009,"Fabricación de artículos de papel y cartón para uso doméstico, sanitario e higiénico",4,172
1723,CNAE-2009,Fabricación de artículos de papelería,4,172
1724,CNAE-2009,Fabricación de papeles pintados,4,172
1729,CNAE-2009,Fabricación de otros artículos de papel y cartón,4,172
1811,CNAE-2009,Artes gráficas y servicios relacionados con las mismas,4,181
1812,CNAE-2009,Otras actividades de impresión y artes gráficas,4,181
1813,CNAE-2009,Servicios de preimpresión y preparación de soportes,4,181
1814,CNAE-2009,Encuadernación y servicios relacionados con la misma,4,181
1820,CNAE-2009,Reproducción de soportes grabados,4,182
1910,CNAE-2009,Coquerías,4,191
1920,CNAE-2009,Refino de petróleo,4,192
2011,CNAE-2009,Fabricación de gases industriales,4,201
2012,CNAE-2009,Fabricación de colorantes y pigmentos,4,201
2013,CNAE-2009,Fabricación de otros productos básicos de química inorgánica,4,201
2014,CNAE-2009,Fabricación de otros productos básicos de química orgánica,4,201
2015,CNAE-2009,Fabricación de fertilizantes y compuestos nitrogenados,4,201
2016,CNAE-2009,Fabricación de plásticos en formas primarias,4,201
2017,CNAE-2009,Fabricación de caucho sintético en formas primarias,4,201
2020,CNAE-2009,Fabricación de pesticidas y otros productos agroquímicos,4,202
2030,CNAE-2009,"Fabricación de pinturas, barnices y revestimientos similares; tintas de imprenta y masillas",4,203
2041,CNAE-2009,"Fabricación de jabones, detergentes y otros artículos de limpieza y abrillantamiento",4,204
2042,CNAE-2009,Fabricación de perfumes y cosméticos,4,204
2051,CNAE-2009,Fabricación de explosivos,4,205
2052,CNAE-2009,Fabricación de colas,4,205
2053,CNAE-2009,Fabricación de aceites esenciales,4,205
2059,CNAE-2009,Fabricación de otros productos químicos n.c.o.p.,4,205
2060,CNAE-2009,Fabricación de fibras artificiales y sintéticas,4,206
2110,CNAE-2009,Fabricación de productos farmacéuticos de base,4,211
2120,CNAE-2009,Fabricación de especialidades farmacéuticas,4,212
2211,CNAE-2009,Fabricación de neumáticos y cámaras de caucho; reconstrucción y recauchutado de neumáticos,4,221
2219,CNAE-2009,Fabricación de otros productos de caucho,4,221
2221,CNAE-2009,"Fabricación de placas, hojas, tubos y perfiles de plástico",4,222
2222,CNAE-2009,Fabricación de envases y embalajes de plástico,4,222
2223,CNAE-2009,Fabricación de productos de plástico para la construcción,4,222
2229,CNAE-2009,Fabricación de otros productos de plástico,4,222
2311,CNAE-2009,Fabricación de vidrio plano,4,231
2312,CNAE-2009,Manipulado y transformación de vidrio plano,4,231
2313,CNAE-2009,Fabricación de vidrio hueco,4,231
2314,CNAE-2009,Fabricación de fibra de vidrio,4,231
2319,CNAE-2009,"Fabricación y manipulado de otro vidrio, incluido el vidrio técnico",4,231
2320,CNAE-2009,Fabricación de productos cerámicos refractarios,4,232
2331,CNAE-2009,Fabricación de azulejos y baldosas de cerámica,4,233
2332,CNAE-2009,"Fabricación de ladrillos, tejas y productos de tierras cocidas para la construcción",4,233
2341,CNAE-2009,Fabricación de artículos cerámicos de uso doméstico y ornamental,4,234
2342,CNAE-2009,Fabricación de aparatos sanitarios cerámicos,4,234
2343,CNAE-2009,Fabricación de aisladores y piezas aislantes de material cerámico,4,234
2344,CNAE-2009,Fabricación de otros productos cerámicos de uso técnico,4,234
2349,CNAE-2009,Fabricación de otros productos cerámicos,4,234
2351,CNAE-2009,Fabricación de cemento,4,235
2352,CNAE-2009,Fabricación de cal y yeso,4,235
2361,CNAE-2009,Fabricación de elementos de hormigón para la construcción,4,236
2362,CNAE-2009,Fabricación de elementos de yeso para la construcción,4,236
2363,CNAE-2009,Fabricación de hormigón fresco,4,236
2364,CNAE-2009,Fabricación de mortero,4,236
2365,CNAE-2009,Fabricación de fibrocemento,4,236
2369,CNAE-2009,"Fabricación de otros productos de hormigón, yeso y cemento",4,236
2370,CNAE-2009,"Corte, tallado y acabado de la piedra",4,237
2391,CNAE-2009,Fabricación de productos abrasivos,4,239
2399,CNAE-2009,Fabricación de otros productos minerales no metálicos n.c.o.p.,4,239
2410,CNAE-2009,"Fabricación de productos básicos de hierro, acero y ferroaleaciones",4,241
2420,CNAE-2009,"Fabricación de tubos, tuberías, perfiles huecos y sus accesorios, de acero",4,242
2431,CNAE-2009,Estirado en frío,4,243
2432,CNAE-2009,Laminación en frío,4,243
2433,CNAE-2009,Producción de perfiles en frío por conformación con plegado,4,243
2434,CNAE-2009,Trefilado en frío,4,243
2441,CNAE-2009,Producción de metales preciosos,4,244
2442,CNAE-2009,Producción de aluminio,4,244
2443,CNAE-2009,"Producción de plomo, zinc y estaño",4,244
2444,CNAE-2009,Producción de cobre,4,244
2445,CNAE-2009,Producción de otros metales no férreos,4,244
2446,CNAE-2009,Procesamiento de combustibles nucleares,4,244
2451,CNAE-2009,Fundición de hierro,4,245
2452,CNAE-2009,Fundición de acero,4,245
2453,CNAE-2009,Fundición de metales ligeros,4,245
2454,CNAE-2009,Fundición de otros metales no férreos,4,245
2511,CNAE-2009,Fabricación de estructuras metálicas y sus componentes,4,251
2512,CNAE-2009,Fabricación de carpintería metálica,4,251
2521,CNAE-2009,Fabricación de radiadores y calderas para calefacción central,4,252
2529,CNAE-2009,"Fabricación de otras cisternas, grandes depósitos y contenedores de metal",4,252
2530,CNAE-2009,"Fabricación de generadores de vapor, excepto calderas de calefacción central",4,253
2540,CNAE-2009,Fabricación de armas y municiones,4,254
2550,CNAE-2009,"Forja, estampación y embutición de metales; metalurgia de polvos",4,255
2561,CNAE-2009,Tratamiento y revestimiento de metales,4,256
2562,CNAE-2009,Ingeniería mecánica por cuenta de terceros,4,256
2571,CNAE-2009,Fabricación de artículos de cuchillería y cubertería,4,257
2572,CNAE-2009,Fabricación de cerraduras y herrajes,4,257
2573,CNAE-2009,Fabricación de herramientas,4,257
2591,CNAE-2009,Fabricación de bidones y toneles de hierro o acero,4,259
2592,CNAE-2009,Fabricación de envases y embalajes metálicos ligeros,4,259
2593,CNAE-2009,"Fabricación de productos de alambre, cadenas y muelles",4,259
2594,CNAE-2009,Fabricación de pernos y productos de tornillería,4,259
2599,CNAE-2009,Fabricación de otros productos metálicos n.c.o.p.,4,259
2611,CNAE-2009,Fabricación de componentes electrónicos,4,261
2612,CNAE-2009,Fabricación de circuitos impresos ensamblados,4,261
2620,CNAE-2009,Fabricación de ordenadores y equipos periféricos,4,262
2630,CNAE-2009,Fabricación de equipos de telecomunicaciones,4,263
2640,CNAE-2009,Fabricación de productos electrónicos de consumo,4,264
2651,CNAE-2009,"Fabricación de instrumentos y aparatos de medida, verificación y navegación",4,265
2652,CNAE-2009,Fabricación de relojes,4,265
2660,CNAE-2009,"Fabricación de equipos de radiación, electromédicos y electroterapéuticos",4,266
2670,CNAE-2009,Fabricación de instrumentos de óptica y equipo fotográfico,4,267
2680,CNAE-2009,Fabricación de soportes magnéticos y ópticos,4,268
2711,CNAE-2009,"Fabricación de motores, generadores y transformadores eléctricos",4,271
2712,CNAE-2009,Fabricación de aparatos de distribución y control eléctrico,4,271
2720,CNAE-2009,Fabricación de pilas y acumuladores eléctricos,4,272
2731,CNAE-2009,Fabricación de cables de fibra óptica,4,273
2732,CNAE-2009,Fabricación de otros hilos y cables electrónicos y eléctricos,4,273
2733,CNAE-2009,Fabricación de dispositivos de cableado,4,273
2740,CNAE-2009,Fabricación de lámparas y aparatos eléctricos de iluminación,4,274
2751,CNAE-2009,Fabricación de electrodomésticos,4,275
2752,CNAE-2009,Fabricación de aparatos domésticos no eléctricos,4,275
2790,CNAE-2009,Fabricación de otro material y equipo eléctrico,4,279
2811,CNAE-2009,"Fabricación de motores y turbinas, excepto los destinados a aeronaves, vehículos automóviles y ciclomotores",4,281
2812,CNAE-2009,Fabricación de equipos de transmisión hidráulica y neumática,4,281
2813,CNAE-2009,Fabricación de otras bombas y compresores,4,281
2814,CNAE-2009,Fabricación de otra grifería y válvulas,4,281
2815,CNAE-2009,"Fabricación de cojinetes, engranajes y órganos mecánicos de transmisión",4,281
2821,CNAE-2009,Fabricación de hornos y quemadores,4,282
2822,CNAE-2009,Fabricación de maquinaria de elevación y manipulación,4,282
2823,CNAE-2009,"Fabricación de máquinas y equipos de oficina, excepto equipos informáticos",4,282
2824,CNAE-2009,Fabricación de herramientas eléctricas manuales,4,282
2825,CNAE-2009,Fabricación de maquinaria de ventilación y refrigeración no doméstica,4,282
2829,CNAE-2009,Fabricación de otra maquinaria de uso general n.c.o.p.,4,282
2830,CNAE-2009,Fabricación de maquinaria agraria y forestal,4,283
2841,CNAE-2009,Fabricación de máquinas herramienta para trabajar el metal,4,284
2849,CNAE-2009,Fabricación de otras máquinas herramienta,4,284
2891,CNAE-2009,Fabricación de maquinaria para la industria metalúrgica,4,289
2892,CNAE-2009,Fabricación de maquinaria para las industrias extractivas y de la construcción,4,289
2893,CNAE-2009,"Fabricación de maquinaria para la industria de la alimentación, bebidas y tabaco",4,289
2894,CNAE-2009,"Fabricación de maquinaria para las industrias textil, de la confección y del cuero",4,289
2895,CNAE-2009,Fabricación de maquinaria para la industria del papel y del cartón,4,289
2896,CNAE-2009,Fabricación de maquinaria para la industria del plástico y el caucho,4,289
2899,CNAE-2009,Fabricación de otra maquinaria para usos específicos n.c.o.p.,4,289
2910,CNAE-2009,Fabricación de vehículos de motor,4,291
2920,CNAE-2009,Fabricación de carrocerías para vehículos de motor; fabricación de remolques y semirremolques,4,292
2931,CNAE-2009,Fabricación de equipos eléctricos y electrónicos para vehículos de motor,4,293
2932,CNAE-2009,"Fabricación de otros componentes, piezas y accesorios para vehículos de motor",4,293
3011,CNAE-2009,Construcción de barcos y estructuras flotantes,4,301
3012,CNAE-2009,Construcción de embarcaciones de recreo y deporte,4,301
3020,CNAE-2009,Fabricación de locomotoras y material ferroviario,4,302
3030,CNAE-2009,Construcción aeronáutica y espacial y su maquinaria,4,303
3040,CNAE-2009,Fabricación de vehículos militares de combate,4,304
3091,CNAE-2009,Fabricación de motocicletas,4,309
3092,CNAE-2009,Fabricación de bicicletas y de vehículos para personas con discapacidad,4,309
3099,CNAE-2009,Fabricación de otro material de transporte n.c.o.p.,4,309
3101,CNAE-2009,Fabricación de muebles de oficina y de establecimientos comerciales,4,310
3102,CNAE-2009,Fabricación de muebles de cocina,4,310
3103,CNAE-2009,Fabricación de colchones,4,310
3109,CNAE-2009,Fabricación de otros muebles,4,310
3211,CNAE-2009,Fabricación de monedas,4,321
3212,CNAE-2009,Fabricación de artículos de joyería y artículos similares,4,321
3213,CNAE-2009,Fabricación de artículos de bisutería y artículos similares,4,321
3220,CNAE-2009,Fabricación de instrumentos musicales,4,322
3230,CNAE-2009,Fabricación de artículos de deporte,4,323
3240,CNAE-2009,Fabricación de juegos y juguetes,4,324
3250,CNAE-2009,Fabricación de instrumentos y suministros médicos y odontológicos,4,325
3291,CNAE-2009,"Fabricación de escobas, brochas y cepillos",4,329
3299,CNAE-2009,Otras industrias manufactureras n.c.o.p.,4,329
3311,CNAE-2009,Reparación de productos metálicos,4,331
3312,CNAE-2009,Reparación de maquinaria,4,331
3313,CNAE-2009,Reparación de equipos electrónicos y ópticos,4,331
3314,CNAE-2009,Reparación de equipos eléctricos,4,331
3315,CNAE-2009,Reparación y mantenimiento naval,4,331
3316,CNAE-2009,Reparación y mantenimiento aeronáutico y espacial,4,331
3317,CNAE-2009,Reparación y mantenimiento de otro material de transporte,4,331
3319,CNAE-2009,Reparación de otros equipos,4,331
3320,CNAE-2009,Instalación de máquinas y equipos industriales,4,332
3512,CNAE-2009,Transporte de energía eléctrica,4,351
3513,CNAE-2009,Distribución de energía eléctrica,4,351
3514,CNAE-2009,Comercio de energía eléctrica,4,351
3515,CNAE-2009,Producción de energía hidroeléctrica,4,351
3516,CNAE-2009,Producción de energía eléctrica de origen térmico convencional,4,351
3517,CNAE-2009,Producción de energía eléctrica de origen nuclear,4,351
3518,CNAE-2009,Producción de energía eléctrica de origen eólico,4,351
3519,CNAE-2009,Producción de energía eléctrica de otros tipos,4,351
3521,CNAE-2009,Producción de gas,4,352
3522,CNAE-2009,Distribución por tubería de combustibles gaseosos,4,352
3523,CNAE-2009,Comercio de gas por tubería,4,352
3530,CNAE-2009,Suministro de vapor y aire acondicionado,4,353
3600,CNAE-2009,"Captación, depuración y distribución de agua",4,360
3700,CNAE-2009,Recogida y tratamiento de aguas residuales,4,370
3811,CNAE-2009,Recogida de residuos no peligrosos,4,381
3812,CNAE-2009,Recogida de residuos peligrosos,4,381
3821,CNAE-2009,Tratamiento y eliminación de residuos no peligrosos,4,382
3822,CNAE-2009,Tratamiento y eliminación de residuos peligrosos,4,382
3831,CNAE-2009,Separación y clasificación de materiales,4,383
3832,CNAE-2009,Valorización de materiales ya clasificados,4,383
3900,CNAE-2009,Actividades de descontaminación y otros servicios de gestión de residuos,4,390
4110,CNAE-2009,Promoción inmobiliaria,4,411
4121,CNAE-2009,Construcción de edificios residenciales,4,412
4122,CNAE-2009,Construcción de edificios no residenciales,4,412
4211,CNAE-2009,Construcción de carreteras y autopistas,4,421
4212,CNAE-2009,Construcción de vías férreas de superficie y subterráneas,4,421
4213,CNAE-2009,Construcción de puentes y túneles,4,421
4221,CNAE-2009,Construcción de redes para fluidos,4,422
4222,CNAE-2009,Construcción de redes eléctricas y de telecomunicaciones,4,422
4291,CNAE-2009,Obras hidráulicas,4,429
4299,CNAE-2009,Construcción de otros proyectos de ingeniería civil n.c.o.p.,4,429
4311,CNAE-2009,Demolición,4,431
4312,CNAE-2009,Preparación de terrenos,4,431
4313,CNAE-2009,Perforaciones y sondeos,4,431
4321,CNAE-2009,Instalaciones eléctricas,4,432
4322,CNAE-2009,"Fontanería, instalaciones de sistemas de calefacción y aire acondicionado",4,432
4329,CNAE-2009,Otras instalaciones en obras de construcción,4,432
4331,CNAE-2009,Revocamiento,4,433
4332,CNAE-2009,Instalación de carpintería,4,433
4333,CNAE-2009,Revestimiento de suelos y paredes,4,433
4334,CNAE-2009,Pintura y acristalamiento,4,433
4339,CNAE-2009,Otro acabado de edificios,4,433
4391,CNAE-2009,Construcción de cubiertas,4,439
4399,CNAE-2009,Otras actividades de construcción especializada n.c.o.p.,4,439
4511,CNAE-2009,Venta de automóviles y vehículos de motor ligeros,4,451
4519,CNAE-2009,Venta de otros vehículos de motor,4,451
4520,CNAE-2009,Mantenimiento y reparación de vehículos de motor,4,452
4531,CNAE-2009,Comercio al por mayor de repuestos y accesorios de vehículos de motor,4,453
4532,CNAE-2009,Comercio al por menor de repuestos y accesorios de vehículos de motor,4,453
4540,CNAE-2009,"Venta, mantenimiento y reparación de motocicletas y de sus repuestos y accesorios",4,454
4611,CNAE-2009,"Intermediarios del comercio de materias primas agrarias, animales vivos, materias primas textiles y productos semielaborados",4,461
4612,CNAE-2009,"Intermediarios del comercio de combustibles, minerales, metales y productos químicos industriales",4,461
4613,CNAE-2009,Intermediarios del comercio de la madera y materiales de construcción,4,461
4614,CNAE-2009,"Intermediarios del comercio de maquinaria, equipo industrial, embarcaciones y aeronaves",4,461
4615,CNAE-2009,"Intermediarios del comercio de muebles, artículos para el hogar y ferretería",4,461
4616,CNAE-2009,"Intermediarios del comercio de textiles, prendas de vestir, peletería, calzado y artículos de cuero",4,461
4617,CNAE-2009,"Intermediarios del comercio de productos alimenticios, bebidas y tabaco",4,461
4618,CNAE-2009,Intermediarios del comercio especializados en la venta de otros productos específicos,4,461
4619,CNAE-2009,Intermediarios del comercio de productos diversos,4,461
4621,CNAE-2009,"Comercio al por mayor de cereales, tabaco en rama, simientes y alimentos para animales",4,462
4622,CNAE-2009,Comercio al por mayor de flores y plantas,4,462
4623,CNAE-2009,Comercio al por mayor de animales vivos,4,462
4624,CNAE-2009,Comercio al por mayor de cueros y pieles,4,462
4631,CNAE-2009,Comercio al por mayor de frutas y hortalizas,4,463
4632,CNAE-2009,Comercio al por mayor de carne y productos cárnicos,4,463
4633,CNAE-2009,"Comercio al por mayor de productos lácteos, huevos, aceites y grasas comestibles",4,463
4634,CNAE-2009,Comercio al por mayor de bebidas,4,463
4635,CNAE-2009,Comercio al por mayor de productos del tabaco,4,463
4636,CNAE-2009,"Comercio al por mayor de azúcar, chocolate y confitería",4,463
4637,CNAE-2009,"Comercio al por mayor de café, té, cacao y especias",4,463
4638,CNAE-2009,Comercio al por mayor de pescados y mariscos y otros productos alimenticios,4,463
4639,CNAE-2009,"Comercio al por mayor, no especializado, de productos alimenticios, bebidas y tabaco",4,463
4641,CNAE-2009,Comercio al por mayor de textiles,4,464
4642,CNAE-2009,Comercio al por mayor de prendas de vestir y calzado,4,464
4643,CNAE-2009,Comercio al por mayor de aparatos electrodomésticos,4,464
4644,CNAE-2009,"Comercio al por mayor de porcelana, cristalería y artículos de limpieza",4,464
4645,CNAE-2009,Comercio al por mayor de productos perfumería y cosmética,4,464
4646,CNAE-2009,Comercio al por mayor de productos farmacéuticos,4,464
4647,CNAE-2009,"Comercio al por mayor de muebles, alfombras y aparatos de iluminación",4,464
4648,CNAE-2009,Comercio al por mayor de artículos de relojería y joyería,4,464
4649,CNAE-2009,Comercio al por mayor de otros artículos de uso doméstico,4,464
4651,CNAE-2009,"Comercio al por mayor de ordenadores, equipos periféricos y programas informáticos",4,465
4652,CNAE-2009,Comercio al por mayor de equipos electrónicos y de telecomunicaciones y sus componentes,4,465
4661,CNAE-2009,"Comercio al por mayor de maquinaria, equipos y suministros agrícolas",4,466
4662,CNAE-2009,Comercio al por mayor de máquinas herramienta,4,466
4663,CNAE-2009,"Comercio al por mayor de maquinaria para la minería, la construcción y la ingeniería civil",4,466
4664,CNAE-2009,Comercio al por mayor de maquinaria para la industria textil y de máquinas de coser y tricotar,4,466
4665,CNAE-2009,Comercio al por mayor de muebles de oficina,4,466
4666,CNAE-2009,Comercio al por mayor de otra maquinaria y equipo de oficina,4,466
4669,CNAE-2009,Comercio al por mayor de otra maquinaria y equipo,4,466
4671,CNAE-2009,"Comercio al por mayor de combustibles sólidos, líquidos y gaseosos, y productos similares",4,467
4672,CNAE-2009,Comercio al por mayor de metales y minerales metálicos,4,467
4673,CNAE-2009,"Comercio al por mayor de madera, materiales de construcción y aparatos sanitarios",4,467
4674,CNAE-2009,"Comercio al por mayor de ferretería, fontanería y calefacción",4,467
4675,CNAE-2009,Comercio al por mayor de productos químicos,4,467
4676,CNAE-2009,Comercio al por mayor de otros productos semielaborados,4,467
4677,CNAE-2009,Comercio al por mayor de chatarra y productos de desecho,4,467
4690,CNAE-2009,Comercio al por mayor no especializado,4,469
4711,CNAE-2009,"Comercio al por menor en establecimientos no especializados, con predominio en productos alimenticios, bebidas y tabaco",4,471
4719,CNAE-2009,Otro comercio al por menor en establecimientos no especializados,4,471
4721,CNAE-2009,Comercio al por menor de frutas y hortalizas en establecimientos especializados,4,472
4722,CNAE-2009,Comercio al por menor de carne y productos cárnicos en establecimientos especializados,4,472
4723,CNAE-2009,Comercio al por menor de pescados y mariscos en establecimientos especializados,4,472
4724,CNAE-2009,"Comercio al por menor de pan y productos de panadería, confitería y pastelería en establecimientos especializados",4,472
4725,CNAE-2009,Comercio al por menor de bebidas en establecimientos especializados,4,472
4726,CNAE-2009,Comercio al por menor de productos de tabaco en establecimientos especializados,4,472
4729,CNAE-2009,Otro comercio al por menor de productos alimenticios en establecimientos especializados,4,472
4730,CNAE-2009,Comercio al por menor de combustible para la automoción en establecimientos especializados,4,473
4741,CNAE-2009,"Comercio al por menor de ordenadores, equipos periféricos y programas informáticos en establecimientos especializados",4,474
4742,CNAE-2009,Comercio al por menor de equipos de telecomunicaciones en establecimientos especializados,4,474
4743,CNAE-2009,Comercio al por menor de equipos de audio y vídeo en establecimientos especializados,4,474
4751,CNAE-2009,Comercio al por menor de textiles en establecimientos especializados,4,475
4752,CNAE-2009,"Comercio al por menor de ferretería, pintura y vidrio en establecimientos especializados",4,475
4753,CNAE-2009,"Comercio al por menor de alfombras, moquetas y revestimientos de paredes y suelos en establecimientos especializados",4,475
4754,CNAE-2009,Comercio al por menor de aparatos electrodomésticos en establecimientos especializados,4,475
4759,CNAE-2009,"Comercio al por menor de muebles, aparatos de iluminación y otros artículos de uso doméstico en establecimientos especializados",4,475
4761,CNAE-2009,Comercio al por menor de libros en establecimientos especializados,4,476
4762,CNAE-2009,Comercio al por menor de periódicos y artículos de papelería en establecimientos especializados,4,476
4763,CNAE-2009,Comercio al por menor de grabaciones de música y vídeo en establecimientos especializados,4,476
4764,CNAE-2009,Comercio al por menor de artículos deportivos en establecimientos especializados,4,476
4765,CNAE-2009,Comercio al por menor de juegos y juguetes en establecimientos especializados,4,476
4771,CNAE-2009,Comercio al por menor de prendas de vestir en establecimientos especializados,4,477
4772,CNAE-2009,Comercio al por menor de calzado y artículos de cuero en establecimientos especializados,4,477
4773,CNAE-2009,Comercio al por menor de productos farmacéuticos en establecimientos especializados,4,477
4774,CNAE-2009,Comercio al por menor de artículos médicos y ortopédicos en establecimientos especializados,4,477
4775,CNAE-2009,Comercio al por menor de productos cosméticos e higiénicos en establecimientos especializados,4,477
4776,CNAE-2009,"Comercio al por menor de flores, plantas, semillas, fertilizantes, animales de compañía y alimentos para los mismos en establecimientos especializados",4,477
4777,CNAE-2009,Comercio al por menor de artículos de relojería y joyería en establecimientos especializados,4,477
4778,CNAE-2009,Otro comercio al por menor de artículos nuevos en establecimientos especializados,4,477
4779,CNAE-2009,Comercio al por menor de artículos de segunda mano en establecimientos,4,477
4781,CNAE-2009,"Comercio al por menor de productos alimenticios, bebidas y tabaco en puestos de venta y en mercadillos",4,478
4782,CNAE-2009,"Comercio al por menor de productos textiles, prendas de vestir y calzado en puestos de venta y en mercadillos",4,478
4789,CNAE-2009,Comercio al por menor de otros productos en puestos de venta y en mercadillos,4,478
4791,CNAE-2009,Comercio al por menor por correspondencia o Internet,4,479
4799,CNAE-2009,"Otro comercio al por menor no realizado ni en establecimientos, ni en puestos de venta ni en mercadillos",4,479
4910,CNAE-2009,Transporte interurbano de pasajeros por ferrocarril,4,491
4920,CNAE-2009,Transporte de mercancías por ferrocarril,4,492
4931,CNAE-2009,Transporte terrestre urbano y suburbano de pasajeros,4,493
4932,CNAE-2009,Transporte por taxi,4,493
4939,CNAE-2009,Otros tipos de transporte terrestre de pasajeros n.c.o.p.,4,493
4941,CNAE-2009,Transporte de mercancías por carretera,4,494
4942,CNAE-2009,Servicios de mudanza,4,494
4950,CNAE-2009,Transporte por tubería,4,495
5010,CNAE-2009,Transporte marítimo de pasajeros,4,501
5020,CNAE-2009,Transporte marítimo de mercancías,4,502
5030,CNAE-2009,Transporte de pasajeros por vías navegables interiores,4,503
5040,CNAE-2009,Transporte de mercancías por vías navegables interiores,4,504
5110,CNAE-2009,Transporte aéreo de pasajeros,4,511
5121,CNAE-2009,Transporte aéreo de mercancías,4,512
5122,CNAE-2009,Transporte espacial,4,512
5210,CNAE-2009,Depósito y almacenamiento,4,521
5221,CNAE-2009,Actividades anexas al transporte terrestre,4,522
5222,CNAE-2009,Actividades anexas al transporte marítimo y por vías navegables interiores,4,522
5223,CNAE-2009,Actividades anexas al transporte aéreo,4,522
5224,CNAE-2009,Manipulación de mercancías,4,522
5229,CNAE-2009,Otras actividades anexas al transporte,4,522
5310,CNAE-2009,Actividades postales sometidas a la obligación del servicio universal,4,531
5320,CNAE-2009,Otras actividades postales y de correos,4,532
5510,CNAE-2009,Hoteles y alojamientos similares,4,551
5520,CNAE-2009,Alojamientos turísticos y otros alojamientos de corta estancia,4,552
5530,CNAE-2009,Campings y aparcamientos para caravanas,4,553
5590,CNAE-2009,Otros alojamientos,4,559
5610,CNAE-2009,Restaurantes y puestos de comidas,4,561
5621,CNAE-2009,Provisión de comidas preparadas para eventos,4,562
5629,CNAE-2009,Otros servicios de comidas,4,562
5630,CNAE-2009,Establecimientos de bebidas,4,563
5811,CNAE-2009,Edición de libros,4,581
5812,CNAE-2009,Edición de directorios y guías de direcciones postales,4,581
5813,CNAE-2009,Edición de periódicos,4,581
5814,CNAE-2009,Edición de revistas,4,581
5819,CNAE-2009,Otras actividades editoriales,4,581
5821,CNAE-2009,Edición de videojuegos,4,582
5829,CNAE-2009,Edición de otros programas informáticos,4,582
5912,CNAE-2009,"Actividades de postproducción cinematográfica, de vídeo y de programas de televisión",4,591
5914,CNAE-2009,Actividades de exhibición cinematográfica,4,591
5915,CNAE-2009,Actividades de producción cinematográfica y de vídeo,4,591
5916,CNAE-2009,Actividades de producciones de programas de televisión,4,591
5917,CNAE-2009,Actividades de distribución cinematográfica y de vídeo,4,591
5918,CNAE-2009,Actividades de distribución de programas de televisión,4,591
5920,CNAE-2009,Actividades de grabación de sonido y edición musical,4,592
6010,CNAE-2009,Actividades de radiodifusión,4,601
6020,CNAE-2009,Actividades de programación y emisión de televisión,4,602
6110,CNAE-2009,Telecomunicaciones por cable,4,611
6120,CNAE-2009,Telecomunicaciones inalámbricas,4,612
6130,CNAE-2009,Telecomunicaciones por satélite,4,613
6190,CNAE-2009,Otras actividades de telecomunicaciones,4,619
6201,CNAE-2009,Actividades de programación informática,4,620
6202,CNAE-2009,Actividades de consultoría informática,4,620
6203,CNAE-2009,Gestión de recursos informáticos,4,620
6209,CNAE-2009,Otros servicios relacionados con las tecnologías de la información y la informática,4,620
6311,CNAE-2009,"Proceso de datos, hosting y actividades relacionadas",4,631
6312,CNAE-2009,Portales web,4,631
6391,CNAE-2009,Actividades de las agencias de noticias,4,639
6399,CNAE-2009,Otros servicios de información n.c.o.p.,4,639
6411,CNAE-2009,Banco central,4,641
6419,CNAE-2009,Otra intermediación monetaria,4,641
6420,CNAE-2009,Actividades de las sociedades holding,4,642
6430,CNAE-2009,"Inversión colectiva, fondos y entidades financieras similares",4,643
6491,CNAE-2009,Arrendamiento financiero,4,649
6492,CNAE-2009,Otras actividades crediticias,4,649
6499,CNAE-2009,"Otros servicios financieros, excepto seguros y fondos de pensiones n.c.o.p.",4,649
6511,CNAE-2009,Seguros de vida,4,651
6512,CNAE-2009,Seguros distintos de los seguros de vida,4,651
6520,CNAE-2009,Reaseguros,4,652
6530,CNAE-2009,Fondos de pensiones,4,653
6611,CNAE-2009,Administración de mercados financieros,4,661
6612,CNAE-2009,Actividades de intermediación en operaciones con valores y otros activos,4,661
6619,CNAE-2009,"Otras actividades auxiliares a los servicios financieros, excepto seguros y fondos de pensiones",4,661
6621,CNAE-2009,Evaluación de riesgos y daños,4,662
6622,CNAE-2009,Actividades de agentes y corredores de seguros,4,662
6629,CNAE-2009,Otras actividades auxiliares a seguros y fondos de pensiones,4,662
6630,CNAE-2009,Actividades de gestión de fondos,4,663
6810,CNAE-2009,Compraventa de bienes inmobiliarios por cuenta propia,4,681
6820,CNAE-2009,Alquiler de bienes inmobiliarios por cuenta propia,4,682
6831,CNAE-2009,Agentes de la propiedad inmobiliaria,4,683
6832,CNAE-2009,Gestión y administración de la propiedad inmobiliaria,4,683
6910,CNAE-2009,Actividades jurídicas,4,691
6920,CNAE-2009,"Actividades de contabilidad, teneduría de libros, auditoría y asesoría fiscal",4,692
7010,CNAE-2009,Actividades de las sedes centrales,4,701
7021,CNAE-2009,Relaciones públicas y comunicación,4,702
7022,CNAE-2009,Otras actividades de consultoría de gestión empresarial,4,702
7111,CNAE-2009,Servicios técnicos de arquitectura,4,711
7112,CNAE-2009,Servicios técnicos de ingeniería y otras actividades relacionadas con el asesoramiento técnico,4,711
7120,CNAE-2009,Ensayos y análisis técnicos,4,712
7211,CNAE-2009,Investigación y desarrollo experimental en biotecnología,4,721
7219,CNAE-2009,Otra investigación y desarrollo experimental en ciencias naturales y técnicas,4,721
7220,CNAE-2009,Investigación y desarrollo experimental en ciencias sociales y humanidades,4,722
7311,CNAE-2009,Agencias de publicidad,4,731
7312,CNAE-2009,Servicios de representación de medios de comunicación,4,731
7320,CNAE-2009,Estudio de mercado y realización de encuestas de opinión pública,4,732
7410,CNAE-2009,Actividades de diseño especializado,4,741
7420,CNAE-2009,Actividades de fotografía,4,742
7430,CNAE-2009,Actividades de traducción e interpretación,4,743
7490,CNAE-2009,"Otras actividades profesionales, científicas y técnicas n.c.o.p.",4,749
7500,CNAE-2009,Actividades veterinarias,4,750
7711,CNAE-2009,Alquiler de automóviles y vehículos de motor ligeros,4,771
7712,CNAE-2009,Alquiler de camiones,4,771
7721,CNAE-2009,Alquiler de artículos de ocio y deportivos,4,772
7722,CNAE-2009,Alquiler de cintas de vídeo y discos,4,772
7729,CNAE-2009,Alquiler de otros efectos personales y artículos de uso doméstico,4,772
7731,CNAE-2009,Alquiler de maquinaria y equipo de uso agrícola,4,773
7732,CNAE-2009,Alquiler de maquinaria y equipo para la construcción e ingeniería civil,4,773
7733,CNAE-2009,"Alquiler de maquinaria y equipo de oficina, incluidos ordenadores",4,773
7734,CNAE-2009,Alquiler de medios de navegación,4,773
7735,CNAE-2009,Alquiler de medios de transporte aéreo,4,773
7739,CNAE-2009,"Alquiler de otra maquinaria, equipos y bienes tangibles n.c.o.p.",4,773
7740,CNAE-2009,"Arrendamiento de la propiedad intelectual y productos similares, excepto trabajos protegidos por los derechos de autor",4,774
7810,CNAE-2009,Actividades de las agencias de colocación,4,781
7820,CNAE-2009,Actividades de las empresas de trabajo temporal,4,782
7830,CNAE-2009,Otra provisión de recursos humanos,4,783
7911,CNAE-2009,Actividades de las agencias de viajes,4,791
7912,CNAE-2009,Actividades de los operadores turísticos,4,791
7990,CNAE-2009,Otros servicios de reservas y actividades relacionadas con los mismos,4,799
8010,CNAE-2009,Actividades de seguridad privada,4,801
8020,CNAE-2009,Servicios de sistemas de seguridad,4,802
8030,CNAE-2009,Actividades de investigación,4,803
8110,CNAE-2009,Servicios integrales a edificios e instalaciones,4,811
8121,CNAE-2009,Limpieza general de edificios,4,812
8122,CNAE-2009,Otras actividades de limpieza industrial y de edificios,4,812
8129,CNAE-2009,Otras actividades de limpieza,4,812
8130,CNAE-2009,Actividades de jardinería,4,813
8211,CNAE-2009,Servicios administrativos combinados,4,821
8219,CNAE-2009,"Actividades de fotocopiado, preparación de documentos y otras actividades especializadas de oficina",4,821
8220,CNAE-2009,Actividades de los centros de llamadas,4,822
8230,CNAE-2009,Organización de convenciones y ferias de muestras,4,823
8291,CNAE-2009,Actividades de las agencias de cobros y de información comercial,4,829
8292,CNAE-2009,Actividades de envasado y empaquetado,4,829
8299,CNAE-2009,Otras actividades de apoyo a las empresas n.c.o.p.,4,829
8411,CNAE-2009,Actividades generales de la Administración Pública,4,841
8412,CNAE-2009,"Regulación de las actividades sanitarias, educativas y culturales y otros servicios sociales, excepto Seguridad Social",4,841
8413,CNAE-2009,Regulación de la actividad económica y contribución a su mayor eficiencia,4,841
8421,CNAE-2009,Asuntos exteriores,4,842
8422,CNAE-2009,Defensa,4,842
8423,CNAE-2009,Justicia,4,842
8424,CNAE-2009,Orden público y seguridad,4,842
8425,CNAE-2009,Protección civil,4,842
8430,CNAE-2009,Seguridad Social obligatoria,4,843
8510,CNAE-2009,Educación preprimaria,4,851
8520,CNAE-2009,Educación primaria,4,852
8531,CNAE-2009,Educación secundaria general,4,853
8532,CNAE-2009,Educación secundaria técnica y profesional,4,853
8541,CNAE-2009,Educación postsecundaria no terciaria,4,854
8543,CNAE-2009,Educación universitaria,4,854
8544,CNAE-2009,Educación terciaria no universitaria,4,854
8551,CNAE-2009,Educación deportiva y recreativa,4,855
8552,CNAE-2009,Educación cultural,4,855
8553,CNAE-2009,Actividades de las escuelas de conducción y pilotaje,4,855
8559,CNAE-2009,Otra educación n.c.o.p.,4,855
8560,CNAE-2009,Actividades auxiliares a la educación,4,856
8610,CNAE-2009,Actividades hospitalarias,4,861
8621,CNAE-2009,Actividades de medicina general,4,862
8622,CNAE-2009,Actividades de medicina especializada,4,862
8623,CNAE-2009,Actividades odontológicas,4,862
8690,CNAE-2009,Otras actividades sanitarias,4,869
8710,CNAE-2009,Asistencia en establecimientos residenciales con cuidados sanitarios,4,871
8720,CNAE-2009,"Asistencia en establecimientos residenciales para personas con discapacidad intelectual, enfermedad mental y drogodependencia",4,872
8731,CNAE-2009,Asistencia en establecimientos residenciales para personas mayores,4,873
8732,CNAE-2009,Asistencia en establecimientos residenciales para personas con discapacidad física,4,873
8790,CNAE-2009,Otras actividades de asistencia en establecimientos residenciales,4,879
8811,CNAE-2009,Actividades de servicios sociales sin alojamiento para personas mayores,4,881
8812,CNAE-2009,Actividades de servicios sociales sin alojamiento para personas con discapacidad,4,881
8891,CNAE-2009,Actividades de cuidado diurno de niños,4,889
8899,CNAE-2009,Otros actividades de servicios sociales sin alojamiento n.c.o.p.,4,889
9001,CNAE-2009,Artes escénicas,4,900
9002,CNAE-2009,Actividades auxiliares a las artes escénicas,4,900
9003,CNAE-2009,Creación artística y literaria,4,900
9004,CNAE-2009,Gestión de salas de espectáculos,4,900
9102,CNAE-2009,Actividades de museos,4,910
9103,CNAE-2009,Gestión de lugares y edificios históricos,4,910
9104,CNAE-2009,"Actividades de los jardines botánicos, parques zoológicos y reservas naturales",4,910
9105,CNAE-2009,Actividades de bibliotecas,4,910
9106,CNAE-2009,Actividades de archivos,4,910
9200,CNAE-2009,Actividades de juegos de azar y apuestas,4,920
9311,CNAE-2009,Gestión de instalaciones deportivas,4,931
9312,CNAE-2009,Actividades de los clubes deportivos,4,931
9313,CNAE-2009,Actividades de los gimnasios,4,931
9319,CNAE-2009,Otras actividades deportivas,4,931
9321,CNAE-2009,Actividades de los parques de atracciones y los parques temáticos,4,932
9329,CNAE-2009,Otras actividades recreativas y de entretenimiento,4,932
9411,CNAE-2009,Actividades de organizaciones empresariales y patronales,4,941
9412,CNAE-2009,Actividades de organizaciones profesionales,4,941
9420,CNAE-2009,Actividades sindicales,4,942
9491,CNAE-2009,Actividades de organizaciones religiosas,4,949
9492,CNAE-2009,Actividades de organizaciones políticas,4,949
9499,CNAE-2009,Otras actividades asociativas n.c.o.p.,4,949
9511,CNAE-2009,Reparación de ordenadores y equipos periféricos,4,951
9512,CNAE-2009,Reparación de equipos de comunicación,4,951
9521,CNAE-2009,Reparación de aparatos electrónicos de audio y vídeo de uso doméstico,4,952
9522,CNAE-2009,Reparación de aparatos electrodomésticos y de equipos para el hogar y el jardín,4,952
9523,CNAE-2009,Reparación de calzado y artículos de cuero,4,952
9524,CNAE-2009,Reparación de muebles y artículos de menaje,4,952
9525,CNAE-2009,Reparación de relojes y joyería,4,952
9529,CNAE-2009,Reparación de otros efectos personales y artículos de uso doméstico,4,952
9601,CNAE-2009,Lavado y limpieza de prendas textiles y de piel,4,960
9602,CNAE-2009,Peluquería y otros tratamientos de belleza,4,960
9603,CNAE-2009,Pompas fúnebres y actividades relacionadas,4,960
9604,CNAE-2009,Actividades de mantenimiento físico,4,960
9609,CNAE-2009,Otras servicios personales n.c.o.p.,4,960
9700,CNAE-2009,Actividades de los hogares como empleadores de personal doméstico,4,970
9810,CNAE-2009,Actividades de los hogares como productores de bienes para uso propio,4,981
9820,CNAE-2009,Actividades de los hogares como productores de servicios para uso propio,4,982
9900,CNAE-2009,Actividades de organizaciones y organismos extraterritoriales,4,990
A,CNAE-2025,"AGRICULTURA, GANADERÍA, SILVICULTURA Y PESCA",1,
B,CNAE-2025,INDUSTRIAS EXTRACTIVAS,1,
C,CNAE-2025,INDUSTRIA MANUFACTURERA,1,
D,CNAE-2025,"SUMINISTRO DE ENERGÍA ELÉCTRICA, GAS, VAPOR Y AIRE ACONDICIONADO",1,
E,CNAE-2025,"SUMINISTRO DE AGUA, ACTIVIDADES DE SANEAMIENTO, GESTIÓN DE RESIDUOS Y DESCONTAMINACIÓN",1,
F,CNAE-2025,CONSTRUCCIÓN,1,
G,CNAE-2025,COMERCIO AL POR MAYOR Y AL POR MENOR,1,
H,CNAE-2025,TRANSPORTE Y ALMACENAMIENTO,1,
I,CNAE-2025,HOSTELERÍA,1,
J,CNAE-2025,"ACTIVIDADES DE EDICIÓN, RADIODIFUSIÓN Y PRODUCCIÓN Y DISTRIBUCIÓN DE CONTENIDOS",1,
K,CNAE-2025,"TELECOMUNICACIONES, PROGRAMACIÓN INFORMÁTICA, CONSULTORÍA, INFRAESTRUCTURA INFORMÁTICA Y OTROS SERVICIOS DE INFORMACIÓN",1,
L,CNAE-2025,ACTIVIDADES FINANCIERAS Y DE SEGUROS,1,
M,CNAE-2025,ACTIVIDADES INMOBILIARIAS,1,
N,CNAE-2025,"ACTIVIDADES PROFESIONALES, CIENTÍFICAS Y TÉCNICAS",1,
O,CNAE-2025,ACTIVIDADES ADMINISTRATIVAS Y SERVICIOS AUXILIARES,1,
P,CNAE-2025,ADMINISTRACIÓN PÚBLICA Y DEFENSA; SEGURIDAD SOCIAL OBLIGATORIA,1,
Q,CNAE-2025,EDUCACIÓN,1,
R,CNAE-2025,ACTIVIDADES SANITARIAS Y DE SERVICIOS SOCIALES,1,
S,CNAE-2025,"ACTIVIDADES ARTÍSTICAS, DEPORTIVAS Y DE ENTRETENIMIENTO",1,
T,CNAE-2025,OTROS SERVICIOS,1,
U,CNAE-2025,ACTIVIDADES DE LOS HOGARES COMO EMPLEADORES DE PERSONAL DOMÉSTICO Y COMO PRODUCTORES DE BIENES Y SERVICIOS PARA USO PROPIO,1,
V,CNAE-2025,ORGANISMOS EXTRATERRITORIALES,1,
01,CNAE-2025,"Agricultura, ganadería, caza y servicios relacionados con las mismas",2,A
02,CNAE-2025,Silvicultura y explotación forestal,2,A
03,CNAE-2025,Pesca y acuicultura,2,A
05,CNAE-2025,"Extracción de antracita, hulla, y lignito",2,B
06,CNAE-2025,Extracción de crudo de petróleo y gas natural,2,B
07,CNAE-2025,Extracción de minerales metálicos,2,B
08,CNAE-2025,Otras industrias extractivas,2,B
09,CNAE-2025,Actividades de apoyo a las industrias extractivas,2,B
10,CNAE-2025,Industria alimentaria,2,C
11,CNAE-2025,Fabricación de bebidas,2,C
12,CNAE-2025,Industria del tabaco,2,C
13,CNAE-2025,Industria textil,2,C
14,CNAE-2025,Confección de prendas de vestir,2,C
15,CNAE-2025,Industria del cuero y productos relacionados de otros materiales,2,C
16,CNAE-2025,"Industria de la madera y del corcho, excepto muebles; cestería y espartería",2,C
17,CNAE-2025,Industria del papel,2,C
18,CNAE-2025,Artes gráficas y reproducción de soportes grabados,2,C
19,CNAE-2025,Coquerías y refino de petróleo,2,C
20,CNAE-2025,Industria química,2,C
21,CNAE-2025,Fabricación de productos farmacéuticos,2,C
22,CNAE-2025,Fabricación de productos de caucho y plásticos,2,C
23,CNAE-2025,Fabricación de otros productos minerales no metálicos,2,C
24,CNAE-2025,Metalurgia,2,C
25,CNAE-2025,"Fabricación de productos metálicos, excepto maquinaria y equipo",2,C
26,CNAE-2025,"Fabricación de productos informáticos, electrónicos y ópticos",2,C
27,CNAE-2025,Fabricación de material y equipo eléctrico,2,C
28,CNAE-2025,Fabricación de maquinaria y equipo n.c.o.p.,2,C
29,CNAE-2025,"Fabricación de vehículos de motor, remolques y semirremolques",2,C
30,CNAE-2025,Fabricación de otro material de transporte,2,C
31,CNAE-2025,Fabricación de muebles,2,C
32,CNAE-2025,Otras industrias manufactureras,2,C
33,CNAE-2025,"Reparación, mantenimiento e instalación de maquinaria y equipos",2,C
35,CNAE-2025,"Suministro de energía eléctrica, gas, vapor y aire acondicionado",2,D
36,CNAE-2025,"Captación, depuración y distribución de agua",2,E
37,CNAE-2025,Recogida y tratamiento de aguas residuales,2,E
38,CNAE-2025,"Actividades de recogida, tratamiento y eliminación de residuos",2,E
39,CNAE-2025,Actividades de descontaminación y otros servicios de gestión de residuos,2,E
41,CNAE-2025,Construcción de edificios,2,F
42,CNAE-2025,Ingeniería civil,2,F
43,CNAE-2025,Actividades de construcción especializada,2,F
46,CNAE-2025,Comercio al por mayor,2,G
47,CNAE-2025,Comercio al por menor,2,G
49,CNAE-2025,Transporte terrestre y por tubería,2,H
50,CNAE-2025,Transporte marítimo y por vías navegables interiores,2,H
51,CNAE-2025,Transporte aéreo,2,H
52,CNAE-2025,"Depósito, almacenamiento y actividades auxiliares del transporte",2,H
53,CNAE-2025,Actividades postales y de mensajería,2,H
55,CNAE-2025,Servicios de alojamiento,2,I
56,CNAE-2025,Servicios de comidas y bebidas,2,I
58,CNAE-2025,Edición,2,J
59,CNAE-2025,"Producción cinematográfica, de vídeo y de programas de televisión, grabación de sonido y edición musical",2,J
60,CNAE-2025,"Actividades de programación, radiodifusión, agencias de noticias y otras actividades de distribución de contenidos",2,J
61,CNAE-2025,Telecomunicaciones,2,K
62,CNAE-2025,"Programación, consultoría y otras actividades relacionadas con la informática",2,K
63,CNAE-2025,"Infraestructura informática, tratamiento de datos, hosting y otras actividades de servicios de información",2,K
64,CNAE-2025,"Servicios financieros, excepto seguros y fondos de pensiones",2,L
65,CNAE-2025,"Seguros, reaseguros y planes de pensiones, excepto seguridad social obligatoria",2,L
66,CNAE-2025,Actividades auxiliares a los servicios financieros y a los seguros,2,L
68,CNAE-2025,Actividades inmobiliarias,2,M
69,CNAE-2025,Actividades jurídicas y de contabilidad,2,N
70,CNAE-2025,Actividades de las sedes centrales y consultoría de gestión empresarial,2,N
71,CNAE-2025,Servicios técnicos de arquitectura e ingeniería; ensayos y análisis técnicos,2,N
72,CNAE-2025,Investigación y desarrollo,2,N
73,CNAE-2025,"Actividades de publicidad, estudios de mercado, relaciones públicas y comunicación",2,N
74,CNAE-2025,"Otras actividades profesionales, científicas y técnicas",2,N
75,CNAE-2025,Actividades veterinarias,2,N
77,CNAE-2025,Actividades de alquiler,2,O
78,CNAE-2025,Actividades relacionadas con el empleo,2,O
79,CNAE-2025,"Actividades de agencias de viajes, operadores turísticos, servicios de reservas y actividades relacionadas",2,O
80,CNAE-2025,Servicios de investigación y seguridad,2,O
81,CNAE-2025,Servicios a edificios y actividades de jardinería,2,O
82,CNAE-2025,Actividades administrativas de oficina y otras actividades auxiliares a las empresas,2,O
84,CNAE-2025,Administración pública y defensa; seguridad social obligatoria,2,P
85,CNAE-2025,Educación,2,Q
86,CNAE-2025,Actividades sanitarias,2,R
87,CNAE-2025,Asistencia en establecimientos residenciales,2,R
88,CNAE-2025,Actividades de servicios sociales sin alojamiento,2,R
90,CNAE-2025,Actividades de creación artística y artes escénicas,2,S
91,CNAE-2025,"Actividades de bibliotecas, archivos, museos y otras actividades culturales",2,S
92,CNAE-2025,Actividades de juegos de azar y apuestas,2,S
93,CNAE-2025,"Actividades deportivas, recreativas y de entretenimiento",2,S
94,CNAE-2025,Actividades asociativas,2,T
95,CNAE-2025,"Reparación y mantenimiento de ordenadores, artículos personales y enseres domésticos y vehículos de motor y motocicletas",2,T
96,CNAE-2025,Servicios personales,2,T
97,CNAE-2025,Actividades de los hogares como empleadores de personal doméstico,2,U
98,CNAE-2025,Actividades de los hogares como productores de bienes y servicios para uso propio,2,U
99,CNAE-2025,Actividades de organizaciones y organismos extraterritoriales,2,V
011,CNAE-2025,Cultivos no perennes,3,01
012,CNAE-2025,Cultivos perennes,3,01
013,CNAE-2025,Propagación de plantas,3,01
014,CNAE-2025,Producción ganadera,3,01
015,CNAE-2025,Producción agrícola combinada con la producción ganadera,3,01
016,CNAE-2025,"Actividades de apoyo a la agricultura, a la ganadería y de preparación posterior a la cosecha",3,01
017,CNAE-2025,"Caza, captura de animales y servicios relacionados",3,01
021,CNAE-2025,Silvicultura y otras actividades forestales,3,02
022,CNAE-2025,Explotación de la madera,3,02
023,CNAE-2025,"Recolección de productos silvestres, excepto madera",3,02
024,CNAE-2025,Servicios de apoyo a la silvicultura,3,02
031,CNAE-2025,Pesca,3,03
032,CNAE-2025,Acuicultura,3,03
033,CNAE-2025,Actividades de apoyo a la pesca y la acuicultura,3,03
051,CNAE-2025,Extracción de antracita y hulla,3,05
052,CNAE-2025,Extracción de lignito,3,05
061,CNAE-2025,Extracción de crudo de petróleo,3,06
062,CNAE-2025,Extracción de gas natural,3,06
071,CNAE-2025,Extracción de minerales de hierro,3,07
072,CNAE-2025,Extracción de minerales metálicos no férreos,3,07
081,CNAE-2025,"Extracción de piedra, arena y arcilla",3,08
089,CNAE-2025,Industrias extractivas n.c.o.p.,3,08
091,CNAE-2025,Actividades de apoyo a la extracción de petróleo y gas natural,3,09
099,CNAE-2025,Actividades de apoyo a otras industrias extractivas,3,09
101,CNAE-2025,Procesado y conservación de carne y elaboración de productos cárnicos,3,10
102,CNAE-2025,"Procesado y conservación de pescados, crustáceos y moluscos",3,10
103,CNAE-2025,Procesado y conservación de frutas y hortalizas,3,10
104,CNAE-2025,Fabricación de aceites y grasas vegetales y animales,3,10
105,CNAE-2025,Fabricación de productos lácteos y hielo comestible,3,10
106,CNAE-2025,"Fabricación de productos de molinería, almidones y productos amiláceos",3,10
107,CNAE-2025,Fabricación de productos de panadería y pastas alimenticias,3,10
108,CNAE-2025,Fabricación de otros productos alimenticios,3,10
109,CNAE-2025,Fabricación de productos para la alimentación animal,3,10
110,CNAE-2025,Fabricación de bebidas,3,11
120,CNAE-2025,Industria del tabaco,3,12
131,CNAE-2025,Preparación e hilado de fibras textiles,3,13
132,CNAE-2025,Fabricación de tejidos textiles,3,13
133,CNAE-2025,Acabado de textiles,3,13
139,CNAE-2025,Fabricación de otros productos textiles,3,13
141,CNAE-2025,Confección de prendas de vestir de punto,3,14
142,CNAE-2025,Confección de otras prendas de vestir y accesorios,3,14
151,CNAE-2025,"Preparación, teñido y curtido de cueros y pieles; fabricación de artículos de marroquinería, viaje y de guarnicionería y talabartería",3,15
152,CNAE-2025,Fabricación de calzado,3,15
161,CNAE-2025,Aserrado y cepillado de la madera; transformación y acabado de la madera,3,16
162,CNAE-2025,"Fabricación de productos de madera, corcho, cestería y espartería",3,16
171,CNAE-2025,"Fabricación de pasta papelera, papel y cartón",3,17
172,CNAE-2025,Fabricación de artículos de papel y de cartón,3,17
181,CNAE-2025,Artes gráficas y servicios relacionados,3,18
182,CNAE-2025,Reproducción de soportes grabados,3,18
191,CNAE-2025,Coquerías,3,19
192,CNAE-2025,Refino de petróleo y de combustibles fósiles,3,19
201,CNAE-2025,"Fabricación de productos químicos básicos, compuestos nitrogenados, fertilizantes, plásticos y caucho sintético en formas primarias",3,20
202,CNAE-2025,"Fabricación de pesticidas, desinfectantes y otros productos agroquímicos",3,20
203,CNAE-2025,"Fabricación de pinturas, barnices y revestimientos similares, tintas de imprenta y masillas",3,20
204,CNAE-2025,"Fabricación de artículos de lavado, limpieza y abrillantamiento",3,20
205,CNAE-2025,Fabricación de otros productos químicos,3,20
206,CNAE-2025,Fabricación de fibras artificiales y sintéticas,3,20
211,CNAE-2025,Fabricación de productos farmacéuticos de base,3,21
212,CNAE-2025,Fabricación de especialidades farmacéuticas,3,21
221,CNAE-2025,Fabricación de productos de caucho,3,22
222,CNAE-2025,Fabricación de productos de plástico,3,22
231,CNAE-2025,Fabricación de vidrio y productos de vidrio,3,23
232,CNAE-2025,Fabricación de productos cerámicos refractarios,3,23
233,CNAE-2025,Fabricación de productos cerámicos para la construcción,3,23
234,CNAE-2025,Fabricación de otros productos cerámicos,3,23
235,CNAE-2025,"Fabricación de cemento, cal y yeso",3,23
236,CNAE-2025,"Fabricación de elementos de hormigón, cemento y yeso",3,23
237,CNAE-2025,"Corte, tallado y acabado de la piedra",3,23
239,CNAE-2025,Fabricación de productos abrasivos y productos minerales no metálicos n.c.o.p.,3,23
241,CNAE-2025,"Fabricación de productos básicos de hierro, acero y ferroaleaciones",3,24
242,CNAE-2025,"Fabricación de tubos, tuberías, perfiles huecos y sus accesorios, de acero",3,24
243,CNAE-2025,Fabricación de otros productos de primera transformación del acero,3,24
244,CNAE-2025,Producción de metales preciosos y de otros metales no férreos,3,24
245,CNAE-2025,Fundición de metales,3,24
251,CNAE-2025,Fabricación de elementos metálicos para la construcción,3,25
252,CNAE-2025,"Fabricación de cisternas, grandes depósitos y contenedores de metal",3,25
253,CNAE-2025,Fabricación de armas y municiones,3,25
254,CNAE-2025,Forja y modelado de metales y metalurgia de polvos,3,25
255,CNAE-2025,"Tratamiento, revestimiento y mecanizado de metales",3,25
256,CNAE-2025,"Fabricación de artículos de cuchillería y cubertería, herramientas y ferretería",3,25
259,CNAE-2025,Fabricación de otros productos metálicos,3,25
261,CNAE-2025,Fabricación de componentes electrónicos y circuitos impresos ensamblados,3,26
262,CNAE-2025,Fabricación de ordenadores y equipos periféricos,3,26
263,CNAE-2025,Fabricación de equipos de telecomunicaciones,3,26
264,CNAE-2025,Fabricación de productos electrónicos de consumo,3,26
265,CNAE-2025,Fabricación de instrumentos de verificación de medidas y relojes,3,26
266,CNAE-2025,"Fabricación de equipos de radiación, electromédicos y electroterapéuticos",3,26
267,CNAE-2025,"Fabricación de instrumentos ópticos, soportes magnéticos y ópticos y equipos fotográficos",3,26
271,CNAE-2025,"Fabricación de motores, generadores y transformadores eléctricos, y de aparatos de distribución y control eléctrico",3,27
272,CNAE-2025,Fabricación de pilas y acumuladores eléctricos,3,27
273,CNAE-2025,Fabricación de cables y dispositivos de cableado,3,27
274,CNAE-2025,Fabricación de equipos de iluminación,3,27
275,CNAE-2025,Fabricación de aparatos domésticos,3,27
279,CNAE-2025,Fabricación de otro material y equipo eléctrico,3,27
281,CNAE-2025,Fabricación de maquinaria de uso general,3,28
282,CNAE-2025,Fabricación de otra maquinaria de uso general,3,28
283,CNAE-2025,Fabricación de maquinaria agraria y forestal,3,28
284,CNAE-2025,Fabricación de maquinaria para el conformado de metales y de máquinas herramienta,3,28
289,CNAE-2025,Fabricación de otra maquinaria para usos específicos,3,28
291,CNAE-2025,Fabricación de vehículos de motor,3,29
292,CNAE-2025,Fabricación de carrocerías para vehículos de motor; fabricación de remolques y semirremolques,3,29
293,CNAE-2025,Fabricación de repuestos y accesorios de vehículos de motor,3,29
301,CNAE-2025,Construcción naval,3,30
302,CNAE-2025,Fabricación de locomotoras y material ferroviario,3,30
303,CNAE-2025,Construcción aeronáutica y espacial y su maquinaria,3,30
304,CNAE-2025,Fabricación de vehículos militares de combate,3,30
309,CNAE-2025,Fabricación de otro material de transporte n.c.o.p.,3,30
310,CNAE-2025,Fabricación de muebles,3,31
321,CNAE-2025,"Fabricación de artículos de joyería, bisutería y similares",3,32
322,CNAE-2025,Fabricación de instrumentos musicales,3,32
323,CNAE-2025,Fabricación de artículos de deporte,3,32
324,CNAE-2025,Fabricación de juegos y juguetes,3,32
325,CNAE-2025,Fabricación de instrumentos y suministros médicos y odontológicos,3,32
329,CNAE-2025,Industrias manufactureras n.c.o.p.,3,32
331,CNAE-2025,"Reparación y mantenimiento de productos metálicos, maquinaria y equipos",3,33
332,CNAE-2025,Instalación de máquinas y equipos industriales,3,33
351,CNAE-2025,"Producción, transporte y distribución de energía eléctrica",3,35
352,CNAE-2025,Producción de gas y distribución por tubería de combustibles gaseosos,3,35
353,CNAE-2025,Suministro de vapor y aire acondicionado,3,35
354,CNAE-2025,Actividades de intermediación de energía eléctrica y gas natural,3,35
360,CNAE-2025,"Captación, depuración y distribución de agua",3,36
370,CNAE-2025,Recogida y tratamiento de aguas residuales,3,37
381,CNAE-2025,Recogida de residuos,3,38
382,CNAE-2025,Valorización de residuos,3,38
383,CNAE-2025,Eliminación de residuos sin valorización,3,38
390,CNAE-2025,Actividades de descontaminación y otros servicios de gestión de residuos,3,39
410,CNAE-2025,Construcción de edificios,3,41
421,CNAE-2025,"Construcción de carreteras y vías férreas, puentes y túneles",3,42
422,CNAE-2025,Construcción de redes,3,42
429,CNAE-2025,Construcción de otros proyectos de ingeniería civil,3,42
431,CNAE-2025,Demolición y preparación de terrenos,3,43
432,CNAE-2025,"Instalaciones eléctricas, de fontanería y otras instalaciones en obras de construcción",3,43
433,CNAE-2025,Acabado de edificios,3,43
434,CNAE-2025,Actividades de construcción especializada en la construcción de edificios,3,43
435,CNAE-2025,Actividades de construcción especializada en ingeniería civil,3,43
436,CNAE-2025,Actividades de intermediación para servicios de construcción especializada,3,43
439,CNAE-2025,Otras actividades de construcción especializada,3,43
461,CNAE-2025,Intermediarios del comercio al por mayor,3,46
462,CNAE-2025,Comercio al por mayor de materias primas agrarias y de animales vivos,3,46
463,CNAE-2025,"Comercio al por mayor de productos alimenticios, bebidas y tabaco",3,46
464,CNAE-2025,Comercio al por mayor de artículos de uso doméstico,3,46
465,CNAE-2025,Comercio al por mayor de equipos para las tecnologías de la información y las comunicaciones,3,46
466,CNAE-2025,"Comercio al por mayor de otra maquinaria, equipos y suministros",3,46
467,CNAE-2025,"Comercio al por mayor de vehículos de motor, motocicletas y sus repuestos y accesorios",3,46
468,CNAE-2025,Otro comercio al por mayor especializado,3,46
469,CNAE-2025,Comercio al por mayor no especializado,3,46
471,CNAE-2025,Comercio al por menor no especializado,3,47
472,CNAE-2025,"Comercio al por menor de productos alimenticios, bebidas y tabaco",3,47
473,CNAE-2025,Comercio al por menor de combustible para la automoción,3,47
474,CNAE-2025,Comercio al por menor de equipos para las tecnologías de la información y las comunicaciones,3,47
475,CNAE-2025,Comercio al por menor de otros artículos de uso doméstico,3,47
476,CNAE-2025,Comercio al por menor de artículos culturales y recreativos,3,47
477,CNAE-2025,"Comercio al por menor de otros artículos, excepto vehículos de motor y motocicletas",3,47
478,CNAE-2025,"Comercio al por menor de vehículos de motor, motocicletas y sus repuestos y accesorios",3,47
479,CNAE-2025,Actividades de servicios de intermediación para el comercio al por menor,3,47
491,CNAE-2025,Transporte de pasajeros por ferrocarril,3,49
492,CNAE-2025,Transporte de mercancías por ferrocarril,3,49
493,CNAE-2025,Otro transporte terrestre de pasajeros,3,49
494,CNAE-2025,Transporte de mercancías por carretera y servicios de mudanza,3,49
495,CNAE-2025,Transporte por tubería,3,49
501,CNAE-2025,Transporte marítimo de pasajeros,3,50
502,CNAE-2025,Transporte marítimo de mercancías,3,50
503,CNAE-2025,Transporte de pasajeros por vías navegables interiores,3,50
504,CNAE-2025,Transporte de mercancías por vías navegables interiores,3,50
511,CNAE-2025,Transporte aéreo de pasajeros,3,51
512,CNAE-2025,Transporte aéreo de mercancías y transporte espacial,3,51
521,CNAE-2025,Depósito y almacenamiento,3,52
522,CNAE-2025,Actividades auxiliares del transporte,3,52
523,CNAE-2025,Actividades de intermediación para el transporte,3,52
531,CNAE-2025,Actividades postales sometidas a la obligación del servicio universal,3,53
532,CNAE-2025,Otras actividades postales y de mensajería,3,53
533,CNAE-2025,Servicios de intermediación para las actividades postales y de mensajería,3,53
551,CNAE-2025,Hoteles y alojamientos similares,3,55
552,CNAE-2025,Alojamientos turísticos y otros alojamientos de corta estancia,3,55
553,CNAE-2025,Campings y aparcamientos para caravanas,3,55
554,CNAE-2025,Actividades de intermediación para los servicios de alojamiento,3,55
559,CNAE-2025,Otros servicios de alojamiento,3,55
561,CNAE-2025,Restaurantes y puestos de comidas,3,56
562,CNAE-2025,Servicios de catering y otros servicios de comidas,3,56
563,CNAE-2025,Servicios de bebidas,3,56
564,CNAE-2025,Actividades de intermediación para los servicios de comidas y bebidas,3,56
581,CNAE-2025,"Edición de libros, periódicos y otras actividades editoriales, excepto la edición de programas informáticos",3,58
582,CNAE-2025,Edición de programas informáticos,3,58
591,CNAE-2025,"Actividades cinematográficas, de vídeo y de programas de televisión",3,59
592,CNAE-2025,Actividades de grabación de sonido y edición musical,3,59
601,CNAE-2025,Actividades de radiodifusión y distribución de audio,3,60
602,CNAE-2025,"Actividades de programación de televisión, emisión y distribución de vídeos",3,60
603,CNAE-2025,Actividades de las agencias de noticias y otras actividades de distribución de contenidos,3,60
611,CNAE-2025,"Actividades de telecomunicaciones por cable, inalámbricas y por satélite",3,61
612,CNAE-2025,Actividades de reventa de telecomunicaciones y servicios de intermediación para telecomunicaciones,3,61
619,CNAE-2025,Otras actividades de telecomunicaciones,3,61
621,CNAE-2025,Actividades de programación informática,3,62
622,CNAE-2025,Actividades de consultoría informática y gestión de instalaciones informáticas,3,62
629,CNAE-2025,Otros servicios relacionados con las tecnologías de la información y la informática,3,62
631,CNAE-2025,"Infraestructura informática, procesamiento de datos, hosting y actividades relacionadas",3,63
639,CNAE-2025,Actividades de portales de búsqueda en la web y otras actividades de servicios de información,3,63
641,CNAE-2025,Intermediación monetaria,3,64
642,CNAE-2025,Actividades de sociedades holding y de sociedades instrumentales de financiación,3,64
643,CNAE-2025,"Actividades de inversión colectiva, de fondos y de entidades financieras similares",3,64
649,CNAE-2025,"Otros servicios financieros, excepto seguros y fondos de pensiones",3,64
651,CNAE-2025,Seguros,3,65
652,CNAE-2025,Reaseguros,3,65
653,CNAE-2025,Fondos de pensiones,3,65
661,CNAE-2025,"Actividades auxiliares a los servicios financieros, excepto seguros y fondos de pensiones",3,66
662,CNAE-2025,Actividades auxiliares a seguros y fondos de pensiones,3,66
663,CNAE-2025,Actividades de gestión de fondos,3,66
681,CNAE-2025,Actividades inmobiliarias por cuenta propia y promoción inmobiliaria,3,68
682,CNAE-2025,Alquiler de bienes inmobiliarios por cuenta propia,3,68
683,CNAE-2025,Actividades inmobiliarias por cuenta de terceros,3,68
691,CNAE-2025,Actividades jurídicas,3,69
692,CNAE-2025,"Actividades de contabilidad, teneduría de libros, auditoría y asesoría fiscal",3,69
701,CNAE-2025,Actividades de las sedes centrales,3,70
702,CNAE-2025,Otras actividades de consultoría de gestión empresarial,3,70
711,CNAE-2025,Servicios técnicos de arquitectura e ingeniería y otras actividades relacionadas con el asesoramiento técnico,3,71
712,CNAE-2025,Ensayos y análisis técnicos,3,71
721,CNAE-2025,Investigación y desarrollo experimental en ciencias naturales y técnicas,3,72
722,CNAE-2025,Investigación y desarrollo experimental en ciencias sociales y humanidades,3,72
731,CNAE-2025,Publicidad,3,73
732,CNAE-2025,Estudios de mercado y realización de encuestas de opinión pública,3,73
733,CNAE-2025,Relaciones públicas y comunicación,3,73
741,CNAE-2025,Actividades de diseño especializado,3,74
742,CNAE-2025,Actividades de fotografía,3,74
743,CNAE-2025,Actividades de traducción e interpretación,3,74
749,CNAE-2025,"Otras actividades profesionales, científicas y técnicas n.c.o.p.",3,74
750,CNAE-2025,Actividades veterinarias,3,75
771,CNAE-2025,Alquiler de vehículos de motor,3,77
772,CNAE-2025,Alquiler de efectos personales y artículos de uso doméstico,3,77
773,CNAE-2025,"Alquiler de otra maquinaria, equipos y bienes tangibles",3,77
774,CNAE-2025,"Arrendamiento de la propiedad intelectual y productos similares, excepto obras protegidas por derechos de autor",3,77
775,CNAE-2025,Servicios de intermediación para el alquiler de bienes tangibles y de activos intangibles no financieros,3,77
781,CNAE-2025,Actividades de las agencias de colocación,3,78
782,CNAE-2025,Actividades de las empresas de trabajo temporal y otra provisión de recursos humanos,3,78
791,CNAE-2025,Actividades de agencias de viajes y operadores turísticos,3,79
799,CNAE-2025,Otros servicios de reservas y actividades relacionadas con los mismos,3,79
800,CNAE-2025,Servicios de investigación y seguridad,3,80
811,CNAE-2025,Servicios integrales a edificios e instalaciones,3,81
812,CNAE-2025,Actividades de limpieza,3,81
813,CNAE-2025,Actividades de jardinería,3,81
821,CNAE-2025,Actividades administrativas y auxiliares de oficina,3,82
822,CNAE-2025,Actividades de los centros de llamadas,3,82
823,CNAE-2025,Organización de convenciones y ferias de muestras,3,82
824,CNAE-2025,Actividades de intermediación para servicios de apoyo a las empresas n.c.o.p.,3,82
829,CNAE-2025,Otras actividades de apoyo a las empresas n.c.o.p.,3,82
841,CNAE-2025,"Administración pública y de la política económica, social y medioambiental",3,84
842,CNAE-2025,Prestación de servicios a la comunidad en general,3,84
843,CNAE-2025,Seguridad social obligatoria,3,84
851,CNAE-2025,Educación preprimaria,3,85
852,CNAE-2025,Educación primaria,3,85
853,CNAE-2025,Educación secundaria y educación postsecundaria no terciaria,3,85
854,CNAE-2025,Educación terciaria,3,85
855,CNAE-2025,Otra educación,3,85
856,CNAE-2025,Actividades auxiliares a la educación,3,85
861,CNAE-2025,Actividades hospitalarias,3,86
862,CNAE-2025,Actividades médicas y odontológicas,3,86
869,CNAE-2025,Otras actividades sanitarias,3,86
871,CNAE-2025,Asistencia en establecimientos residenciales con cuidados sanitarios,3,87
872,CNAE-2025,Asistencia en establecimientos residenciales para personas que padecen una enfermedad mental o una drogodependencia o que han recibido un diagnóstico al respecto,3,87
873,CNAE-2025,Asistencia en establecimientos residenciales para personas mayores o con discapacidad física,3,87
879,CNAE-2025,Otras actividades de asistencia en establecimientos residenciales,3,87
881,CNAE-2025,Actividades de servicios sociales sin alojamiento para personas mayores o con discapacidad,3,88
889,CNAE-2025,Otras actividades de servicios sociales sin alojamiento,3,88
901,CNAE-2025,Actividades de creación artística,3,90
902,CNAE-2025,Actividades de artes escénicas,3,90
903,CNAE-2025,Actividades de apoyo a la creación artística y a las artes escénicas,3,90
911,CNAE-2025,Actividades de bibliotecas y archivos,3,91
912,CNAE-2025,"Actividades de museos, colecciones de arte, sitios históricos y monumentos",3,91
913,CNAE-2025,"Conservación, restauración y otras actividades de apoyo al patrimonio cultural",3,91
914,CNAE-2025,"Actividades de los jardines botánicos, parques zoológicos y reservas naturales",3,91
920,CNAE-2025,Actividades de juegos de azar y apuestas,3,92
931,CNAE-2025,Actividades deportivas,3,93
932,CNAE-2025,Otras actividades recreativas y de entretenimiento,3,93
941,CNAE-2025,"Actividades de organizaciones empresariales, profesionales y patronales",3,94
942,CNAE-2025,Actividades sindicales,3,94
949,CNAE-2025,Otras actividades asociativas,3,94
951,CNAE-2025,Reparación y mantenimiento de ordenadores y equipos de comunicación,3,95
952,CNAE-2025,Reparación y mantenimiento de efectos personales y artículos de uso doméstico,3,95
953,CNAE-2025,Reparación y mantenimiento de vehículos de motor y motocicletas,3,95
954,CNAE-2025,"Actividades de intermediación para reparación y mantenimiento de ordenadores, artículos personales y enseres domésticos y vehículos de motor y motocicletas",3,95
961,CNAE-2025,Lavado y limpieza de prendas de tela y de piel,3,96
962,CNAE-2025,"Peluquería, tratamientos de belleza, spas y actividades similares",3,96
963,CNAE-2025,Pompas fúnebres y actividades relacionadas,3,96
964,CNAE-2025,Actividades de intermediación para servicios personales,3,96
969,CNAE-2025,Otros servicios personales,3,96
970,CNAE-2025,Actividades de los hogares como empleadores de personal doméstico,3,97
981,CNAE-2025,Actividades de los hogares como productores de bienes para uso propio,3,98
982,CNAE-2025,Actividades de los hogares como productores de servicios para uso propio,3,98
990,CNAE-2025,Actividades de organizaciones y organismos extraterritoriales,3,99
0111,CNAE-2025,"Cultivo de cereales, distintos de arroz, leguminosas y oleaginosas",4,011
0112,CNAE-2025,Cultivo de arroz,4,011
0113,CNAE-2025,"Cultivo de hortalizas, raíces y tubérculos",4,011
0114,CNAE-2025,Cultivo de caña de azúcar,4,011
0115,CNAE-2025,Cultivo de tabaco,4,011
0116,CNAE-2025,Cultivo de plantas para fibras textiles,4,011
0119,CNAE-2025,Otros cultivos no perennes,4,011
0121,CNAE-2025,Cultivo de la vid,4,012
0122,CNAE-2025,Cultivo de frutos tropicales y subtropicales,4,012
0123,CNAE-2025,Cultivo de cítricos,4,012
0124,CNAE-2025,Cultivo de frutos con hueso y pepitas,4,012
0125,CNAE-2025,Cultivo de otros árboles y arbustos frutales y frutos secos,4,012
0126,CNAE-2025,Cultivo de frutos oleaginosos,4,012
0127,CNAE-2025,Cultivo de plantas para bebidas,4,012
0128,CNAE-2025,"Cultivo de especias, plantas aromáticas, medicinales y farmacéuticas",4,012
0129,CNAE-2025,Otros cultivos perennes,4,012
0130,CNAE-2025,Propagación de plantas,4,013
0141,CNAE-2025,Explotación de ganado bovino para la producción de leche,4,014
0142,CNAE-2025,Explotación de otro ganado bovino y búfalos,4,014
0143,CNAE-2025,Explotación de caballos y otros equinos,4,014
0144,CNAE-2025,Explotación de camellos y otros camélidos,4,014
0145,CNAE-2025,Explotación de ganado ovino y caprino,4,014
0146,CNAE-2025,Explotación de ganado porcino,4,014
0147,CNAE-2025,Avicultura,4,014
0148,CNAE-2025,Otras explotaciones de ganado,4,014
0150,CNAE-2025,Producción agrícola combinada con la producción ganadera,4,015
0161,CNAE-2025,Actividades de apoyo a la agricultura,4,016
0162,CNAE-2025,Actividades de apoyo a la ganadería,4,016
0163,CNAE-2025,Actividades de preparación posterior a la cosecha y tratamiento de semillas para reproducción,4,016
0170,CNAE-2025,"Caza, captura de animales y servicios relacionados",4,017
0210,CNAE-2025,Silvicultura y otras actividades forestales,4,021
0220,CNAE-2025,Explotación de la madera,4,022
0230,CNAE-2025,"Recolección de productos silvestres, excepto madera",4,023
0240,CNAE-2025,Servicios de apoyo a la silvicultura,4,024
0311,CNAE-2025,Pesca marina,4,031
0312,CNAE-2025,Pesca en agua dulce,4,031
0321,CNAE-2025,Acuicultura marina,4,032
0322,CNAE-2025,Acuicultura en agua dulce,4,032
0330,CNAE-2025,Actividades de apoyo a la pesca y la acuicultura,4,033
0510,CNAE-2025,Extracción de antracita y hulla,4,051
0520,CNAE-2025,Extracción de lignito,4,052
0610,CNAE-2025,Extracción de crudo de petróleo,4,061
0620,CNAE-2025,Extracción de gas natural,4,062
0710,CNAE-2025,Extracción de minerales de hierro,4,071
0721,CNAE-2025,Extracción de minerales de uranio y torio,4,072
0729,CNAE-2025,Extracción de otros minerales metálicos no férreos,4,072
0811,CNAE-2025,"Extracción de piedra ornamental, piedra caliza, yeso, pizarra y otras piedras",4,081
0812,CNAE-2025,Extracción de gravas y arenas y extracción de arcilla y caolín,4,081
0891,CNAE-2025,Extracción de minerales para productos químicos y fertilizantes,4,089
0892,CNAE-2025,Extracción de turba,4,089
0893,CNAE-2025,Extracción de sal,4,089
0899,CNAE-2025,Otras industrias extractivas n.c.o.p.,4,089
0910,CNAE-2025,Actividades de apoyo a la extracción de petróleo y gas natural,4,091
0990,CNAE-2025,Actividades de apoyo a otras industrias extractivas,4,099
1011,CNAE-2025,"Procesado y conservación de carne, excepto volatería",4,101
1012,CNAE-2025,Procesado y conservación de volatería,4,101
1013,CNAE-2025,Elaboración de productos cárnicos y de volatería,4,101
1021,CNAE-2025,"Procesado de pescados, crustáceos y moluscos",4,102
1022,CNAE-2025,Fabricación de conservas de pescado,4,102
1031,CNAE-2025,Procesado y conservación de patatas,4,103
1032,CNAE-2025,Elaboración de zumos de frutas y hortalizas,4,103
1039,CNAE-2025,Otro procesado y conservación de frutas y hortalizas,4,103
1042,CNAE-2025,Fabricación de margarina y grasas comestibles similares,4,104
1043,CNAE-2025,Fabricación de aceite de oliva,4,104
1044,CNAE-2025,Fabricación de otros aceites y grasas,4,104
1052,CNAE-2025,Fabricación de helados y otros hielos comestibles,4,105
1053,CNAE-2025,Fabricación de quesos,4,105
1054,CNAE-2025,Preparación de leche y otros productos lácteos,4,105
1061,CNAE-2025,Fabricación de productos de molinería,4,106
1062,CNAE-2025,Fabricación de almidones y productos amiláceos,4,106
1071,CNAE-2025,Fabricación de pan y de productos frescos de panadería y pastelería,4,107
1072,CNAE-2025,Fabricación de galletas y productos de panadería y pastelería de larga duración,4,107
1073,CNAE-2025,Elaboración de pastas alimenticias,4,107
1081,CNAE-2025,Fabricación de azúcar,4,108
1082,CNAE-2025,"Fabricación de cacao, chocolate y productos de confitería",4,108
1083,CNAE-2025,"Elaboración de café, té e infusiones",4,108
1084,CNAE-2025,"Elaboración de especias, salsas y condimentos",4,108
1085,CNAE-2025,Elaboración de platos y comidas preparados,4,108
1086,CNAE-2025,Elaboración de preparados alimenticios homogeneizados y alimentos dietéticos,4,108
1089,CNAE-2025,Elaboración de otros productos alimenticios n.c.o.p.,4,108
1091,CNAE-2025,Fabricación de productos para la alimentación de animales de granja,4,109
1092,CNAE-2025,Fabricación de productos para la alimentación de animales de compañía,4,109
1101,CNAE-2025,"Destilación, rectificación y mezcla de bebidas alcohólicas",4,110
1102,CNAE-2025,Elaboración de vinos,4,110
1103,CNAE-2025,Elaboración de sidra y otras bebidas fermentadas a partir de frutas,4,110
1104,CNAE-2025,"Elaboración de otras bebidas no destiladas, procedentes de la fermentación",4,110
1105,CNAE-2025,Fabricación de cerveza,4,110
1106,CNAE-2025,Fabricación de malta,4,110
1107,CNAE-2025,Fabricación de bebidas no alcohólicas y aguas embotelladas,4,110
1200,CNAE-2025,Industria del tabaco,4,120
1310,CNAE-2025,Preparación e hilado de fibras textiles,4,131
1320,CNAE-2025,Fabricación de tejidos textiles,4,132
1330,CNAE-2025,Acabado de textiles,4,133
1391,CNAE-2025,Fabricación de tejidos de punto,4,139
1392,CNAE-2025,Fabricación de textiles para el hogar y artículos de decoración confeccionados,4,139
1393,CNAE-2025,Fabricación de alfombras y moquetas,4,139
1394,CNAE-2025,"Fabricación de cuerdas, cordeles, bramantes y redes",4,139
1395,CNAE-2025,Fabricación de telas no tejidas y artículos confeccionados con ellas,4,139
1396,CNAE-2025,Fabricación de otros productos textiles de uso técnico e industrial,4,139
1399,CNAE-2025,Fabricación de otros productos textiles n.c.o.p.,4,139
1410,CNAE-2025,Confección de prendas de vestir de punto,4,141
1421,CNAE-2025,Confección de prendas de vestir exteriores,4,142
1422,CNAE-2025,Confección de ropa interior,4,142
1423,CNAE-2025,Confección de ropa de trabajo,4,142
1424,CNAE-2025,Confección de prendas de vestir de cuero y peletería,4,142
1429,CNAE-2025,Confección de otras prendas de vestir y accesorios n.c.o.p.,4,142
1511,CNAE-2025,"Preparación, curtido y teñido de cueros y pieles",4,151
1512,CNAE-2025,"Fabricación de artículos de marroquinería, viaje y de guarnicionería y talabartería de cualquier material",4,151
1520,CNAE-2025,Fabricación de calzado,4,152
1611,CNAE-2025,Aserrado y cepillado de la madera,4,161
1612,CNAE-2025,Transformación y acabado de la madera,4,161
1621,CNAE-2025,Fabricación de chapas y tableros de madera,4,162
1622,CNAE-2025,Fabricación de suelos de madera ensamblados,4,162
1623,CNAE-2025,"Fabricación de otras estructuras de madera y piezas de carpintería y ebanistería para la construcción, excepto las destinadas a construcción industrializada",4,162
1624,CNAE-2025,Fabricación de envases y embalajes de madera,4,162
1625,CNAE-2025,Fabricación de puertas y ventanas de madera,4,162
1626,CNAE-2025,Fabricación de combustibles sólidos a partir de biomasa vegetal,4,162
1627,CNAE-2025,Acabado de productos de madera,4,162
1628,CNAE-2025,"Fabricación de otros productos de madera, artículos de corcho, cestería y espartería",4,162
1629,CNAE-2025,Fabricación de otras estructuras de madera y piezas de carpintería y ebanistería destinadas a la construcción industrializada,4,162
1711,CNAE-2025,Fabricación de pasta papelera,4,171
1712,CNAE-2025,Fabricación de papel y cartón,4,171
1721,CNAE-2025,Fabricación de papel y cartón ondulados y de envases y embalajes de papel y cartón,4,172
1722,CNAE-2025,"Fabricación de artículos de papel y cartón para uso doméstico, sanitario e higiénico",4,172
1723,CNAE-2025,Fabricación de artículos de papelería,4,172
1724,CNAE-2025,Fabricación de papeles pintados,4,172
1725,CNAE-2025,Fabricación de otros artículos de papel y cartón,4,172
1811,CNAE-2025,Impresión de periódicos,4,181
1812,CNAE-2025,Otras actividades de impresión y artes gráficas,4,181
1813,CNAE-2025,Servicios de preimpresión y preparación de soportes,4,181
1814,CNAE-2025,Encuadernación y servicios relacionados,4,181
1820,CNAE-2025,Reproducción de soportes grabados,4,182
1910,CNAE-2025,Coquerías,4,191
1920,CNAE-2025,Refino de petróleo y de combustibles fósiles,4,192
2011,CNAE-2025,Fabricación de gases industriales,4,201
2012,CNAE-2025,Fabricación de colorantes y pigmentos,4,201
2013,CNAE-2025,Fabricación de otros productos básicos de química inorgánica,4,201
2014,CNAE-2025,Fabricación de otros productos básicos de química orgánica,4,201
2015,CNAE-2025,Fabricación de fertilizantes y compuestos nitrogenados,4,201
2016,CNAE-2025,Fabricación de plásticos en formas primarias,4,201
2017,CNAE-2025,Fabricación de caucho sintético en formas primarias,4,201
2020,CNAE-2025,"Fabricación de pesticidas, desinfectantes y otros productos agroquímicos",4,202
2030,CNAE-2025,"Fabricación de pinturas, barnices y revestimientos similares, tintas de imprenta y masillas",4,203
2041,CNAE-2025,"Fabricación de jabones, detergentes y otros artículos de limpieza y abrillantamiento",4,204
2042,CNAE-2025,Fabricación de productos de perfumería y cosmética,4,204
2051,CNAE-2025,Fabricación de biocombustibles líquidos,4,205
2059,CNAE-2025,Fabricación de otros productos químicos n.c.o.p.,4,205
2060,CNAE-2025,Fabricación de fibras artificiales y sintéticas,4,206
2110,CNAE-2025,Fabricación de productos farmacéuticos de base,4,211
2120,CNAE-2025,Fabricación de especialidades farmacéuticas,4,212
2211,CNAE-2025,"Fabricación, recauchutado y reconstrucción de neumáticos de caucho y fabricación de cámaras",4,221
2212,CNAE-2025,Fabricación de otros productos de caucho,4,221
2221,CNAE-2025,"Fabricación de placas, hojas, tubos y perfiles de plástico",4,222
2222,CNAE-2025,Fabricación de envases y embalajes de plástico,4,222
2223,CNAE-2025,Fabricación de puertas y ventanas de plástico,4,222
2224,CNAE-2025,Fabricación de productos de plástico para la construcción,4,222
2225,CNAE-2025,Transformación y acabado de productos de plástico,4,222
2226,CNAE-2025,Fabricación de otros productos de plástico,4,222
2311,CNAE-2025,Fabricación de vidrio plano,4,231
2312,CNAE-2025,Manipulado y transformación de vidrio plano,4,231
2313,CNAE-2025,Fabricación de vidrio hueco,4,231
2314,CNAE-2025,Fabricación de fibra de vidrio,4,231
2315,CNAE-2025,"Fabricación y manipulado de otro vidrio, incluido el vidrio técnico",4,231
2320,CNAE-2025,Fabricación de productos cerámicos refractarios,4,232
2331,CNAE-2025,Fabricación de azulejos y baldosas de cerámica,4,233
2332,CNAE-2025,"Fabricación de ladrillos, tejas y productos de tierras cocidas para la construcción",4,233
2341,CNAE-2025,Fabricación de artículos cerámicos de uso doméstico y ornamental,4,234
2342,CNAE-2025,Fabricación de aparatos sanitarios cerámicos,4,234
2343,CNAE-2025,Fabricación de aisladores y piezas aislantes de material cerámico,4,234
2344,CNAE-2025,Fabricación de otros productos cerámicos de uso técnico,4,234
2345,CNAE-2025,Fabricación de otros productos cerámicos,4,234
2351,CNAE-2025,Fabricación de cemento,4,235
2352,CNAE-2025,Fabricación de cal y yeso,4,235
2362,CNAE-2025,Fabricación de elementos de yeso para la construcción,4,236
2363,CNAE-2025,Fabricación de hormigón fresco,4,236
2364,CNAE-2025,Fabricación de mortero,4,236
2365,CNAE-2025,Fabricación de fibrocemento,4,236
2366,CNAE-2025,"Fabricación de otros productos de hormigón, yeso y cemento",4,236
2367,CNAE-2025,Fabricación de elementos de hormigón para la construcción no industrializada,4,236
2368,CNAE-2025,Fabricación de elementos de hormigón para la construcción industrializada,4,236
2370,CNAE-2025,"Corte, tallado y acabado de la piedra",4,237
2391,CNAE-2025,Fabricación de productos abrasivos,4,239
2399,CNAE-2025,Fabricación de otros productos minerales no metálicos n.c.o.p.,4,239
2410,CNAE-2025,"Fabricación de productos básicos de hierro, acero y ferroaleaciones",4,241
2420,CNAE-2025,"Fabricación de tubos, tuberías, perfiles huecos y sus accesorios, de acero",4,242
2431,CNAE-2025,Estirado en frío,4,243
2432,CNAE-2025,Laminado en frío,4,243
2433,CNAE-2025,Producción de perfiles en frío por conformación con plegado,4,243
2434,CNAE-2025,Trefilado en frío,4,243
2441,CNAE-2025,Producción de metales preciosos,4,244
2442,CNAE-2025,Producción de aluminio,4,244
2443,CNAE-2025,"Producción de plomo, zinc y estaño",4,244
2444,CNAE-2025,Producción de cobre,4,244
2445,CNAE-2025,Producción de otros metales no férreos,4,244
2446,CNAE-2025,Procesamiento de combustibles nucleares,4,244
2451,CNAE-2025,Fundición de hierro,4,245
2452,CNAE-2025,Fundición de acero,4,245
2453,CNAE-2025,Fundición de metales ligeros,4,245
2454,CNAE-2025,Fundición de otros metales no férreos,4,245
2512,CNAE-2025,Fabricación de puertas y ventanas de metal,4,251
2513,CNAE-2025,"Fabricación de estructuras metálicas y sus componentes, excepto las destinadas a construcción industrializada",4,251
2514,CNAE-2025,Fabricación de estructuras metálicas y sus componentes destinadas a construcción industrializada,4,251
2521,CNAE-2025,"Fabricación de radiadores, generadores de vapor y calderas para calefacción central",4,252
2522,CNAE-2025,"Fabricación de otras cisternas, grandes depósitos y contenedores de metal",4,252
2530,CNAE-2025,Fabricación de armas y municiones,4,253
2540,CNAE-2025,Forja y modelado de metales y metalurgia de polvos,4,254
2551,CNAE-2025,Revestimiento de metales,4,255
2552,CNAE-2025,Tratamiento térmico de metales,4,255
2553,CNAE-2025,Mecanizado de metales,4,255
2561,CNAE-2025,Fabricación de artículos de cuchillería y cubertería,4,256
2562,CNAE-2025,Fabricación de cerraduras y herrajes,4,256
2563,CNAE-2025,Fabricación de herramientas,4,256
2591,CNAE-2025,Fabricación de bidones y toneles de hierro o acero,4,259
2592,CNAE-2025,Fabricación de envases y embalajes metálicos ligeros,4,259
2593,CNAE-2025,"Fabricación de productos de alambre, cadenas y muelles",4,259
2594,CNAE-2025,Fabricación de pernos y productos de tornillería,4,259
2599,CNAE-2025,Fabricación de otros productos metálicos n.c.o.p.,4,259
2611,CNAE-2025,Fabricación de componentes electrónicos,4,261
2612,CNAE-2025,Fabricación de circuitos impresos ensamblados,4,261
2620,CNAE-2025,Fabricación de ordenadores y equipos periféricos,4,262
2630,CNAE-2025,Fabricación de equipos de telecomunicaciones,4,263
2640,CNAE-2025,Fabricación de productos electrónicos de consumo,4,264
2651,CNAE-2025,"Fabricación de instrumentos y aparatos de medida, verificación y navegación",4,265
2652,CNAE-2025,Fabricación de relojes,4,265
2660,CNAE-2025,"Fabricación de equipos de radiación, electromédicos y electroterapéuticos",4,266
2670,CNAE-2025,"Fabricación de instrumentos ópticos, soportes magnéticos y ópticos y equipos fotográficos",4,267
2711,CNAE-2025,"Fabricación de motores, generadores y transformadores eléctricos",4,271
2712,CNAE-2025,Fabricación de aparatos de distribución y control eléctrico,4,271
2720,CNAE-2025,Fabricación de pilas y acumuladores eléctricos,4,272
2731,CNAE-2025,Fabricación de cables de fibra óptica,4,273
2732,CNAE-2025,Fabricación de otros hilos y cables electrónicos y eléctricos,4,273
2733,CNAE-2025,Fabricación de dispositivos de cableado,4,273
2740,CNAE-2025,Fabricación de equipos de iluminación,4,274
2751,CNAE-2025,Fabricación de electrodomésticos,4,275
2752,CNAE-2025,Fabricación de aparatos domésticos no eléctricos,4,275
2790,CNAE-2025,Fabricación de otro material y equipo eléctrico,4,279
2811,CNAE-2025,"Fabricación de motores y turbinas, excepto los destinados a aeronaves, vehículos automóviles y ciclomotores",4,281
2812,CNAE-2025,Fabricación de equipos de transmisión hidráulica y neumática,4,281
2813,CNAE-2025,Fabricación de otras bombas y compresores,4,281
2814,CNAE-2025,Fabricación de otra grifería y válvulas,4,281
2815,CNAE-2025,"Fabricación de cojinetes, engranajes y órganos mecánicos de transmisión",4,281
2821,CNAE-2025,"Fabricación de hornos, quemadores y equipos de calefacción doméstica permanente",4,282
2822,CNAE-2025,Fabricación de maquinaria de elevación y manipulación,4,282
2823,CNAE-2025,"Fabricación de máquinas y equipos de oficina, excepto equipos informáticos",4,282
2824,CNAE-2025,Fabricación de herramientas eléctricas manuales,4,282
2825,CNAE-2025,Fabricación de equipos de aire acondicionado no domésticos,4,282
2829,CNAE-2025,Fabricación de otra maquinaria de uso general n.c.o.p.,4,282
2830,CNAE-2025,Fabricación de maquinaria agraria y forestal,4,283
2841,CNAE-2025,Fabricación de maquinaria para el conformado de metales y de otras máquinas herramienta para trabajar el metal,4,284
2842,CNAE-2025,Fabricación de otras máquinas herramienta,4,284
2891,CNAE-2025,Fabricación de maquinaria para la industria metalúrgica,4,289
2892,CNAE-2025,Fabricación de maquinaria para las industrias extractivas y de la construcción,4,289
2893,CNAE-2025,"Fabricación de maquinaria para la industria de la alimentación, bebidas y tabaco",4,289
2894,CNAE-2025,"Fabricación de maquinaria para las industrias textil, de la confección y del cuero",4,289
2895,CNAE-2025,Fabricación de maquinaria para la industria del papel y del cartón,4,289
2896,CNAE-2025,Fabricación de maquinaria para las industrias del plástico y del caucho,4,289
2897,CNAE-2025,Fabricación de maquinaria de fabricación aditiva,4,289
2899,CNAE-2025,Fabricación de otra maquinaria para usos específicos n.c.o.p.,4,289
2910,CNAE-2025,Fabricación de vehículos de motor,4,291
2920,CNAE-2025,Fabricación de carrocerías para vehículos de motor; fabricación de remolques y semirremolques,4,292
2931,CNAE-2025,Fabricación de equipos eléctricos y electrónicos para vehículos de motor,4,293
2932,CNAE-2025,"Fabricación de otros componentes, piezas y accesorios para vehículos de motor",4,293
3011,CNAE-2025,Construcción de buques civiles y estructuras flotantes,4,301
3012,CNAE-2025,Construcción de embarcaciones de recreo y deporte,4,301
3013,CNAE-2025,Construcción de embarcaciones y buques militares,4,301
3020,CNAE-2025,Fabricación de locomotoras y material ferroviario,4,302
3031,CNAE-2025,Construcción aeronáutica y espacial civil y su maquinaria,4,303
3032,CNAE-2025,Construcción aeronáutica y espacial militar y su maquinaria,4,303
3040,CNAE-2025,Fabricación de vehículos militares de combate,4,304
3091,CNAE-2025,Fabricación de motocicletas,4,309
3092,CNAE-2025,Fabricación de bicicletas y de vehículos para personas con discapacidad,4,309
3099,CNAE-2025,Fabricación de otro material de transporte n.c.o.p.,4,309
3100,CNAE-2025,Fabricación de muebles,4,310
3211,CNAE-2025,Fabricación de monedas,4,321
3212,CNAE-2025,Fabricación de artículos de joyería y artículos similares,4,321
3213,CNAE-2025,Fabricación de artículos de bisutería y artículos similares,4,321
3220,CNAE-2025,Fabricación de instrumentos musicales,4,322
3230,CNAE-2025,Fabricación de artículos de deporte,4,323
3240,CNAE-2025,Fabricación de juegos y juguetes,4,324
3250,CNAE-2025,Fabricación de instrumentos y suministros médicos y odontológicos,4,325
3291,CNAE-2025,"Fabricación de escobas, brochas y cepillos",4,329
3299,CNAE-2025,Otras industrias manufactureras n.c.o.p.,4,329
3311,CNAE-2025,Reparación y mantenimiento de productos metálicos,4,331
3312,CNAE-2025,Reparación y mantenimiento de maquinaria,4,331
3313,CNAE-2025,Reparación y mantenimiento de equipos electrónicos y ópticos,4,331
3314,CNAE-2025,Reparación y mantenimiento de equipos eléctricos,4,331
3315,CNAE-2025,Reparación y mantenimiento de buques y embarcaciones civiles,4,331
3316,CNAE-2025,Reparación y mantenimiento aeronáutico y espacial civil,4,331
3317,CNAE-2025,Reparación y mantenimiento de otro material de transporte civil,4,331
3318,CNAE-2025,"Reparación y mantenimiento de vehículos de combate, buques, embarcaciones, vehículos aéreos y espaciales militares",4,331
3319,CNAE-2025,Reparación y mantenimiento de otros equipos,4,331
3320,CNAE-2025,Instalación de máquinas y equipos industriales,4,332
3511,CNAE-2025,Producción de energía eléctrica a partir de fuentes no renovables,4,351
3512,CNAE-2025,Producción de energía eléctrica a partir de fuentes renovables,4,351
3513,CNAE-2025,Transporte de energía eléctrica,4,351
3514,CNAE-2025,Distribución de energía eléctrica,4,351
3515,CNAE-2025,Comercio de energía eléctrica,4,351
3516,CNAE-2025,Almacenamiento de energía eléctrica,4,351
3521,CNAE-2025,Producción de gas,4,352
3522,CNAE-2025,Distribución por tubería de combustibles gaseosos,4,352
3523,CNAE-2025,Comercio de gas por tuberías,4,352
3524,CNAE-2025,Almacenamiento de gas como parte de los servicios de suministro de la red,4,352
3530,CNAE-2025,Suministro de vapor y aire acondicionado,4,353
3540,CNAE-2025,Actividades de intermediación de energía eléctrica y gas natural,4,354
3600,CNAE-2025,"Captación, depuración y distribución de agua",4,360
3700,CNAE-2025,Recogida y tratamiento de aguas residuales,4,370
3811,CNAE-2025,Recogida de residuos no peligrosos,4,381
3812,CNAE-2025,Recogida de residuos peligrosos,4,381
3821,CNAE-2025,Valorización de materiales,4,382
3822,CNAE-2025,Valorización energética,4,382
3823,CNAE-2025,Otra valorización de residuos,4,382
3831,CNAE-2025,Incineración sin valorización energética,4,383
3832,CNAE-2025,Depósito en vertederos o almacenamiento permanente,4,383
3833,CNAE-2025,Otra eliminación de residuos,4,383
3900,CNAE-2025,Actividades de descontaminación y otros servicios de gestión de residuos,4,390
4101,CNAE-2025,Construcción de edificios residenciales,4,410
4102,CNAE-2025,Construcción de edificios no residenciales,4,410
4211,CNAE-2025,Construcción de carreteras y autopistas,4,421
4212,CNAE-2025,Construcción de vías férreas de superficie y subterráneas,4,421
4213,CNAE-2025,Construcción de puentes y túneles,4,421
4221,CNAE-2025,Construcción de redes para fluidos,4,422
4222,CNAE-2025,Construcción de redes eléctricas y de telecomunicaciones,4,422
4291,CNAE-2025,Obras hidráulicas,4,429
4299,CNAE-2025,Construcción de otros proyectos de ingeniería civil n.c.o.p.,4,429
4311,CNAE-2025,Demolición,4,431
4312,CNAE-2025,Preparación de terrenos,4,431
4313,CNAE-2025,Perforaciones y sondeos,4,431
4321,CNAE-2025,Instalaciones eléctricas,4,432
4322,CNAE-2025,"Fontanería, instalación de sistemas de calefacción y aire acondicionado",4,432
4323,CNAE-2025,Instalación de aislamientos,4,432
4324,CNAE-2025,Otras instalaciones en obras de construcción,4,432
4331,CNAE-2025,Revocamiento,4,433
4332,CNAE-2025,Instalación de carpintería,4,433
4333,CNAE-2025,Revestimiento de suelos y paredes,4,433
4334,CNAE-2025,Pintura y acristalamiento,4,433
4335,CNAE-2025,Otros acabados de edificios,4,433
4341,CNAE-2025,Construcción de cubiertas,4,434
4342,CNAE-2025,Otras actividades de construcción especializada en la construcción de edificios,4,434
4350,CNAE-2025,Actividades de construcción especializada en ingeniería civil,4,435
4360,CNAE-2025,Actividades de intermediación para servicios de construcción especializada,4,436
4391,CNAE-2025,Actividades de mampostería y albañilería,4,439
4399,CNAE-2025,Otras actividades de construcción especializada n.c.o.p.,4,439
4611,CNAE-2025,"Actividades de intermediarios del comercio al por mayor de materias primas agrarias, animales vivos, materias primas textiles y productos semielaborados",4,461
4612,CNAE-2025,"Actividades de intermediarios del comercio al por mayor de combustibles, minerales, metales y productos químicos industriales",4,461
4613,CNAE-2025,Actividades de intermediarios del comercio al por mayor de la madera y materiales de construcción,4,461
4614,CNAE-2025,"Actividades de intermediarios del comercio al por mayor de maquinaria, equipo industrial, embarcaciones y aeronaves",4,461
4615,CNAE-2025,"Actividades de intermediarios del comercio al por mayor de muebles, artículos para el hogar y ferretería",4,461
4616,CNAE-2025,"Actividades de intermediarios del comercio al por mayor de textiles, prendas de vestir, peletería, calzado y artículos de cuero",4,461
4617,CNAE-2025,"Actividades de intermediarios del comercio al por mayor de productos alimenticios, bebidas y tabaco",4,461
4618,CNAE-2025,Actividades de intermediarios del comercio al por mayor de otros productos específicos,4,461
4619,CNAE-2025,Actividades de los agentes del comercio al por mayor no especializado,4,461
4621,CNAE-2025,"Comercio al por mayor de cereales, tabaco en rama, simientes y alimentos para animales",4,462
4622,CNAE-2025,Comercio al por mayor de flores y plantas,4,462
4623,CNAE-2025,Comercio al por mayor de animales vivos,4,462
4624,CNAE-2025,Comercio al por mayor de cueros y pieles,4,462
4631,CNAE-2025,Comercio al por mayor de frutas y hortalizas,4,463
4632,CNAE-2025,"Comercio al por mayor de carne, productos cárnicos; pescado y productos del pescado",4,463
4633,CNAE-2025,"Comercio al por mayor de productos lácteos, huevos, aceites y grasas comestibles",4,463
4634,CNAE-2025,Comercio al por mayor de bebidas,4,463
4635,CNAE-2025,Comercio al por mayor de productos del tabaco,4,463
4636,CNAE-2025,"Comercio al por mayor de azúcar, chocolate y confitería",4,463
4637,CNAE-2025,"Comercio al por mayor de café, té, cacao y especias",4,463
4638,CNAE-2025,Comercio al por mayor de otros alimentos,4,463
4639,CNAE-2025,"Comercio al por mayor, no especializado, de productos alimenticios, bebidas y tabaco",4,463
4641,CNAE-2025,Comercio al por mayor de textiles,4,464
4642,CNAE-2025,Comercio al por mayor de prendas de vestir y calzado,4,464
4643,CNAE-2025,Comercio al por mayor de aparatos electrodomésticos,4,464
4644,CNAE-2025,"Comercio al por mayor de porcelana, cristalería y artículos de limpieza",4,464
4645,CNAE-2025,Comercio al por mayor de productos de perfumería y cosmética,4,464
4646,CNAE-2025,Comercio al por mayor de productos farmacéuticos y médicos,4,464
4647,CNAE-2025,"Comercio al por mayor de muebles para el hogar, oficinas y establecimientos comerciales, alfombras y aparatos de iluminación",4,464
4648,CNAE-2025,Comercio al por mayor de artículos de relojería y joyería,4,464
4649,CNAE-2025,Comercio al por mayor de otros artículos de uso doméstico,4,464
4650,CNAE-2025,Comercio al por mayor de equipos para las tecnologías de la información y las comunicaciones,4,465
4661,CNAE-2025,"Comercio al por mayor de maquinaria, equipos y suministros agrícolas",4,466
4662,CNAE-2025,Comercio al por mayor de máquinas herramienta,4,466
4663,CNAE-2025,"Comercio al por mayor de maquinaria para la minería, la construcción y la ingeniería civil",4,466
4664,CNAE-2025,Comercio al por mayor de otra maquinaria y equipo,4,466
4671,CNAE-2025,Comercio al por mayor de vehículos de motor,4,467
4672,CNAE-2025,Comercio al por mayor de repuestos y accesorios de vehículos de motor,4,467
4673,CNAE-2025,"Comercio al por mayor de motocicletas, y repuestos y accesorios de motocicletas",4,467
4681,CNAE-2025,"Comercio al por mayor de combustibles sólidos, líquidos y gaseosos, y productos similares",4,468
4682,CNAE-2025,Comercio al por mayor de metales y minerales metálicos,4,468
4683,CNAE-2025,"Comercio al por mayor de madera, materiales de construcción y aparatos sanitarios",4,468
4684,CNAE-2025,"Comercio al por mayor de equipos y suministros de ferretería, fontanería y calefacción",4,468
4685,CNAE-2025,Comercio al por mayor de productos químicos,4,468
4686,CNAE-2025,Comercio al por mayor de otros productos semielaborados,4,468
4687,CNAE-2025,Comercio al por mayor de chatarra y productos de desecho,4,468
4689,CNAE-2025,Otro comercio al por mayor especializado n.c.o.p.,4,468
4690,CNAE-2025,Comercio al por mayor no especializado,4,469
4711,CNAE-2025,"Comercio al por menor no especializado con predominio de productos alimenticios, bebidas y tabaco",4,471
4712,CNAE-2025,Otro comercio al por menor no especializado,4,471
4721,CNAE-2025,Comercio al por menor de frutas y verduras,4,472
4722,CNAE-2025,Comercio al por menor de carne y productos cárnicos,4,472
4723,CNAE-2025,Comercio al por menor de pescados y mariscos,4,472
4724,CNAE-2025,"Comercio al por menor de pan, productos de panadería y confitería",4,472
4725,CNAE-2025,Comercio al por menor de bebidas,4,472
4726,CNAE-2025,Comercio al por menor de productos de tabaco,4,472
4727,CNAE-2025,Comercio al por menor de otros productos alimenticios,4,472
4730,CNAE-2025,Comercio al por menor de combustible para la automoción,4,473
4740,CNAE-2025,Comercio al por menor de equipos para las tecnologías de la información y las comunicaciones,4,474
4751,CNAE-2025,Comercio al por menor de textiles,4,475
4752,CNAE-2025,"Comercio al por menor de ferretería, materiales de construcción, pinturas y vidrio",4,475
4753,CNAE-2025,"Comercio al por menor de alfombras, moquetas y revestimientos de paredes y suelos",4,475
4754,CNAE-2025,Comercio al por menor de aparatos electrodomésticos,4,475
4755,CNAE-2025,"Comercio al por menor de muebles, aparatos de iluminación, vajilla y otros artículos de uso doméstico",4,475
4761,CNAE-2025,Comercio al por menor de libros,4,476
4762,CNAE-2025,Comercio al por menor de periódicos y otras publicaciones periódicas y artículos de papelería,4,476
4763,CNAE-2025,Comercio al por menor de artículos deportivos,4,476
4764,CNAE-2025,Comercio al por menor de juegos y juguetes,4,476
4769,CNAE-2025,Comercio al por menor de artículos culturales y recreativos n.c.o.p.,4,476
4771,CNAE-2025,Comercio al por menor de prendas de vestir,4,477
4772,CNAE-2025,Comercio al por menor de calzado y artículos de cuero,4,477
4773,CNAE-2025,Comercio al por menor de productos farmacéuticos,4,477
4774,CNAE-2025,Comercio al por menor de artículos médicos y ortopédicos,4,477
4775,CNAE-2025,Comercio al por menor de productos de cosmética e higiene,4,477
4776,CNAE-2025,"Comercio al por menor de flores, plantas, fertilizantes, animales de compañía y alimentos para estos",4,477
4777,CNAE-2025,Comercio al por menor de artículos de relojería y joyería,4,477
4778,CNAE-2025,Comercio al por menor de otros productos nuevos,4,477
4779,CNAE-2025,Comercio al por menor de artículos de segunda mano,4,477
4781,CNAE-2025,Comercio al por menor de vehículos de motor,4,478
4782,CNAE-2025,Comercio al por menor de repuestos y accesorios de vehículos de motor,4,478
4783,CNAE-2025,"Comercio al por menor de motocicletas, y repuestos y accesorios de motocicletas",4,478
4791,CNAE-2025,Actividades de servicios de intermediación para el comercio al por menor no especializado,4,479
4792,CNAE-2025,Actividades de servicios de intermediación para el comercio al por menor especializado,4,479
4911,CNAE-2025,Transporte pesado de pasajeros por ferrocarril,4,491
4912,CNAE-2025,Otro transporte de pasajeros por ferrocarril,4,491
4920,CNAE-2025,Transporte de mercancías por ferrocarril,4,492
4931,CNAE-2025,Transporte regular de pasajeros por carretera,4,493
4932,CNAE-2025,Transporte no regular de pasajeros por carretera,4,493
4933,CNAE-2025,Servicios de transporte de pasajeros bajo demanda en vehículos con conductor,4,493
4934,CNAE-2025,Transporte de pasajeros en teleféricos y remontes,4,493
4939,CNAE-2025,Otros tipos de transporte terrestre de pasajeros n.c.o.p.,4,493
4941,CNAE-2025,Transporte de mercancías por carretera,4,494
4942,CNAE-2025,Servicios de mudanzas,4,494
4950,CNAE-2025,Transporte por tubería,4,495
5010,CNAE-2025,Transporte marítimo de pasajeros,4,501
5020,CNAE-2025,Transporte marítimo de mercancías,4,502
5030,CNAE-2025,Transporte de pasajeros por vías navegables interiores,4,503
5040,CNAE-2025,Transporte de mercancías por vías navegables interiores,4,504
5110,CNAE-2025,Transporte aéreo de pasajeros,4,511
5121,CNAE-2025,Transporte aéreo de mercancías,4,512
5122,CNAE-2025,Transporte espacial,4,512
5210,CNAE-2025,Depósito y almacenamiento,4,521
5221,CNAE-2025,Actividades auxiliares del transporte terrestre,4,522
5222,CNAE-2025,Actividades auxiliares del transporte marítimo y por vías navegables interiores,4,522
5223,CNAE-2025,Actividades auxiliares del transporte aéreo,4,522
5224,CNAE-2025,Manipulación de mercancías,4,522
5225,CNAE-2025,Actividades de servicios logísticos,4,522
5226,CNAE-2025,Otras actividades auxiliares del transporte,4,522
5231,CNAE-2025,Actividades de intermediación para el transporte de mercancías,4,523
5232,CNAE-2025,Actividades de intermediación para el transporte de pasajeros,4,523
5310,CNAE-2025,Actividades postales sometidas a la obligación del servicio universal,4,531
5320,CNAE-2025,Otras actividades postales y de mensajería,4,532
5330,CNAE-2025,Servicios de intermediación para las actividades postales y de mensajería,4,533
5510,CNAE-2025,Hoteles y alojamientos similares,4,551
5520,CNAE-2025,Alojamientos turísticos y otros alojamientos de corta estancia,4,552
5530,CNAE-2025,Campings y aparcamientos para caravanas,4,553
5540,CNAE-2025,Actividades de intermediación para los servicios de alojamiento,4,554
5590,CNAE-2025,Otros servicios de alojamiento,4,559
5611,CNAE-2025,Restaurantes,4,561
5612,CNAE-2025,Puestos de comidas,4,561
5621,CNAE-2025,Servicios ocasionales de catering,4,562
5622,CNAE-2025,Servicios regulares de catering y otros servicios de comidas,4,562
5630,CNAE-2025,Servicios de bebidas,4,563
5640,CNAE-2025,Actividades de intermediación para los servicios de comidas y bebidas,4,564
5811,CNAE-2025,Edición de libros,4,581
5812,CNAE-2025,Edición de periódicos,4,581
5813,CNAE-2025,Edición de revistas,4,581
5819,CNAE-2025,"Otras actividades editoriales, excepto la edición de programas informáticos",4,581
5821,CNAE-2025,Edición de videojuegos,4,582
5829,CNAE-2025,Edición de otros programas informáticos,4,582
5912,CNAE-2025,"Actividades de posproducción cinematográfica, de vídeo y de programas de televisión",4,591
5914,CNAE-2025,Actividades de exhibición cinematográfica,4,591
5915,CNAE-2025,Actividades de producción cinematográfica y de vídeo,4,591
5916,CNAE-2025,Actividades de producción de programas de televisión,4,591
5917,CNAE-2025,"Actividades de distribución cinematográfica y de vídeo, excepto de programas de televisión.",4,591
5918,CNAE-2025,Actividades de distribución de programas de televisión,4,591
5920,CNAE-2025,Actividades de grabación de sonido y edición musical,4,592
6010,CNAE-2025,Actividades de radiodifusión y distribución de audio,4,601
6020,CNAE-2025,"Actividades de programación de televisión, emisión y distribución de vídeos",4,602
6031,CNAE-2025,Actividades de las agencias de noticias,4,603
6039,CNAE-2025,Otras actividades de distribución de contenidos,4,603
6110,CNAE-2025,"Actividades de telecomunicaciones por cable, inalámbricas y por satélite",4,611
6120,CNAE-2025,Actividades de reventa de telecomunicaciones y servicios de intermediación para telecomunicaciones,4,612
6190,CNAE-2025,Otras actividades de telecomunicaciones,4,619
6210,CNAE-2025,Actividades de programación informática,4,621
6220,CNAE-2025,Actividades de consultoría informática y gestión de instalaciones informáticas,4,622
6290,CNAE-2025,Otros servicios relacionados con las tecnologías de la información y la informática,4,629
6310,CNAE-2025,"Infraestructura informática, procesamiento de datos, hosting y actividades relacionadas",4,631
6391,CNAE-2025,Actividades de portales de búsqueda en la web,4,639
6392,CNAE-2025,Otros servicios de información,4,639
6411,CNAE-2025,Banca central,4,641
6419,CNAE-2025,Otra intermediación monetaria,4,641
6421,CNAE-2025,Actividades de sociedades holding,4,642
6422,CNAE-2025,Actividades de sociedades instrumentales de financiación,4,642
6431,CNAE-2025,Actividades de fondos de inversión monetarios y no monetarios,4,643
6432,CNAE-2025,"Actividades de cuentas fiduciarias, patrimoniales y de agencia",4,643
6491,CNAE-2025,Arrendamiento financiero,4,649
6492,CNAE-2025,Otras actividades crediticias,4,649
6499,CNAE-2025,"Otros servicios financieros, excepto seguros y fondos de pensiones n.c.o.p.",4,649
6511,CNAE-2025,Seguros de vida,4,651
6512,CNAE-2025,Seguros distintos de los seguros de vida,4,651
6520,CNAE-2025,Reaseguros,4,652
6530,CNAE-2025,Fondos de pensiones,4,653
6611,CNAE-2025,Administración de mercados financieros,4,661
6613,CNAE-2025,Actividades de financiación participativa,4,661
6614,CNAE-2025,Otras actividades de intermediación en operaciones con valores y otros activos,4,661
6619,CNAE-2025,"Otras actividades auxiliares a los servicios financieros, excepto seguros y fondos de pensiones",4,661
6621,CNAE-2025,Evaluación de riesgos y daños,4,662
6622,CNAE-2025,Actividades de agentes y corredores de seguros,4,662
6629,CNAE-2025,Actividades auxiliares a seguros y fondos de pensiones n.c.o.p.,4,662
6630,CNAE-2025,Actividades de gestión de fondos,4,663
6811,CNAE-2025,Compraventa de bienes inmobiliarios por cuenta propia,4,681
6812,CNAE-2025,Promoción inmobiliaria,4,681
6820,CNAE-2025,Alquiler de bienes inmobiliarios por cuenta propia,4,682
6831,CNAE-2025,Servicios de intermediación para actividades inmobiliarias,4,683
6832,CNAE-2025,Otras actividades inmobiliarias por cuenta de terceros,4,683
6910,CNAE-2025,Actividades jurídicas,4,691
6920,CNAE-2025,"Actividades de contabilidad, teneduría de libros, auditoría y asesoría fiscal",4,692
7010,CNAE-2025,Actividades de las sedes centrales,4,701
7020,CNAE-2025,Otras actividades de consultoría de gestión empresarial,4,702
7111,CNAE-2025,Servicios técnicos de arquitectura,4,711
7112,CNAE-2025,Servicios técnicos de ingeniería y otras actividades relacionadas con el asesoramiento técnico,4,711
7120,CNAE-2025,Ensayos y análisis técnicos,4,712
7210,CNAE-2025,Investigación y desarrollo experimental en ciencias naturales y técnicas,4,721
7220,CNAE-2025,Investigación y desarrollo experimental en ciencias sociales y humanidades,4,722
7311,CNAE-2025,Actividades de las agencias de publicidad,4,731
7312,CNAE-2025,Servicios de representación de medios de comunicación,4,731
7320,CNAE-2025,Estudios de mercado y realización de encuestas de opinión pública,4,732
7330,CNAE-2025,Relaciones públicas y comunicación,4,733
7411,CNAE-2025,Actividades de diseño de productos industriales y moda,4,741
7412,CNAE-2025,Actividades de diseño gráfico y de comunicación visual,4,741
7413,CNAE-2025,Actividades de diseño de interiores,4,741
7414,CNAE-2025,Otras actividades de diseño especializado,4,741
7420,CNAE-2025,Actividades de fotografía,4,742
7430,CNAE-2025,Actividades de traducción e interpretación,4,743
7491,CNAE-2025,Actividades de los agentes de patentes y de los servicios de marketing,4,749
7499,CNAE-2025,"Todas las demás actividades profesionales, científicas y técnicas n.c.o.p.",4,749
7500,CNAE-2025,Actividades veterinarias,4,750
7711,CNAE-2025,Alquiler de automóviles y vehículos de motor ligeros,4,771
7712,CNAE-2025,Alquiler de camiones,4,771
7721,CNAE-2025,Alquiler de artículos de ocio y deportivos,4,772
7722,CNAE-2025,Alquiler de efectos personales y artículos de uso doméstico,4,772
7731,CNAE-2025,Alquiler de maquinaria y equipo de uso agrícola,4,773
7732,CNAE-2025,Alquiler de maquinaria y equipo para la construcción e ingeniería civil,4,773
7733,CNAE-2025,Alquiler de maquinaria y equipo de oficina y ordenadores,4,773
7734,CNAE-2025,Alquiler de medios de navegación,4,773
7735,CNAE-2025,Alquiler de medios de transporte aéreo,4,773
7739,CNAE-2025,"Alquiler de otra maquinaria, equipos y bienes tangibles n.c.o.p.",4,773
7740,CNAE-2025,"Arrendamiento de la propiedad intelectual y productos similares, excepto obras protegidas por derechos de autor",4,774
7751,CNAE-2025,"Servicios de intermediación para el alquiler de automóviles, autocaravanas y remolques",4,775
7752,CNAE-2025,Servicios de intermediación para el alquiler de otros bienes tangibles y de activos intangibles no financieros,4,775
7810,CNAE-2025,Actividades de las agencias de colocación,4,781
7820,CNAE-2025,Actividades de las empresas de trabajo temporal y otra provisión de recursos humanos,4,782
7911,CNAE-2025,Actividades de las agencias de viajes,4,791
7912,CNAE-2025,Actividades de los operadores turísticos,4,791
7990,CNAE-2025,Otros servicios de reservas y actividades relacionadas con los mismos,4,799
8001,CNAE-2025,Servicios de investigación y seguridad privados,4,800
8009,CNAE-2025,Servicios de seguridad n.c.o.p.,4,800
8110,CNAE-2025,Servicios integrales a edificios e instalaciones,4,811
8121,CNAE-2025,Limpieza general de edificios,4,812
8122,CNAE-2025,Otras actividades de limpieza industrial y de edificios,4,812
8123,CNAE-2025,Otras actividades de limpieza,4,812
8130,CNAE-2025,Actividades de jardinería,4,813
8210,CNAE-2025,Actividades administrativas y auxiliares de oficina,4,821
8220,CNAE-2025,Actividades de los centros de llamadas,4,822
8230,CNAE-2025,Organización de convenciones y ferias de muestras,4,823
8240,CNAE-2025,Actividades de intermediación para servicios de apoyo a las empresas n.c.o.p.,4,824
8291,CNAE-2025,Actividades de las agencias de cobros y de las oficinas de crédito,4,829
8292,CNAE-2025,Actividades de envasado y empaquetado,4,829
8299,CNAE-2025,Otras actividades de apoyo a las empresas n.c.o.p.,4,829
8411,CNAE-2025,Actividades generales de la administración pública,4,841
8412,CNAE-2025,"Regulación de los servicios sanitarios, educativos y culturales y otros servicios sociales",4,841
8413,CNAE-2025,Regulación de la actividad económica y contribución a su mayor eficiencia,4,841
8421,CNAE-2025,Asuntos exteriores,4,842
8422,CNAE-2025,Defensa,4,842
8423,CNAE-2025,Justicia,4,842
8424,CNAE-2025,Orden público y seguridad,4,842
8425,CNAE-2025,Servicios de extinción de incendios,4,842
8430,CNAE-2025,Seguridad social obligatoria,4,843
8510,CNAE-2025,Educación preprimaria,4,851
8520,CNAE-2025,Educación primaria,4,852
8531,CNAE-2025,Educación secundaria general,4,853
8532,CNAE-2025,Educación secundaria profesional,4,853
8533,CNAE-2025,Educación postsecundaria no terciaria,4,853
8541,CNAE-2025,Educación universitaria,4,854
8542,CNAE-2025,Educación terciaria no universitaria,4,854
8551,CNAE-2025,Educación deportiva y recreativa,4,855
8552,CNAE-2025,Educación cultural,4,855
8553,CNAE-2025,Actividades de las escuelas de conducción y pilotaje,4,855
8559,CNAE-2025,Otra educación n.c.o.p.,4,855
8561,CNAE-2025,Actividades de servicios de intermediación para cursos y tutores,4,856
8569,CNAE-2025,Actividades auxiliares a la educación n.c.o.p.,4,856
8610,CNAE-2025,Actividades hospitalarias,4,861
8621,CNAE-2025,Actividades de medicina general y de medicina familiar y comunitaria,4,862
8622,CNAE-2025,Actividades de otras especialidades médicas,4,862
8623,CNAE-2025,Actividades odontológicas,4,862
8691,CNAE-2025,Servicios de diagnóstico por la imagen y actividades de laboratorio médico,4,869
8692,CNAE-2025,Transporte de pacientes en ambulancia,4,869
8693,CNAE-2025,"Actividades de psicólogos y psicoterapeutas, excepto médicos",4,869
8694,CNAE-2025,Actividades de enfermería y enfermería obstétrica,4,869
8695,CNAE-2025,Actividades de fisioterapia,4,869
8696,CNAE-2025,"Actividades de medicina tradicional, complementaria y alternativa",4,869
8697,CNAE-2025,"Actividades de intermediación para servicios médicos, odontológicos y otros servicios sanitarios",4,869
8699,CNAE-2025,Otras actividades sanitarias n.c.o.p.,4,869
8710,CNAE-2025,Asistencia en establecimientos residenciales con cuidados sanitarios,4,871
8720,CNAE-2025,Asistencia en establecimientos residenciales para personas que padecen una enfermedad mental o una drogodependencia o que han recibido un diagnóstico al respecto,4,872
8731,CNAE-2025,Asistencia en establecimientos residenciales para personas mayores,4,873
8732,CNAE-2025,Asistencia en establecimientos residenciales para personas con discapacidad física,4,873
8791,CNAE-2025,Servicios de intermediación para actividades de asistencia en establecimientos residenciales,4,879
8799,CNAE-2025,Otro tipo de asistencia en establecimientos residenciales n.c.o.p.,4,879
8811,CNAE-2025,Actividades de servicios sociales sin alojamiento para personas mayores,4,881
8812,CNAE-2025,Actividades de servicios sociales sin alojamiento para personas con discapacidad,4,881
8891,CNAE-2025,Actividades de cuidado diurno de niños,4,889
8899,CNAE-2025,Otras actividades de servicios sociales sin alojamiento n.c.o.p.,4,889
9011,CNAE-2025,Actividades de creación literaria y composición musical,4,901
9012,CNAE-2025,Actividades de creación de artes visuales,4,901
9013,CNAE-2025,Otras actividades de creación artística,4,901
9020,CNAE-2025,Actividades de artes escénicas,4,902
9031,CNAE-2025,Gestión de instalaciones para actividades artísticas y artes escénicas,4,903
9039,CNAE-2025,Otras actividades de apoyo a la creación artística y a las artes escénicas,4,903
9111,CNAE-2025,Actividades de bibliotecas,4,911
9112,CNAE-2025,Actividades de archivos,4,911
9121,CNAE-2025,Actividades de museos y de colecciones,4,912
9122,CNAE-2025,Actividades de sitios históricos y monumentos,4,912
9130,CNAE-2025,"Conservación, restauración y otras actividades de apoyo al patrimonio cultural",4,913
9141,CNAE-2025,Actividades de los jardines botánicos y los parques zoológicos,4,914
9142,CNAE-2025,Actividades de las reservas naturales,4,914
9200,CNAE-2025,Actividades de juegos de azar y apuestas,4,920
9311,CNAE-2025,Gestión de instalaciones deportivas,4,931
9312,CNAE-2025,Actividades de los clubes deportivos,4,931
9313,CNAE-2025,Actividades de los centros deportivos,4,931
9319,CNAE-2025,Actividades deportivas n.c.o.p.,4,931
9321,CNAE-2025,Actividades de los parques de atracciones y los parques temáticos,4,932
9329,CNAE-2025,Actividades recreativas y de entretenimiento n.c.o.p.,4,932
9411,CNAE-2025,Actividades de organizaciones empresariales y patronales,4,941
9412,CNAE-2025,Actividades de organizaciones profesionales,4,941
9420,CNAE-2025,Actividades sindicales,4,942
9491,CNAE-2025,Actividades de organizaciones religiosas,4,949
9492,CNAE-2025,Actividades de organizaciones políticas,4,949
9499,CNAE-2025,Otras actividades asociativas n.c.o.p.,4,949
9510,CNAE-2025,Reparación y mantenimiento de ordenadores y equipos de comunicación,4,951
9521,CNAE-2025,Reparación y mantenimiento de aparatos electrónicos de uso doméstico,4,952
9522,CNAE-2025,Reparación y mantenimiento de electrodomésticos y de equipos para el hogar y el jardín,4,952
9523,CNAE-2025,Reparación y mantenimiento de calzado y artículos de cuero,4,952
9524,CNAE-2025,Reparación y mantenimiento de muebles y artículos de menaje,4,952
9525,CNAE-2025,Reparación y mantenimiento de relojes y joyería,4,952
9529,CNAE-2025,Reparación y mantenimiento de efectos personales y artículos de uso doméstico n.c.o.p.,4,952
9531,CNAE-2025,Reparación y mantenimiento de vehículos de motor,4,953
9532,CNAE-2025,Reparación y mantenimiento de motocicletas,4,953
9540,CNAE-2025,"Actividades de intermediación para reparación y mantenimiento de ordenadores, artículos personales y enseres domésticos y vehículos de motor y motocicletas",4,954
9610,CNAE-2025,Lavado y limpieza de prendas de tela y de piel,4,961
9621,CNAE-2025,Peluquerías y barberías,4,962
9622,CNAE-2025,Actividades de cuidados de belleza y otras actividades de tratamiento de belleza,4,962
9623,CNAE-2025,"Actividades de spas, saunas y baños turcos",4,962
9630,CNAE-2025,Pompas fúnebres y actividades relacionadas,4,963
9640,CNAE-2025,Actividades de intermediación para servicios personales,4,964
9691,CNAE-2025,Prestación de servicios personales domésticos,4,969
9699,CNAE-2025,Otros servicios personales n.c.o.p.,4,969
9700,CNAE-2025,Actividades de los hogares como empleadores de personal doméstico,4,970
9810,CNAE-2025,Actividades de los hogares como productores de bienes para uso propio,4,981
9820,CNAE-2025,Actividades de los hogares como productores de servicios para uso propio,4,982
9900,CNAE-2025,Actividades de organizaciones y organismos extraterritoriales,4,990
