codigo_ine,nombre,provincia,cod_provincia,ccaa
01051,Agurain/Salvatierra,Araba/Álava,01,País Vasco
01001,Alegría-Dulantzi,Araba/Álava,01,País Vasco
01002,Amurrio,Araba/Álava,01,País Vasco
01049,Añana,Araba/Álava,01,País Vasco
01003,Aramaio,Araba/Álava,01,País Vasco
01006,Armiñón,Araba/Álava,01,País Vasco
01037,Arraia-Maeztu,Araba/Álava,01,País Vasco
01008,Arratzua-Ubarrundia,Araba/Álava,01,País Vasco
01004,Artziniega,Araba/Álava,01,País Vasco
01009,Asparrena,Araba/Álava,01,País Vasco
01010,Ayala/Aiara,Araba/Álava,01,País Vasco
01011,Baños de Ebro/Mañueta,Araba/Álava,01,País Vasco
01013,Barrundia,Araba/Álava,01,País Vasco
01014,Berantevilla,Araba/Álava,01,País Vasco
01016,Bernedo,Araba/Álava,01,País Vasco
01017,Campezo/Kanpezu,Araba/Álava,01,País Vasco
01021,Elburgo/Burgelu,Araba/Álava,01,País Vasco
01022,Elciego,Araba/Álava,01,País Vasco
01023,Elvillar/Bilar,Araba/Álava,01,País Vasco
01046,Erriberagoitia/Ribera Alta,Araba/Álava,01,País Vasco
01056,Harana/Valle de Arana,Araba/Álava,01,País Vasco
01901,Iruña Oka/Iruña de Oca,Araba/Álava,01,País Vasco
01027,Iruraiz-Gauna,Araba/Álava,01,País Vasco
01019,Kripan,Araba/Álava,01,País Vasco
01020,Kuartango,Araba/Álava,01,País Vasco
01028,Labastida/Bastida,Araba/Álava,01,País Vasco
01030,Lagrán,Araba/Álava,01,País Vasco
01031,Laguardia,Araba/Álava,01,País Vasco
01032,Lanciego/Lantziego,Araba/Álava,01,País Vasco
01902,Lantarón,Araba/Álava,01,País Vasco
01033,Lapuebla de Labarca,Araba/Álava,01,País Vasco
01036,Laudio/Llodio,Araba/Álava,01,País Vasco
01058,Legutio,Araba/Álava,01,País Vasco
01034,Leza,Araba/Álava,01,País Vasco
01039,Moreda de Álava/Moreda Araba,Araba/Álava,01,País Vasco
01041,Navaridas,Araba/Álava,01,País Vasco
01042,Okondo,Araba/Álava,01,País Vasco
01043,Oyón-Oion,Araba/Álava,01,País Vasco
01044,Peñacerrada-Urizaharra,Araba/Álava,01,País Vasco
01047,Ribera Baja/Erriberabeitia,Araba/Álava,01,País Vasco
01052,Samaniego,Araba/Álava,01,País Vasco
01053,San Millán/Donemiliaga,Araba/Álava,01,País Vasco
01054,Urkabustaiz,Araba/Álava,01,País Vasco
01055,Valdegovía/Gaubea,Araba/Álava,01,País Vasco
01057,Villabuena de Álava/Eskuernaga,Araba/Álava,01,País Vasco
01059,Vitoria-Gasteiz,Araba/Álava,01,País Vasco
01060,Yécora/Iekora,Araba/Álava,01,País Vasco
01061,Zalduondo,Araba/Álava,01,País Vasco
01062,Zambrana,Araba/Álava,01,País Vasco
01018,Zigoitia,Araba/Álava,01,País Vasco
01063,Zuia,Araba/Álava,01,País Vasco
02001,Abengibre,Albacete,02,Castilla-La Mancha
02002,Alatoz,Albacete,02,Castilla-La Mancha
02003,Albacete,Albacete,02,Castilla-La Mancha
02004,Albatana,Albacete,02,Castilla-La Mancha
02005,Alborea,Albacete,02,Castilla-La Mancha
02006,Alcadozo,Albacete,02,Castilla-La Mancha
02007,Alcalá del Júcar,Albacete,02,Castilla-La Mancha
02008,Alcaraz,Albacete,02,Castilla-La Mancha
02009,Almansa,Albacete,02,Castilla-La Mancha
02010,Alpera,Albacete,02,Castilla-La Mancha
02011,Ayna,Albacete,02,Castilla-La Mancha
02012,Balazote,Albacete,02,Castilla-La Mancha
02014,"Ballestero, El",Albacete,02,Castilla-La Mancha
02013,Balsa de Ves,Albacete,02,Castilla-La Mancha
02015,Barrax,Albacete,02,Castilla-La Mancha
02016,Bienservida,Albacete,02,Castilla-La Mancha
02017,Bogarra,Albacete,02,Castilla-La Mancha
02018,Bonete,Albacete,02,Castilla-La Mancha
02019,"Bonillo, El",Albacete,02,Castilla-La Mancha
02020,Carcelén,Albacete,02,Castilla-La Mancha
02021,Casas de Juan Núñez,Albacete,02,Castilla-La Mancha
02022,Casas de Lázaro,Albacete,02,Castilla-La Mancha
02023,Casas de Ves,Albacete,02,Castilla-La Mancha
02024,Casas-Ibáñez,Albacete,02,Castilla-La Mancha
02025,Caudete,Albacete,02,Castilla-La Mancha
02026,Cenizate,Albacete,02,Castilla-La Mancha
02029,Chinchilla de Monte-Aragón,Albacete,02,Castilla-La Mancha
02027,Corral-Rubio,Albacete,02,Castilla-La Mancha
02028,Cotillas,Albacete,02,Castilla-La Mancha
02030,Elche de la Sierra,Albacete,02,Castilla-La Mancha
02031,Férez,Albacete,02,Castilla-La Mancha
02032,Fuensanta,Albacete,02,Castilla-La Mancha
02033,Fuente-Álamo,Albacete,02,Castilla-La Mancha
02034,Fuentealbilla,Albacete,02,Castilla-La Mancha
02035,"Gineta, La",Albacete,02,Castilla-La Mancha
02036,Golosalvo,Albacete,02,Castilla-La Mancha
02037,Hellín,Albacete,02,Castilla-La Mancha
02038,"Herrera, La",Albacete,02,Castilla-La Mancha
02039,Higueruela,Albacete,02,Castilla-La Mancha
02040,Hoya-Gonzalo,Albacete,02,Castilla-La Mancha
02041,Jorquera,Albacete,02,Castilla-La Mancha
02042,Letur,Albacete,02,Castilla-La Mancha
02043,Lezuza,Albacete,02,Castilla-La Mancha
02044,Liétor,Albacete,02,Castilla-La Mancha
02045,Madrigueras,Albacete,02,Castilla-La Mancha
02046,Mahora,Albacete,02,Castilla-La Mancha
02047,Masegoso,Albacete,02,Castilla-La Mancha
02048,Minaya,Albacete,02,Castilla-La Mancha
02049,Molinicos,Albacete,02,Castilla-La Mancha
02050,Montalvos,Albacete,02,Castilla-La Mancha
02051,Montealegre del Castillo,Albacete,02,Castilla-La Mancha
02052,Motilleja,Albacete,02,Castilla-La Mancha
02053,Munera,Albacete,02,Castilla-La Mancha
02054,Navas de Jorquera,Albacete,02,Castilla-La Mancha
02055,Nerpio,Albacete,02,Castilla-La Mancha
02056,Ontur,Albacete,02,Castilla-La Mancha
02057,Ossa de Montiel,Albacete,02,Castilla-La Mancha
02058,Paterna del Madera,Albacete,02,Castilla-La Mancha
02060,Peñas de San Pedro,Albacete,02,Castilla-La Mancha
02059,Peñascosa,Albacete,02,Castilla-La Mancha
02061,Pétrola,Albacete,02,Castilla-La Mancha
02062,Povedilla,Albacete,02,Castilla-La Mancha
02901,Pozo Cañada,Albacete,02,Castilla-La Mancha
02063,Pozohondo,Albacete,02,Castilla-La Mancha
02064,Pozo-Lorente,Albacete,02,Castilla-La Mancha
02065,Pozuelo,Albacete,02,Castilla-La Mancha
02066,"Recueja, La",Albacete,02,Castilla-La Mancha
02067,Riópar,Albacete,02,Castilla-La Mancha
02068,Robledo,Albacete,02,Castilla-La Mancha
02069,"Roda, La",Albacete,02,Castilla-La Mancha
02070,Salobre,Albacete,02,Castilla-La Mancha
02071,San Pedro,Albacete,02,Castilla-La Mancha
02072,Socovos,Albacete,02,Castilla-La Mancha
02073,Tarazona de la Mancha,Albacete,02,Castilla-La Mancha
02074,Tobarra,Albacete,02,Castilla-La Mancha
02075,Valdeganga,Albacete,02,Castilla-La Mancha
02076,Vianos,Albacete,02,Castilla-La Mancha
02077,Villa de Ves,Albacete,02,Castilla-La Mancha
02078,Villalgordo del Júcar,Albacete,02,Castilla-La Mancha
02079,Villamalea,Albacete,02,Castilla-La Mancha
02080,Villapalacios,Albacete,02,Castilla-La Mancha
02081,Villarrobledo,Albacete,02,Castilla-La Mancha
02082,Villatoya,Albacete,02,Castilla-La Mancha
02083,Villavaliente,Albacete,02,Castilla-La Mancha
02084,Villaverde de Guadalimar,Albacete,02,Castilla-La Mancha
02085,Viveros,Albacete,02,Castilla-La Mancha
02086,Yeste,Albacete,02,Castilla-La Mancha
03002,Agost,Alicante/Alacant,03,Comunitat Valenciana
03003,Agres,Alicante/Alacant,03,Comunitat Valenciana
03004,Aigües,Alicante/Alacant,03,Comunitat Valenciana
03014,Alacant/Alicante,Alicante/Alacant,03,Comunitat Valenciana
03005,Albatera,Alicante/Alacant,03,Comunitat Valenciana
03006,Alcalalí,Alicante/Alacant,03,Comunitat Valenciana
03009,Alcoi/Alcoy,Alicante/Alacant,03,Comunitat Valenciana
03008,Alcoleja,Alicante/Alacant,03,Comunitat Valenciana
03007,Alcosser,Alicante/Alacant,03,Comunitat Valenciana
03010,Alfafara,Alicante/Alacant,03,Comunitat Valenciana
03011,"Alfàs del Pi, l'",Alicante/Alacant,03,Comunitat Valenciana
03012,Algorfa,Alicante/Alacant,03,Comunitat Valenciana
03013,Algueña,Alicante/Alacant,03,Comunitat Valenciana
03015,Almoradí,Alicante/Alacant,03,Comunitat Valenciana
03016,Almudaina,Alicante/Alacant,03,Comunitat Valenciana
03017,"Alqueria d'Asnar, l'",Alicante/Alacant,03,Comunitat Valenciana
03018,Altea,Alicante/Alacant,03,Comunitat Valenciana
03019,Aspe,Alicante/Alacant,03,Comunitat Valenciana
03001,"Atzúbia, l'",Alicante/Alacant,03,Comunitat Valenciana
03020,Balones,Alicante/Alacant,03,Comunitat Valenciana
03021,Banyeres de Mariola,Alicante/Alacant,03,Comunitat Valenciana
03022,Benasau,Alicante/Alacant,03,Comunitat Valenciana
03023,Beneixama,Alicante/Alacant,03,Comunitat Valenciana
03024,Benejúzar,Alicante/Alacant,03,Comunitat Valenciana
03025,Benferri,Alicante/Alacant,03,Comunitat Valenciana
03026,Beniarbeig,Alicante/Alacant,03,Comunitat Valenciana
03027,Beniardà,Alicante/Alacant,03,Comunitat Valenciana
03028,Beniarrés,Alicante/Alacant,03,Comunitat Valenciana
03030,Benidoleig,Alicante/Alacant,03,Comunitat Valenciana
03031,Benidorm,Alicante/Alacant,03,Comunitat Valenciana
03032,Benifallim,Alicante/Alacant,03,Comunitat Valenciana
03033,Benifato,Alicante/Alacant,03,Comunitat Valenciana
03029,Benigembla,Alicante/Alacant,03,Comunitat Valenciana
03034,Benijófar,Alicante/Alacant,03,Comunitat Valenciana
03035,Benilloba,Alicante/Alacant,03,Comunitat Valenciana
03036,Benillup,Alicante/Alacant,03,Comunitat Valenciana
03037,Benimantell,Alicante/Alacant,03,Comunitat Valenciana
03038,Benimarfull,Alicante/Alacant,03,Comunitat Valenciana
03039,Benimassot,Alicante/Alacant,03,Comunitat Valenciana
03040,Benimeli,Alicante/Alacant,03,Comunitat Valenciana
03041,Benissa,Alicante/Alacant,03,Comunitat Valenciana
03043,Biar,Alicante/Alacant,03,Comunitat Valenciana
03044,Bigastro,Alicante/Alacant,03,Comunitat Valenciana
03045,Bolulla,Alicante/Alacant,03,Comunitat Valenciana
03046,Busot,Alicante/Alacant,03,Comunitat Valenciana
03049,Callosa de Segura,Alicante/Alacant,03,Comunitat Valenciana
03048,Callosa d'en Sarrià,Alicante/Alacant,03,Comunitat Valenciana
03047,Calp,Alicante/Alacant,03,Comunitat Valenciana
03051,"Camp de Mirra, el/Campo de Mirra",Alicante/Alacant,03,Comunitat Valenciana
03050,"Campello, el",Alicante/Alacant,03,Comunitat Valenciana
03052,Cañada,Alicante/Alacant,03,Comunitat Valenciana
03053,Castalla,Alicante/Alacant,03,Comunitat Valenciana
03054,Castell de Castells,Alicante/Alacant,03,Comunitat Valenciana
03075,"Castell de Guadalest, el",Alicante/Alacant,03,Comunitat Valenciana
03055,Catral,Alicante/Alacant,03,Comunitat Valenciana
03056,Cocentaina,Alicante/Alacant,03,Comunitat Valenciana
03057,Confrides,Alicante/Alacant,03,Comunitat Valenciana
03058,Cox,Alicante/Alacant,03,Comunitat Valenciana
03059,Crevillent,Alicante/Alacant,03,Comunitat Valenciana
03061,Daya Nueva,Alicante/Alacant,03,Comunitat Valenciana
03062,Daya Vieja,Alicante/Alacant,03,Comunitat Valenciana
03063,Dénia,Alicante/Alacant,03,Comunitat Valenciana
03064,Dolores,Alicante/Alacant,03,Comunitat Valenciana
03066,Elda,Alicante/Alacant,03,Comunitat Valenciana
03065,Elx/Elche,Alicante/Alacant,03,Comunitat Valenciana
03067,Fageca,Alicante/Alacant,03,Comunitat Valenciana
03068,Famorca,Alicante/Alacant,03,Comunitat Valenciana
03069,Finestrat,Alicante/Alacant,03,Comunitat Valenciana
03077,"Fondó de les Neus, el/Hondón de las Nieves",Alicante/Alacant,03,Comunitat Valenciana
03070,Formentera del Segura,Alicante/Alacant,03,Comunitat Valenciana
03072,Gaianes,Alicante/Alacant,03,Comunitat Valenciana
03071,Gata de Gorgos,Alicante/Alacant,03,Comunitat Valenciana
03073,Gorga,Alicante/Alacant,03,Comunitat Valenciana
03074,Granja de Rocamora,Alicante/Alacant,03,Comunitat Valenciana
03076,Guardamar del Segura,Alicante/Alacant,03,Comunitat Valenciana
03078,Hondón de los Frailes,Alicante/Alacant,03,Comunitat Valenciana
03079,Ibi,Alicante/Alacant,03,Comunitat Valenciana
03080,Jacarilla,Alicante/Alacant,03,Comunitat Valenciana
03085,Llíber,Alicante/Alacant,03,Comunitat Valenciana
03086,Millena,Alicante/Alacant,03,Comunitat Valenciana
03088,Monforte del Cid,Alicante/Alacant,03,Comunitat Valenciana
03089,Monòver/Monóvar,Alicante/Alacant,03,Comunitat Valenciana
03903,"Montesinos, Los",Alicante/Alacant,03,Comunitat Valenciana
03091,Murla,Alicante/Alacant,03,Comunitat Valenciana
03092,Muro de Alcoy,Alicante/Alacant,03,Comunitat Valenciana
03090,Mutxamel,Alicante/Alacant,03,Comunitat Valenciana
03093,Novelda,Alicante/Alacant,03,Comunitat Valenciana
03094,"Nucia, la",Alicante/Alacant,03,Comunitat Valenciana
03095,Ondara,Alicante/Alacant,03,Comunitat Valenciana
03096,Onil,Alicante/Alacant,03,Comunitat Valenciana
03097,Orba,Alicante/Alacant,03,Comunitat Valenciana
03099,Orihuela,Alicante/Alacant,03,Comunitat Valenciana
03084,"Orxa, l'/Lorcha",Alicante/Alacant,03,Comunitat Valenciana
03098,Orxeta,Alicante/Alacant,03,Comunitat Valenciana
03100,Parcent,Alicante/Alacant,03,Comunitat Valenciana
03101,Pedreguer,Alicante/Alacant,03,Comunitat Valenciana
03102,Pego,Alicante/Alacant,03,Comunitat Valenciana
03103,Penàguila,Alicante/Alacant,03,Comunitat Valenciana
03104,Petrer,Alicante/Alacant,03,Comunitat Valenciana
03902,Pilar de la Horadada,Alicante/Alacant,03,Comunitat Valenciana
03105,"Pinós, el/Pinoso",Alicante/Alacant,03,Comunitat Valenciana
03106,Planes,Alicante/Alacant,03,Comunitat Valenciana
03042,"Poble Nou de Benitatxell, el/Benitachell",Alicante/Alacant,03,Comunitat Valenciana
03901,"Poblets, els",Alicante/Alacant,03,Comunitat Valenciana
03107,Polop,Alicante/Alacant,03,Comunitat Valenciana
03060,Quatretondeta,Alicante/Alacant,03,Comunitat Valenciana
03109,Rafal,Alicante/Alacant,03,Comunitat Valenciana
03110,"Ràfol d'Almúnia, el",Alicante/Alacant,03,Comunitat Valenciana
03111,Redován,Alicante/Alacant,03,Comunitat Valenciana
03112,Relleu,Alicante/Alacant,03,Comunitat Valenciana
03113,Rojales,Alicante/Alacant,03,Comunitat Valenciana
03114,"Romana, la",Alicante/Alacant,03,Comunitat Valenciana
03115,Sagra,Alicante/Alacant,03,Comunitat Valenciana
03116,Salinas,Alicante/Alacant,03,Comunitat Valenciana
03118,San Fulgencio,Alicante/Alacant,03,Comunitat Valenciana
03904,San Isidro,Alicante/Alacant,03,Comunitat Valenciana
03120,San Miguel de Salinas,Alicante/Alacant,03,Comunitat Valenciana
03117,Sanet y Negrals,Alicante/Alacant,03,Comunitat Valenciana
03119,Sant Joan d'Alacant,Alicante/Alacant,03,Comunitat Valenciana
03122,Sant Vicent del Raspeig/San Vicente del Raspeig,Alicante/Alacant,03,Comunitat Valenciana
03121,Santa Pola,Alicante/Alacant,03,Comunitat Valenciana
03123,Sax,Alicante/Alacant,03,Comunitat Valenciana
03124,Sella,Alicante/Alacant,03,Comunitat Valenciana
03125,Senija,Alicante/Alacant,03,Comunitat Valenciana
03127,Tàrbena,Alicante/Alacant,03,Comunitat Valenciana
03128,Teulada,Alicante/Alacant,03,Comunitat Valenciana
03129,Tibi,Alicante/Alacant,03,Comunitat Valenciana
03130,Tollos,Alicante/Alacant,03,Comunitat Valenciana
03131,Tormos,Alicante/Alacant,03,Comunitat Valenciana
03132,"Torre de les Maçanes, la/Torremanzanas",Alicante/Alacant,03,Comunitat Valenciana
03133,Torrevieja,Alicante/Alacant,03,Comunitat Valenciana
03134,"Vall d'Alcalà, la",Alicante/Alacant,03,Comunitat Valenciana
03136,"Vall de Gallinera, la",Alicante/Alacant,03,Comunitat Valenciana
03137,"Vall de Laguar, la",Alicante/Alacant,03,Comunitat Valenciana
03135,"Vall d'Ebo, la",Alicante/Alacant,03,Comunitat Valenciana
03138,"Verger, el",Alicante/Alacant,03,Comunitat Valenciana
03139,"Vila Joiosa, la/Villajoyosa",Alicante/Alacant,03,Comunitat Valenciana
03140,Villena,Alicante/Alacant,03,Comunitat Valenciana
03082,Xàbia/Jávea,Alicante/Alacant,03,Comunitat Valenciana
03081,Xaló,Alicante/Alacant,03,Comunitat Valenciana
03083,Xixona/Jijona,Alicante/Alacant,03,Comunitat Valenciana
04001,Abla,Almería,04,Andalucía
04002,Abrucena,Almería,04,Andalucía
04003,Adra,Almería,04,Andalucía
04004,Albanchez,Almería,04,Andalucía
04005,Alboloduy,Almería,04,Andalucía
04006,Albox,Almería,04,Andalucía
04007,Alcolea,Almería,04,Andalucía
04008,Alcóntar,Almería,04,Andalucía
04009,Alcudia de Monteagud,Almería,04,Andalucía
04010,Alhabia,Almería,04,Andalucía
04011,Alhama de Almería,Almería,04,Andalucía
04012,Alicún,Almería,04,Andalucía
04013,Almería,Almería,04,Andalucía
04014,Almócita,Almería,04,Andalucía
04015,Alsodux,Almería,04,Andalucía
04016,Antas,Almería,04,Andalucía
04017,Arboleas,Almería,04,Andalucía
04018,Armuña de Almanzora,Almería,04,Andalucía
04019,Bacares,Almería,04,Andalucía
04904,Balanegra,Almería,04,Andalucía
04020,Bayárcal,Almería,04,Andalucía
04021,Bayarque,Almería,04,Andalucía
04022,Bédar,Almería,04,Andalucía
04023,Beires,Almería,04,Andalucía
04024,Benahadux,Almería,04,Andalucía
04026,Benitagla,Almería,04,Andalucía
04027,Benizalón,Almería,04,Andalucía
04028,Bentarique,Almería,04,Andalucía
04029,Berja,Almería,04,Andalucía
04030,Canjáyar,Almería,04,Andalucía
04031,Cantoria,Almería,04,Andalucía
04032,Carboneras,Almería,04,Andalucía
04033,Castro de Filabres,Almería,04,Andalucía
04036,Chercos,Almería,04,Andalucía
04037,Chirivel,Almería,04,Andalucía
04034,Cóbdar,Almería,04,Andalucía
04035,Cuevas del Almanzora,Almería,04,Andalucía
04038,Dalías,Almería,04,Andalucía
04902,"Ejido, El",Almería,04,Andalucía
04041,Enix,Almería,04,Andalucía
04043,Felix,Almería,04,Andalucía
04044,Fines,Almería,04,Andalucía
04045,Fiñana,Almería,04,Andalucía
04046,Fondón,Almería,04,Andalucía
04047,Gádor,Almería,04,Andalucía
04048,"Gallardos, Los",Almería,04,Andalucía
04049,Garrucha,Almería,04,Andalucía
04050,Gérgal,Almería,04,Andalucía
04051,Huécija,Almería,04,Andalucía
04052,Huércal de Almería,Almería,04,Andalucía
04053,Huércal-Overa,Almería,04,Andalucía
04054,Íllar,Almería,04,Andalucía
04055,Instinción,Almería,04,Andalucía
04056,Laroya,Almería,04,Andalucía
04057,Laujar de Andarax,Almería,04,Andalucía
04058,Líjar,Almería,04,Andalucía
04059,Lubrín,Almería,04,Andalucía
04060,Lucainena de las Torres,Almería,04,Andalucía
04061,Lúcar,Almería,04,Andalucía
04062,Macael,Almería,04,Andalucía
04063,María,Almería,04,Andalucía
04064,Mojácar,Almería,04,Andalucía
04903,"Mojonera, La",Almería,04,Andalucía
04065,Nacimiento,Almería,04,Andalucía
04066,Níjar,Almería,04,Andalucía
04067,Ohanes,Almería,04,Andalucía
04068,Olula de Castro,Almería,04,Andalucía
04069,Olula del Río,Almería,04,Andalucía
04070,Oria,Almería,04,Andalucía
04071,Padules,Almería,04,Andalucía
04072,Partaloa,Almería,04,Andalucía
04073,Paterna del Río,Almería,04,Andalucía
04074,Pechina,Almería,04,Andalucía
04075,Pulpí,Almería,04,Andalucía
04076,Purchena,Almería,04,Andalucía
04077,Rágol,Almería,04,Andalucía
04078,Rioja,Almería,04,Andalucía
04079,Roquetas de Mar,Almería,04,Andalucía
04080,Santa Cruz de Marchena,Almería,04,Andalucía
04081,Santa Fe de Mondújar,Almería,04,Andalucía
04082,Senés,Almería,04,Andalucía
04083,Serón,Almería,04,Andalucía
04084,Sierro,Almería,04,Andalucía
04085,Somontín,Almería,04,Andalucía
04086,Sorbas,Almería,04,Andalucía
04087,Suflí,Almería,04,Andalucía
04088,Tabernas,Almería,04,Andalucía
04089,Taberno,Almería,04,Andalucía
04090,Tahal,Almería,04,Andalucía
04091,Terque,Almería,04,Andalucía
04092,Tíjola,Almería,04,Andalucía
04901,"Tres Villas, Las",Almería,04,Andalucía
04093,Turre,Almería,04,Andalucía
04094,Turrillas,Almería,04,Andalucía
04095,Uleila del Campo,Almería,04,Andalucía
04096,Urrácal,Almería,04,Andalucía
04097,Velefique,Almería,04,Andalucía
04098,Vélez-Blanco,Almería,04,Andalucía
04099,Vélez-Rubio,Almería,04,Andalucía
04100,Vera,Almería,04,Andalucía
04101,Viator,Almería,04,Andalucía
04102,Vícar,Almería,04,Andalucía
04103,Zurgena,Almería,04,Andalucía
05001,Adanero,Ávila,05,Castilla y León
05002,"Adrada, La",Ávila,05,Castilla y León
05005,Albornos,Ávila,05,Castilla y León
05007,Aldeanueva de Santa Cruz,Ávila,05,Castilla y León
05008,Aldeaseca,Ávila,05,Castilla y León
05010,"Aldehuela, La",Ávila,05,Castilla y León
05012,Amavida,Ávila,05,Castilla y León
05013,"Arenal, El",Ávila,05,Castilla y León
05014,Arenas de San Pedro,Ávila,05,Castilla y León
05015,Arevalillo,Ávila,05,Castilla y León
05016,Arévalo,Ávila,05,Castilla y León
05017,Aveinte,Ávila,05,Castilla y León
05018,Avellaneda,Ávila,05,Castilla y León
05019,Ávila,Ávila,05,Castilla y León
05021,"Barco de Ávila, El",Ávila,05,Castilla y León
05022,"Barraco, El",Ávila,05,Castilla y León
05023,Barromán,Ávila,05,Castilla y León
05024,Becedas,Ávila,05,Castilla y León
05025,Becedillas,Ávila,05,Castilla y León
05026,Bercial de Zapardiel,Ávila,05,Castilla y León
05027,"Berlanas, Las",Ávila,05,Castilla y León
05029,Bernuy-Zapardiel,Ávila,05,Castilla y León
05030,Berrocalejo de Aragona,Ávila,05,Castilla y León
05033,Blascomillán,Ávila,05,Castilla y León
05034,Blasconuño de Matacabras,Ávila,05,Castilla y León
05035,Blascosancho,Ávila,05,Castilla y León
05036,"Bohodón, El",Ávila,05,Castilla y León
05037,Bohoyo,Ávila,05,Castilla y León
05038,Bonilla de la Sierra,Ávila,05,Castilla y León
05039,Brabos,Ávila,05,Castilla y León
05040,Bularros,Ávila,05,Castilla y León
05041,Burgohondo,Ávila,05,Castilla y León
05042,Cabezas de Alambre,Ávila,05,Castilla y León
05043,Cabezas del Pozo,Ávila,05,Castilla y León
05044,Cabezas del Villar,Ávila,05,Castilla y León
05045,Cabizuela,Ávila,05,Castilla y León
05046,Canales,Ávila,05,Castilla y León
05047,Candeleda,Ávila,05,Castilla y León
05048,Cantiveros,Ávila,05,Castilla y León
05049,Cardeñosa,Ávila,05,Castilla y León
05051,"Carrera, La",Ávila,05,Castilla y León
05052,Casas del Puerto,Ávila,05,Castilla y León
05053,Casasola,Ávila,05,Castilla y León
05054,Casavieja,Ávila,05,Castilla y León
05055,Casillas,Ávila,05,Castilla y León
05056,Castellanos de Zapardiel,Ávila,05,Castilla y León
05057,Cebreros,Ávila,05,Castilla y León
05058,Cepeda la Mora,Ávila,05,Castilla y León
05067,Chamartín,Ávila,05,Castilla y León
05059,Cillán,Ávila,05,Castilla y León
05060,Cisla,Ávila,05,Castilla y León
05061,"Colilla, La",Ávila,05,Castilla y León
05062,Collado de Contreras,Ávila,05,Castilla y León
05063,Collado del Mirón,Ávila,05,Castilla y León
05064,Constanzana,Ávila,05,Castilla y León
05065,Crespos,Ávila,05,Castilla y León
05066,Cuevas del Valle,Ávila,05,Castilla y León
05903,Diego del Carpio,Ávila,05,Castilla y León
05069,Donjimeno,Ávila,05,Castilla y León
05070,Donvidas,Ávila,05,Castilla y León
05072,Espinosa de los Caballeros,Ávila,05,Castilla y León
05073,Flores de Ávila,Ávila,05,Castilla y León
05074,Fontiveros,Ávila,05,Castilla y León
05075,Fresnedilla,Ávila,05,Castilla y León
05076,"Fresno, El",Ávila,05,Castilla y León
05077,Fuente el Saúz,Ávila,05,Castilla y León
05078,Fuentes de Año,Ávila,05,Castilla y León
05079,Gallegos de Altamiros,Ávila,05,Castilla y León
05080,Gallegos de Sobrinos,Ávila,05,Castilla y León
05081,Garganta del Villar,Ávila,05,Castilla y León
05082,Gavilanes,Ávila,05,Castilla y León
05083,Gemuño,Ávila,05,Castilla y León
05085,Gil García,Ávila,05,Castilla y León
05084,Gilbuena,Ávila,05,Castilla y León
05086,Gimialcón,Ávila,05,Castilla y León
05087,Gotarrendura,Ávila,05,Castilla y León
05088,Grandes y San Martín,Ávila,05,Castilla y León
05089,Guisando,Ávila,05,Castilla y León
05090,Gutierre-Muñoz,Ávila,05,Castilla y León
05092,Hernansancho,Ávila,05,Castilla y León
05093,Herradón de Pinares,Ávila,05,Castilla y León
05094,Herreros de Suso,Ávila,05,Castilla y León
05095,Higuera de las Dueñas,Ávila,05,Castilla y León
05096,"Hija de Dios, La",Ávila,05,Castilla y León
05097,"Horcajada, La",Ávila,05,Castilla y León
05099,Horcajo de las Torres,Ávila,05,Castilla y León
05100,"Hornillo, El",Ávila,05,Castilla y León
05102,"Hoyo de Pinares, El",Ávila,05,Castilla y León
05101,Hoyocasero,Ávila,05,Castilla y León
05103,Hoyorredondo,Ávila,05,Castilla y León
05106,Hoyos de Miguel Muñoz,Ávila,05,Castilla y León
05104,Hoyos del Collado,Ávila,05,Castilla y León
05105,Hoyos del Espino,Ávila,05,Castilla y León
05107,Hurtumpascual,Ávila,05,Castilla y León
05108,Junciana,Ávila,05,Castilla y León
05109,Langa,Ávila,05,Castilla y León
05110,Lanzahíta,Ávila,05,Castilla y León
05113,"Llanos de Tormes, Los",Ávila,05,Castilla y León
05112,"Losar del Barco, El",Ávila,05,Castilla y León
05114,Madrigal de las Altas Torres,Ávila,05,Castilla y León
05115,Maello,Ávila,05,Castilla y León
05116,Malpartida de Corneja,Ávila,05,Castilla y León
05117,Mamblas,Ávila,05,Castilla y León
05118,Mancera de Arriba,Ávila,05,Castilla y León
05119,Manjabálago y Ortigosa de Rioalmar,Ávila,05,Castilla y León
05120,Marlín,Ávila,05,Castilla y León
05121,Martiherrero,Ávila,05,Castilla y León
05122,Martínez,Ávila,05,Castilla y León
05123,Mediana de Voltoya,Ávila,05,Castilla y León
05124,Medinilla,Ávila,05,Castilla y León
05125,Mengamuñoz,Ávila,05,Castilla y León
05126,Mesegar de Corneja,Ávila,05,Castilla y León
05127,Mijares,Ávila,05,Castilla y León
05128,Mingorría,Ávila,05,Castilla y León
05129,"Mirón, El",Ávila,05,Castilla y León
05130,Mironcillo,Ávila,05,Castilla y León
05131,Mirueña de los Infanzones,Ávila,05,Castilla y León
05132,Mombeltrán,Ávila,05,Castilla y León
05133,Monsalupe,Ávila,05,Castilla y León
05134,Moraleja de Matacabras,Ávila,05,Castilla y León
05135,Muñana,Ávila,05,Castilla y León
05136,Muñico,Ávila,05,Castilla y León
05138,Muñogalindo,Ávila,05,Castilla y León
05139,Muñogrande,Ávila,05,Castilla y León
05140,Muñomer del Peco,Ávila,05,Castilla y León
05141,Muñopepe,Ávila,05,Castilla y León
05142,Muñosancho,Ávila,05,Castilla y León
05143,Muñotello,Ávila,05,Castilla y León
05144,Narrillos del Álamo,Ávila,05,Castilla y León
05145,Narrillos del Rebollar,Ávila,05,Castilla y León
05149,Narros de Saldueña,Ávila,05,Castilla y León
05147,Narros del Castillo,Ávila,05,Castilla y León
05148,Narros del Puerto,Ávila,05,Castilla y León
05152,Nava de Arévalo,Ávila,05,Castilla y León
05153,Nava del Barco,Ávila,05,Castilla y León
05151,Navacepedilla de Corneja,Ávila,05,Castilla y León
05154,Navadijos,Ávila,05,Castilla y León
05155,Navaescurial,Ávila,05,Castilla y León
05156,Navahondilla,Ávila,05,Castilla y León
05157,Navalacruz,Ávila,05,Castilla y León
05158,Navalmoral,Ávila,05,Castilla y León
05159,Navalonguilla,Ávila,05,Castilla y León
05160,Navalosa,Ávila,05,Castilla y León
05161,Navalperal de Pinares,Ávila,05,Castilla y León
05162,Navalperal de Tormes,Ávila,05,Castilla y León
05163,Navaluenga,Ávila,05,Castilla y León
05164,Navaquesera,Ávila,05,Castilla y León
05165,Navarredonda de Gredos,Ávila,05,Castilla y León
05166,Navarredondilla,Ávila,05,Castilla y León
05167,Navarrevisca,Ávila,05,Castilla y León
05168,"Navas del Marqués, Las",Ávila,05,Castilla y León
05169,Navatalgordo,Ávila,05,Castilla y León
05170,Navatejares,Ávila,05,Castilla y León
05171,Neila de San Miguel,Ávila,05,Castilla y León
05172,Niharra,Ávila,05,Castilla y León
05173,Ojos-Albos,Ávila,05,Castilla y León
05174,Orbita,Ávila,05,Castilla y León
05175,"Oso, El",Ávila,05,Castilla y León
05176,Padiernos,Ávila,05,Castilla y León
05177,Pajares de Adaja,Ávila,05,Castilla y León
05178,Palacios de Goda,Ávila,05,Castilla y León
05179,Papatrigo,Ávila,05,Castilla y León
05180,"Parral, El",Ávila,05,Castilla y León
05181,Pascualcobo,Ávila,05,Castilla y León
05182,Pedro Bernardo,Ávila,05,Castilla y León
05183,Pedro-Rodríguez,Ávila,05,Castilla y León
05184,Peguerinos,Ávila,05,Castilla y León
05185,Peñalba de Ávila,Ávila,05,Castilla y León
05186,Piedrahíta,Ávila,05,Castilla y León
05187,Piedralaves,Ávila,05,Castilla y León
05188,Poveda,Ávila,05,Castilla y León
05189,Poyales del Hoyo,Ávila,05,Castilla y León
05190,Pozanco,Ávila,05,Castilla y León
05191,Pradosegar,Ávila,05,Castilla y León
05192,Puerto Castilla,Ávila,05,Castilla y León
05193,Rasueros,Ávila,05,Castilla y León
05194,Riocabado,Ávila,05,Castilla y León
05195,Riofrío,Ávila,05,Castilla y León
05196,Rivilla de Barajas,Ávila,05,Castilla y León
05197,Salobral,Ávila,05,Castilla y León
05198,Salvadiós,Ávila,05,Castilla y León
05199,San Bartolomé de Béjar,Ávila,05,Castilla y León
05200,San Bartolomé de Corneja,Ávila,05,Castilla y León
05201,San Bartolomé de Pinares,Ávila,05,Castilla y León
05206,San Esteban de los Patos,Ávila,05,Castilla y León
05208,San Esteban de Zapardiel,Ávila,05,Castilla y León
05207,San Esteban del Valle,Ávila,05,Castilla y León
05209,San García de Ingelmos,Ávila,05,Castilla y León
05901,San Juan de Gredos,Ávila,05,Castilla y León
05210,San Juan de la Encinilla,Ávila,05,Castilla y León
05211,San Juan de la Nava,Ávila,05,Castilla y León
05212,San Juan del Molinillo,Ávila,05,Castilla y León
05213,San Juan del Olmo,Ávila,05,Castilla y León
05214,San Lorenzo de Tormes,Ávila,05,Castilla y León
05215,San Martín de la Vega del Alberche,Ávila,05,Castilla y León
05216,San Martín del Pimpollar,Ávila,05,Castilla y León
05217,San Miguel de Corneja,Ávila,05,Castilla y León
05218,San Miguel de Serrezuela,Ávila,05,Castilla y León
05219,San Pascual,Ávila,05,Castilla y León
05220,San Pedro del Arroyo,Ávila,05,Castilla y León
05231,San Vicente de Arévalo,Ávila,05,Castilla y León
05204,Sanchidrián,Ávila,05,Castilla y León
05205,Sanchorreja,Ávila,05,Castilla y León
05222,Santa Cruz de Pinares,Ávila,05,Castilla y León
05221,Santa Cruz del Valle,Ávila,05,Castilla y León
05226,Santa María de los Caballeros,Ávila,05,Castilla y León
05224,Santa María del Arroyo,Ávila,05,Castilla y León
05225,Santa María del Berrocal,Ávila,05,Castilla y León
05902,Santa María del Cubillo,Ávila,05,Castilla y León
05227,Santa María del Tiétar,Ávila,05,Castilla y León
05228,Santiago del Collado,Ávila,05,Castilla y León
05904,Santiago del Tormes,Ávila,05,Castilla y León
05229,Santo Domingo de las Posadas,Ávila,05,Castilla y León
05230,Santo Tomé de Zabarcos,Ávila,05,Castilla y León
05232,"Serrada, La",Ávila,05,Castilla y León
05233,Serranillos,Ávila,05,Castilla y León
05234,Sigeres,Ávila,05,Castilla y León
05235,Sinlabajos,Ávila,05,Castilla y León
05236,Solana de Ávila,Ávila,05,Castilla y León
05237,Solana de Rioalmar,Ávila,05,Castilla y León
05238,Solosancho,Ávila,05,Castilla y León
05239,Sotalbo,Ávila,05,Castilla y León
05240,Sotillo de la Adrada,Ávila,05,Castilla y León
05241,"Tiemblo, El",Ávila,05,Castilla y León
05242,Tiñosillos,Ávila,05,Castilla y León
05243,Tolbaños,Ávila,05,Castilla y León
05244,Tormellas,Ávila,05,Castilla y León
05245,Tornadizos de Ávila,Ávila,05,Castilla y León
05247,"Torre, La",Ávila,05,Castilla y León
05246,Tórtoles,Ávila,05,Castilla y León
05249,Umbrías,Ávila,05,Castilla y León
05251,Vadillo de la Sierra,Ávila,05,Castilla y León
05252,Valdecasa,Ávila,05,Castilla y León
05253,Vega de Santa María,Ávila,05,Castilla y León
05254,Velayos,Ávila,05,Castilla y León
05256,Villaflor,Ávila,05,Castilla y León
05257,Villafranca de la Sierra,Ávila,05,Castilla y León
05905,Villanueva de Ávila,Ávila,05,Castilla y León
05258,Villanueva de Gómez,Ávila,05,Castilla y León
05259,Villanueva del Aceral,Ávila,05,Castilla y León
05260,Villanueva del Campillo,Ávila,05,Castilla y León
05261,Villar de Corneja,Ávila,05,Castilla y León
05262,Villarejo del Valle,Ávila,05,Castilla y León
05263,Villatoro,Ávila,05,Castilla y León
05264,Viñegra de Moraña,Ávila,05,Castilla y León
05265,Vita,Ávila,05,Castilla y León
05266,Zapardiel de la Cañada,Ávila,05,Castilla y León
05267,Zapardiel de la Ribera,Ávila,05,Castilla y León
06001,Acedera,Badajoz,06,Extremadura
06002,Aceuchal,Badajoz,06,Extremadura
06003,Ahillones,Badajoz,06,Extremadura
06004,Alange,Badajoz,06,Extremadura
06005,"Albuera, La",Badajoz,06,Extremadura
06006,Alburquerque,Badajoz,06,Extremadura
06007,Alconchel,Badajoz,06,Extremadura
06008,Alconera,Badajoz,06,Extremadura
06009,Aljucén,Badajoz,06,Extremadura
06010,Almendral,Badajoz,06,Extremadura
06011,Almendralejo,Badajoz,06,Extremadura
06012,Arroyo de San Serván,Badajoz,06,Extremadura
06013,Atalaya,Badajoz,06,Extremadura
06014,Azuaga,Badajoz,06,Extremadura
06015,Badajoz,Badajoz,06,Extremadura
06016,Barcarrota,Badajoz,06,Extremadura
06017,Baterno,Badajoz,06,Extremadura
06018,Benquerencia de la Serena,Badajoz,06,Extremadura
06019,Berlanga,Badajoz,06,Extremadura
06020,Bienvenida,Badajoz,06,Extremadura
06021,Bodonal de la Sierra,Badajoz,06,Extremadura
06022,Burguillos del Cerro,Badajoz,06,Extremadura
06023,Cabeza del Buey,Badajoz,06,Extremadura
06024,Cabeza la Vaca,Badajoz,06,Extremadura
06025,Calamonte,Badajoz,06,Extremadura
06026,Calera de León,Badajoz,06,Extremadura
06027,Calzadilla de los Barros,Badajoz,06,Extremadura
06028,Campanario,Badajoz,06,Extremadura
06029,Campillo de Llerena,Badajoz,06,Extremadura
06030,Capilla,Badajoz,06,Extremadura
06031,Carmonita,Badajoz,06,Extremadura
06032,"Carrascalejo, El",Badajoz,06,Extremadura
06033,Casas de Don Pedro,Badajoz,06,Extremadura
06034,Casas de Reina,Badajoz,06,Extremadura
06035,Castilblanco,Badajoz,06,Extremadura
06036,Castuera,Badajoz,06,Extremadura
06042,Cheles,Badajoz,06,Extremadura
06037,"Codosera, La",Badajoz,06,Extremadura
06038,Cordobilla de Lácara,Badajoz,06,Extremadura
06039,"Coronada, La",Badajoz,06,Extremadura
06040,Corte de Peleas,Badajoz,06,Extremadura
06041,Cristina,Badajoz,06,Extremadura
06043,Don Álvaro,Badajoz,06,Extremadura
06044,Don Benito,Badajoz,06,Extremadura
06045,Entrín Bajo,Badajoz,06,Extremadura
06046,Esparragalejo,Badajoz,06,Extremadura
06047,Esparragosa de la Serena,Badajoz,06,Extremadura
06048,Esparragosa de Lares,Badajoz,06,Extremadura
06049,Feria,Badajoz,06,Extremadura
06050,Fregenal de la Sierra,Badajoz,06,Extremadura
06051,Fuenlabrada de los Montes,Badajoz,06,Extremadura
06052,Fuente de Cantos,Badajoz,06,Extremadura
06053,Fuente del Arco,Badajoz,06,Extremadura
06054,Fuente del Maestre,Badajoz,06,Extremadura
06055,Fuentes de León,Badajoz,06,Extremadura
06056,Garbayuela,Badajoz,06,Extremadura
06057,Garlitos,Badajoz,06,Extremadura
06058,"Garrovilla, La",Badajoz,06,Extremadura
06059,Granja de Torrehermosa,Badajoz,06,Extremadura
06903,Guadiana,Badajoz,06,Extremadura
06060,Guareña,Badajoz,06,Extremadura
06061,"Haba, La",Badajoz,06,Extremadura
06062,Helechosa de los Montes,Badajoz,06,Extremadura
06063,Herrera del Duque,Badajoz,06,Extremadura
06064,Higuera de la Serena,Badajoz,06,Extremadura
06065,Higuera de Llerena,Badajoz,06,Extremadura
06066,Higuera de Vargas,Badajoz,06,Extremadura
06067,Higuera la Real,Badajoz,06,Extremadura
06068,Hinojosa del Valle,Badajoz,06,Extremadura
06069,Hornachos,Badajoz,06,Extremadura
06070,Jerez de los Caballeros,Badajoz,06,Extremadura
06071,"Lapa, La",Badajoz,06,Extremadura
06073,Llera,Badajoz,06,Extremadura
06074,Llerena,Badajoz,06,Extremadura
06072,Lobón,Badajoz,06,Extremadura
06075,Magacela,Badajoz,06,Extremadura
06076,Maguilla,Badajoz,06,Extremadura
06077,Malcocinado,Badajoz,06,Extremadura
06078,Malpartida de la Serena,Badajoz,06,Extremadura
06079,Manchita,Badajoz,06,Extremadura
06080,Medellín,Badajoz,06,Extremadura
06081,Medina de las Torres,Badajoz,06,Extremadura
06082,Mengabril,Badajoz,06,Extremadura
06083,Mérida,Badajoz,06,Extremadura
06084,Mirandilla,Badajoz,06,Extremadura
06085,Monesterio,Badajoz,06,Extremadura
06086,Montemolín,Badajoz,06,Extremadura
06087,Monterrubio de la Serena,Badajoz,06,Extremadura
06088,Montijo,Badajoz,06,Extremadura
06089,"Morera, La",Badajoz,06,Extremadura
06090,"Nava de Santiago, La",Badajoz,06,Extremadura
06091,Navalvillar de Pela,Badajoz,06,Extremadura
06092,Nogales,Badajoz,06,Extremadura
06093,Oliva de la Frontera,Badajoz,06,Extremadura
06094,Oliva de Mérida,Badajoz,06,Extremadura
06095,Olivenza,Badajoz,06,Extremadura
06096,Orellana de la Sierra,Badajoz,06,Extremadura
06097,Orellana la Vieja,Badajoz,06,Extremadura
06098,Palomas,Badajoz,06,Extremadura
06099,"Parra, La",Badajoz,06,Extremadura
06100,Peñalsordo,Badajoz,06,Extremadura
06101,Peraleda del Zaucejo,Badajoz,06,Extremadura
06102,Puebla de Alcocer,Badajoz,06,Extremadura
06103,Puebla de la Calzada,Badajoz,06,Extremadura
06104,Puebla de la Reina,Badajoz,06,Extremadura
06107,Puebla de Obando,Badajoz,06,Extremadura
06108,Puebla de Sancho Pérez,Badajoz,06,Extremadura
06105,Puebla del Maestre,Badajoz,06,Extremadura
06106,Puebla del Prior,Badajoz,06,Extremadura
06902,Pueblonuevo del Guadiana,Badajoz,06,Extremadura
06109,Quintana de la Serena,Badajoz,06,Extremadura
06110,Reina,Badajoz,06,Extremadura
06111,Rena,Badajoz,06,Extremadura
06112,Retamal de Llerena,Badajoz,06,Extremadura
06113,Ribera del Fresno,Badajoz,06,Extremadura
06114,Risco,Badajoz,06,Extremadura
06115,"Roca de la Sierra, La",Badajoz,06,Extremadura
06116,Salvaleón,Badajoz,06,Extremadura
06117,Salvatierra de los Barros,Badajoz,06,Extremadura
06119,San Pedro de Mérida,Badajoz,06,Extremadura
06123,San Vicente de Alcántara,Badajoz,06,Extremadura
06118,Sancti-Spíritus,Badajoz,06,Extremadura
06120,Santa Amalia,Badajoz,06,Extremadura
06121,Santa Marta,Badajoz,06,Extremadura
06122,"Santos de Maimona, Los",Badajoz,06,Extremadura
06124,Segura de León,Badajoz,06,Extremadura
06125,Siruela,Badajoz,06,Extremadura
06126,Solana de los Barros,Badajoz,06,Extremadura
06127,Talarrubias,Badajoz,06,Extremadura
06128,Talavera la Real,Badajoz,06,Extremadura
06129,Táliga,Badajoz,06,Extremadura
06130,Tamurejo,Badajoz,06,Extremadura
06131,Torre de Miguel Sesmero,Badajoz,06,Extremadura
06132,Torremayor,Badajoz,06,Extremadura
06133,Torremejía,Badajoz,06,Extremadura
06134,Trasierra,Badajoz,06,Extremadura
06135,Trujillanos,Badajoz,06,Extremadura
06136,Usagre,Badajoz,06,Extremadura
06137,Valdecaballeros,Badajoz,06,Extremadura
06901,Valdelacalzada,Badajoz,06,Extremadura
06138,Valdetorres,Badajoz,06,Extremadura
06139,Valencia de las Torres,Badajoz,06,Extremadura
06140,Valencia del Mombuey,Badajoz,06,Extremadura
06141,Valencia del Ventoso,Badajoz,06,Extremadura
06146,Valle de la Serena,Badajoz,06,Extremadura
06147,Valle de Matamoros,Badajoz,06,Extremadura
06148,Valle de Santa Ana,Badajoz,06,Extremadura
06142,Valverde de Burguillos,Badajoz,06,Extremadura
06143,Valverde de Leganés,Badajoz,06,Extremadura
06144,Valverde de Llerena,Badajoz,06,Extremadura
06145,Valverde de Mérida,Badajoz,06,Extremadura
06149,Villafranca de los Barros,Badajoz,06,Extremadura
06150,Villagarcía de la Torre,Badajoz,06,Extremadura
06151,Villagonzalo,Badajoz,06,Extremadura
06152,Villalba de los Barros,Badajoz,06,Extremadura
06153,Villanueva de la Serena,Badajoz,06,Extremadura
06154,Villanueva del Fresno,Badajoz,06,Extremadura
06156,Villar de Rena,Badajoz,06,Extremadura
06155,Villar del Rey,Badajoz,06,Extremadura
06157,Villarta de los Montes,Badajoz,06,Extremadura
06158,Zafra,Badajoz,06,Extremadura
06159,Zahínos,Badajoz,06,Extremadura
06160,Zalamea de la Serena,Badajoz,06,Extremadura
06162,"Zarza, La",Badajoz,06,Extremadura
06161,Zarza-Capilla,Badajoz,06,Extremadura
07002,Alaior,Illes Balears,07,"Balears, Illes"
07001,Alaró,Illes Balears,07,"Balears, Illes"
07003,Alcúdia,Illes Balears,07,"Balears, Illes"
07004,Algaida,Illes Balears,07,"Balears, Illes"
07005,Andratx,Illes Balears,07,"Balears, Illes"
07901,Ariany,Illes Balears,07,"Balears, Illes"
07006,Artà,Illes Balears,07,"Balears, Illes"
07007,Banyalbufar,Illes Balears,07,"Balears, Illes"
07008,Binissalem,Illes Balears,07,"Balears, Illes"
07009,Búger,Illes Balears,07,"Balears, Illes"
07010,Bunyola,Illes Balears,07,"Balears, Illes"
07011,Calvià,Illes Balears,07,"Balears, Illes"
07012,Campanet,Illes Balears,07,"Balears, Illes"
07013,Campos,Illes Balears,07,"Balears, Illes"
07014,Capdepera,Illes Balears,07,"Balears, Illes"
07064,"Castell, Es",Illes Balears,07,"Balears, Illes"
07015,Ciutadella de Menorca,Illes Balears,07,"Balears, Illes"
07016,Consell,Illes Balears,07,"Balears, Illes"
07017,Costitx,Illes Balears,07,"Balears, Illes"
07018,Deià,Illes Balears,07,"Balears, Illes"
07026,Eivissa,Illes Balears,07,"Balears, Illes"
07019,Escorca,Illes Balears,07,"Balears, Illes"
07020,Esporles,Illes Balears,07,"Balears, Illes"
07021,Estellencs,Illes Balears,07,"Balears, Illes"
07022,Felanitx,Illes Balears,07,"Balears, Illes"
07023,Ferreries,Illes Balears,07,"Balears, Illes"
07024,Formentera,Illes Balears,07,"Balears, Illes"
07025,Fornalutx,Illes Balears,07,"Balears, Illes"
07027,Inca,Illes Balears,07,"Balears, Illes"
07028,Lloret de Vistalegre,Illes Balears,07,"Balears, Illes"
07029,Lloseta,Illes Balears,07,"Balears, Illes"
07030,Llubí,Illes Balears,07,"Balears, Illes"
07031,Llucmajor,Illes Balears,07,"Balears, Illes"
07033,Manacor,Illes Balears,07,"Balears, Illes"
07034,Mancor de la Vall,Illes Balears,07,"Balears, Illes"
07032,Maó,Illes Balears,07,"Balears, Illes"
07035,Maria de la Salut,Illes Balears,07,"Balears, Illes"
07036,Marratxí,Illes Balears,07,"Balears, Illes"
07037,"Mercadal, Es",Illes Balears,07,"Balears, Illes"
07902,"Migjorn Gran, Es",Illes Balears,07,"Balears, Illes"
07038,Montuïri,Illes Balears,07,"Balears, Illes"
07039,Muro,Illes Balears,07,"Balears, Illes"
07040,Palma,Illes Balears,07,"Balears, Illes"
07041,Petra,Illes Balears,07,"Balears, Illes"
07044,"Pobla, Sa",Illes Balears,07,"Balears, Illes"
07042,Pollença,Illes Balears,07,"Balears, Illes"
07043,Porreres,Illes Balears,07,"Balears, Illes"
07045,Puigpunyent,Illes Balears,07,"Balears, Illes"
07059,"Salines, Ses",Illes Balears,07,"Balears, Illes"
07046,Sant Antoni de Portmany,Illes Balears,07,"Balears, Illes"
07049,Sant Joan,Illes Balears,07,"Balears, Illes"
07050,Sant Joan de Labritja,Illes Balears,07,"Balears, Illes"
07048,Sant Josep de sa Talaia,Illes Balears,07,"Balears, Illes"
07051,Sant Llorenç des Cardassar,Illes Balears,07,"Balears, Illes"
07052,Sant Lluís,Illes Balears,07,"Balears, Illes"
07053,Santa Eugènia,Illes Balears,07,"Balears, Illes"
07054,Santa Eulària des Riu,Illes Balears,07,"Balears, Illes"
07055,Santa Margalida,Illes Balears,07,"Balears, Illes"
07056,Santa María del Camí,Illes Balears,07,"Balears, Illes"
07057,Santanyí,Illes Balears,07,"Balears, Illes"
07058,Selva,Illes Balears,07,"Balears, Illes"
07047,Sencelles,Illes Balears,07,"Balears, Illes"
07060,Sineu,Illes Balears,07,"Balears, Illes"
07061,Sóller,Illes Balears,07,"Balears, Illes"
07062,Son Servera,Illes Balears,07,"Balears, Illes"
07063,Valldemossa,Illes Balears,07,"Balears, Illes"
07065,Vilafranca de Bonany,Illes Balears,07,"Balears, Illes"
08001,Abrera,Barcelona,08,Cataluña
08002,Aguilar de Segarra,Barcelona,08,Cataluña
08014,Aiguafreda,Barcelona,08,Cataluña
08003,Alella,Barcelona,08,Cataluña
08004,Alpens,Barcelona,08,Cataluña
08005,"Ametlla del Vallès, L'",Barcelona,08,Cataluña
08006,Arenys de Mar,Barcelona,08,Cataluña
08007,Arenys de Munt,Barcelona,08,Cataluña
08008,Argençola,Barcelona,08,Cataluña
08009,Argentona,Barcelona,08,Cataluña
08010,Artés,Barcelona,08,Cataluña
08011,Avià,Barcelona,08,Cataluña
08012,Avinyó,Barcelona,08,Cataluña
08013,Avinyonet del Penedès,Barcelona,08,Cataluña
08015,Badalona,Barcelona,08,Cataluña
08904,Badia del Vallès,Barcelona,08,Cataluña
08016,Bagà,Barcelona,08,Cataluña
08017,Balenyà,Barcelona,08,Cataluña
08018,Balsareny,Barcelona,08,Cataluña
08252,Barberà del Vallès,Barcelona,08,Cataluña
08019,Barcelona,Barcelona,08,Cataluña
08020,Begues,Barcelona,08,Cataluña
08021,Bellprat,Barcelona,08,Cataluña
08022,Berga,Barcelona,08,Cataluña
08023,Bigues i Riells del Fai,Barcelona,08,Cataluña
08024,Borredà,Barcelona,08,Cataluña
08025,"Bruc, El",Barcelona,08,Cataluña
08026,"Brull, El",Barcelona,08,Cataluña
08027,"Cabanyes, Les",Barcelona,08,Cataluña
08028,Cabrera d'Anoia,Barcelona,08,Cataluña
08029,Cabrera de Mar,Barcelona,08,Cataluña
08030,Cabrils,Barcelona,08,Cataluña
08031,Calaf,Barcelona,08,Cataluña
08034,Calders,Barcelona,08,Cataluña
08033,Caldes de Montbui,Barcelona,08,Cataluña
08032,Caldes d'Estrac,Barcelona,08,Cataluña
08035,Calella,Barcelona,08,Cataluña
08037,Calldetenes,Barcelona,08,Cataluña
08038,Callús,Barcelona,08,Cataluña
08036,Calonge de Segarra,Barcelona,08,Cataluña
08039,Campins,Barcelona,08,Cataluña
08040,Canet de Mar,Barcelona,08,Cataluña
08041,Canovelles,Barcelona,08,Cataluña
08042,Cànoves i Samalús,Barcelona,08,Cataluña
08043,Canyelles,Barcelona,08,Cataluña
08044,Capellades,Barcelona,08,Cataluña
08045,Capolat,Barcelona,08,Cataluña
08046,Cardedeu,Barcelona,08,Cataluña
08047,Cardona,Barcelona,08,Cataluña
08048,Carme,Barcelona,08,Cataluña
08049,Casserres,Barcelona,08,Cataluña
08057,Castell de l'Areny,Barcelona,08,Cataluña
08052,Castellar de n'Hug,Barcelona,08,Cataluña
08050,Castellar del Riu,Barcelona,08,Cataluña
08051,Castellar del Vallès,Barcelona,08,Cataluña
08053,Castellbell i el Vilar,Barcelona,08,Cataluña
08054,Castellbisbal,Barcelona,08,Cataluña
08055,Castellcir,Barcelona,08,Cataluña
08056,Castelldefels,Barcelona,08,Cataluña
08058,Castellet i la Gornal,Barcelona,08,Cataluña
08060,Castellfollit de Riubregós,Barcelona,08,Cataluña
08059,Castellfollit del Boix,Barcelona,08,Cataluña
08061,Castellgalí,Barcelona,08,Cataluña
08062,Castellnou de Bages,Barcelona,08,Cataluña
08063,Castellolí,Barcelona,08,Cataluña
08064,Castellterçol,Barcelona,08,Cataluña
08065,Castellví de la Marca,Barcelona,08,Cataluña
08066,Castellví de Rosanes,Barcelona,08,Cataluña
08067,Centelles,Barcelona,08,Cataluña
08268,Cercs,Barcelona,08,Cataluña
08266,Cerdanyola del Vallès,Barcelona,08,Cataluña
08068,Cervelló,Barcelona,08,Cataluña
08069,Collbató,Barcelona,08,Cataluña
08070,Collsuspina,Barcelona,08,Cataluña
08071,Copons,Barcelona,08,Cataluña
08072,Corbera de Llobregat,Barcelona,08,Cataluña
08073,Cornellà de Llobregat,Barcelona,08,Cataluña
08074,Cubelles,Barcelona,08,Cataluña
08075,Dosrius,Barcelona,08,Cataluña
08076,Esparreguera,Barcelona,08,Cataluña
08077,Esplugues de Llobregat,Barcelona,08,Cataluña
08078,"Espunyola, L'",Barcelona,08,Cataluña
08254,"Esquirol, L'",Barcelona,08,Cataluña
08079,"Estany, L'",Barcelona,08,Cataluña
08134,Figaró-Montmany,Barcelona,08,Cataluña
08080,Fígols,Barcelona,08,Cataluña
08082,Fogars de la Selva,Barcelona,08,Cataluña
08081,Fogars de Montclús,Barcelona,08,Cataluña
08083,Folgueroles,Barcelona,08,Cataluña
08084,Fonollosa,Barcelona,08,Cataluña
08085,Font-rubí,Barcelona,08,Cataluña
08086,"Franqueses del Vallès, Les",Barcelona,08,Cataluña
08090,Gaià,Barcelona,08,Cataluña
08087,Gallifa,Barcelona,08,Cataluña
08088,"Garriga, La",Barcelona,08,Cataluña
08089,Gavà,Barcelona,08,Cataluña
08091,Gelida,Barcelona,08,Cataluña
08092,Gironella,Barcelona,08,Cataluña
08093,Gisclareny,Barcelona,08,Cataluña
08094,"Granada, La",Barcelona,08,Cataluña
08095,Granera,Barcelona,08,Cataluña
08096,Granollers,Barcelona,08,Cataluña
08097,Gualba,Barcelona,08,Cataluña
08099,Guardiola de Berguedà,Barcelona,08,Cataluña
08100,Gurb,Barcelona,08,Cataluña
08101,"Hospitalet de Llobregat, L'",Barcelona,08,Cataluña
08162,"Hostalets de Pierola, Els",Barcelona,08,Cataluña
08102,Igualada,Barcelona,08,Cataluña
08103,Jorba,Barcelona,08,Cataluña
08104,"Llacuna, La",Barcelona,08,Cataluña
08105,"Llagosta, La",Barcelona,08,Cataluña
08107,Lliçà d'Amunt,Barcelona,08,Cataluña
08108,Lliçà de Vall,Barcelona,08,Cataluña
08106,Llinars del Vallès,Barcelona,08,Cataluña
08109,Lluçà,Barcelona,08,Cataluña
08110,Malgrat de Mar,Barcelona,08,Cataluña
08111,Malla,Barcelona,08,Cataluña
08112,Manlleu,Barcelona,08,Cataluña
08113,Manresa,Barcelona,08,Cataluña
08242,Marganell,Barcelona,08,Cataluña
08114,Martorell,Barcelona,08,Cataluña
08115,Martorelles,Barcelona,08,Cataluña
08116,"Masies de Roda, Les",Barcelona,08,Cataluña
08117,"Masies de Voltregà, Les",Barcelona,08,Cataluña
08118,"Masnou, El",Barcelona,08,Cataluña
08119,Masquefa,Barcelona,08,Cataluña
08120,Matadepera,Barcelona,08,Cataluña
08121,Mataró,Barcelona,08,Cataluña
08122,Mediona,Barcelona,08,Cataluña
08138,Moià,Barcelona,08,Cataluña
08123,Molins de Rei,Barcelona,08,Cataluña
08124,Mollet del Vallès,Barcelona,08,Cataluña
08128,Monistrol de Calders,Barcelona,08,Cataluña
08127,Monistrol de Montserrat,Barcelona,08,Cataluña
08125,Montcada i Reixac,Barcelona,08,Cataluña
08130,Montclar,Barcelona,08,Cataluña
08131,Montesquiu,Barcelona,08,Cataluña
08126,Montgat,Barcelona,08,Cataluña
08132,Montmajor,Barcelona,08,Cataluña
08133,Montmaneu,Barcelona,08,Cataluña
08135,Montmeló,Barcelona,08,Cataluña
08136,Montornès del Vallès,Barcelona,08,Cataluña
08137,Montseny,Barcelona,08,Cataluña
08129,Muntanyola,Barcelona,08,Cataluña
08139,Mura,Barcelona,08,Cataluña
08140,Navarcles,Barcelona,08,Cataluña
08141,Navàs,Barcelona,08,Cataluña
08142,"Nou de Berguedà, La",Barcelona,08,Cataluña
08143,Òdena,Barcelona,08,Cataluña
08145,Olèrdola,Barcelona,08,Cataluña
08146,Olesa de Bonesvalls,Barcelona,08,Cataluña
08147,Olesa de Montserrat,Barcelona,08,Cataluña
08148,Olivella,Barcelona,08,Cataluña
08149,Olost,Barcelona,08,Cataluña
08144,Olvan,Barcelona,08,Cataluña
08150,Orís,Barcelona,08,Cataluña
08151,Oristà,Barcelona,08,Cataluña
08152,Orpí,Barcelona,08,Cataluña
08153,Òrrius,Barcelona,08,Cataluña
08154,Pacs del Penedès,Barcelona,08,Cataluña
08155,Palafolls,Barcelona,08,Cataluña
08156,Palau-solità i Plegamans,Barcelona,08,Cataluña
08157,Pallejà,Barcelona,08,Cataluña
08905,"Palma de Cervelló, La",Barcelona,08,Cataluña
08158,"Papiol, El",Barcelona,08,Cataluña
08159,Parets del Vallès,Barcelona,08,Cataluña
08160,Perafita,Barcelona,08,Cataluña
08161,Piera,Barcelona,08,Cataluña
08163,Pineda de Mar,Barcelona,08,Cataluña
08164,"Pla del Penedès, El",Barcelona,08,Cataluña
08165,"Pobla de Claramunt, La",Barcelona,08,Cataluña
08166,"Pobla de Lillet, La",Barcelona,08,Cataluña
08167,Polinyà,Barcelona,08,Cataluña
08182,"Pont de Vilomara i Rocafort, El",Barcelona,08,Cataluña
08168,Pontons,Barcelona,08,Cataluña
08169,"Prat de Llobregat, El",Barcelona,08,Cataluña
08171,Prats de Lluçanès,Barcelona,08,Cataluña
08170,"Prats de Rei, Els",Barcelona,08,Cataluña
08230,Premià de Dalt,Barcelona,08,Cataluña
08172,Premià de Mar,Barcelona,08,Cataluña
08174,Puigdàlber,Barcelona,08,Cataluña
08175,Puig-reig,Barcelona,08,Cataluña
08176,Pujalt,Barcelona,08,Cataluña
08177,"Quar, La",Barcelona,08,Cataluña
08178,Rajadell,Barcelona,08,Cataluña
08179,Rellinars,Barcelona,08,Cataluña
08180,Ripollet,Barcelona,08,Cataluña
08181,"Roca del Vallès, La",Barcelona,08,Cataluña
08183,Roda de Ter,Barcelona,08,Cataluña
08184,Rubí,Barcelona,08,Cataluña
08185,Rubió,Barcelona,08,Cataluña
08901,Rupit i Pruit,Barcelona,08,Cataluña
08187,Sabadell,Barcelona,08,Cataluña
08188,Sagàs,Barcelona,08,Cataluña
08190,Saldes,Barcelona,08,Cataluña
08191,Sallent,Barcelona,08,Cataluña
08194,Sant Adrià de Besòs,Barcelona,08,Cataluña
08195,Sant Agustí de Lluçanès,Barcelona,08,Cataluña
08196,Sant Andreu de la Barca,Barcelona,08,Cataluña
08197,Sant Andreu de Llavaneres,Barcelona,08,Cataluña
08198,Sant Antoni de Vilamajor,Barcelona,08,Cataluña
08199,Sant Bartomeu del Grau,Barcelona,08,Cataluña
08200,Sant Boi de Llobregat,Barcelona,08,Cataluña
08201,Sant Boi de Lluçanès,Barcelona,08,Cataluña
08203,Sant Cebrià de Vallalta,Barcelona,08,Cataluña
08202,Sant Celoni,Barcelona,08,Cataluña
08204,Sant Climent de Llobregat,Barcelona,08,Cataluña
08205,Sant Cugat del Vallès,Barcelona,08,Cataluña
08206,Sant Cugat Sesgarrigues,Barcelona,08,Cataluña
08207,Sant Esteve de Palautordera,Barcelona,08,Cataluña
08208,Sant Esteve Sesrovires,Barcelona,08,Cataluña
08210,Sant Feliu de Codines,Barcelona,08,Cataluña
08211,Sant Feliu de Llobregat,Barcelona,08,Cataluña
08212,Sant Feliu Sasserra,Barcelona,08,Cataluña
08209,Sant Fost de Campsentelles,Barcelona,08,Cataluña
08213,Sant Fruitós de Bages,Barcelona,08,Cataluña
08215,Sant Hipòlit de Voltregà,Barcelona,08,Cataluña
08193,Sant Iscle de Vallalta,Barcelona,08,Cataluña
08216,Sant Jaume de Frontanyà,Barcelona,08,Cataluña
08218,Sant Joan de Vilatorrada,Barcelona,08,Cataluña
08217,Sant Joan Despí,Barcelona,08,Cataluña
08903,Sant Julià de Cerdanyola,Barcelona,08,Cataluña
08220,Sant Julià de Vilatorta,Barcelona,08,Cataluña
08221,Sant Just Desvern,Barcelona,08,Cataluña
08222,Sant Llorenç d'Hortons,Barcelona,08,Cataluña
08223,Sant Llorenç Savall,Barcelona,08,Cataluña
08225,Sant Martí d'Albars,Barcelona,08,Cataluña
08224,Sant Martí de Centelles,Barcelona,08,Cataluña
08226,Sant Martí de Tous,Barcelona,08,Cataluña
08227,Sant Martí Sarroca,Barcelona,08,Cataluña
08228,Sant Martí Sesgueioles,Barcelona,08,Cataluña
08229,Sant Mateu de Bages,Barcelona,08,Cataluña
08231,Sant Pere de Ribes,Barcelona,08,Cataluña
08232,Sant Pere de Riudebitlles,Barcelona,08,Cataluña
08233,Sant Pere de Torelló,Barcelona,08,Cataluña
08234,Sant Pere de Vilamajor,Barcelona,08,Cataluña
08189,Sant Pere Sallavinera,Barcelona,08,Cataluña
08235,Sant Pol de Mar,Barcelona,08,Cataluña
08236,Sant Quintí de Mediona,Barcelona,08,Cataluña
08237,Sant Quirze de Besora,Barcelona,08,Cataluña
08238,Sant Quirze del Vallès,Barcelona,08,Cataluña
08239,Sant Quirze Safaja,Barcelona,08,Cataluña
08240,Sant Sadurní d'Anoia,Barcelona,08,Cataluña
08241,Sant Sadurní d'Osormort,Barcelona,08,Cataluña
08098,Sant Salvador de Guardiola,Barcelona,08,Cataluña
08262,Sant Vicenç de Castellet,Barcelona,08,Cataluña
08264,Sant Vicenç de Montalt,Barcelona,08,Cataluña
08265,Sant Vicenç de Torelló,Barcelona,08,Cataluña
08263,Sant Vicenç dels Horts,Barcelona,08,Cataluña
08243,Santa Cecília de Voltregà,Barcelona,08,Cataluña
08244,Santa Coloma de Cervelló,Barcelona,08,Cataluña
08245,Santa Coloma de Gramenet,Barcelona,08,Cataluña
08246,Santa Eugènia de Berga,Barcelona,08,Cataluña
08247,Santa Eulàlia de Riuprimer,Barcelona,08,Cataluña
08248,Santa Eulàlia de Ronçana,Barcelona,08,Cataluña
08249,Santa Fe del Penedès,Barcelona,08,Cataluña
08250,Santa Margarida de Montbui,Barcelona,08,Cataluña
08251,Santa Margarida i els Monjos,Barcelona,08,Cataluña
08253,Santa Maria de Besora,Barcelona,08,Cataluña
08256,Santa Maria de Martorelles,Barcelona,08,Cataluña
08255,Santa Maria de Merlès,Barcelona,08,Cataluña
08257,Santa Maria de Miralles,Barcelona,08,Cataluña
08259,Santa Maria de Palautordera,Barcelona,08,Cataluña
08258,Santa Maria d'Oló,Barcelona,08,Cataluña
08260,Santa Perpètua de Mogoda,Barcelona,08,Cataluña
08261,Santa Susanna,Barcelona,08,Cataluña
08192,Santpedor,Barcelona,08,Cataluña
08267,Sentmenat,Barcelona,08,Cataluña
08269,Seva,Barcelona,08,Cataluña
08270,Sitges,Barcelona,08,Cataluña
08271,Sobremunt,Barcelona,08,Cataluña
08272,Sora,Barcelona,08,Cataluña
08273,Subirats,Barcelona,08,Cataluña
08274,Súria,Barcelona,08,Cataluña
08276,Tagamanent,Barcelona,08,Cataluña
08277,Talamanca,Barcelona,08,Cataluña
08278,Taradell,Barcelona,08,Cataluña
08275,Tavèrnoles,Barcelona,08,Cataluña
08280,Tavertet,Barcelona,08,Cataluña
08281,Teià,Barcelona,08,Cataluña
08279,Terrassa,Barcelona,08,Cataluña
08282,Tiana,Barcelona,08,Cataluña
08283,Tona,Barcelona,08,Cataluña
08284,Tordera,Barcelona,08,Cataluña
08285,Torelló,Barcelona,08,Cataluña
08286,"Torre de Claramunt, La",Barcelona,08,Cataluña
08287,Torrelavit,Barcelona,08,Cataluña
08288,Torrelles de Foix,Barcelona,08,Cataluña
08289,Torrelles de Llobregat,Barcelona,08,Cataluña
08290,Ullastrell,Barcelona,08,Cataluña
08291,Vacarisses,Barcelona,08,Cataluña
08292,Vallbona d'Anoia,Barcelona,08,Cataluña
08293,Vallcebre,Barcelona,08,Cataluña
08294,Vallgorguina,Barcelona,08,Cataluña
08295,Vallirana,Barcelona,08,Cataluña
08296,Vallromanes,Barcelona,08,Cataluña
08297,Veciana,Barcelona,08,Cataluña
08298,Vic,Barcelona,08,Cataluña
08299,Vilada,Barcelona,08,Cataluña
08301,Viladecans,Barcelona,08,Cataluña
08300,Viladecavalls,Barcelona,08,Cataluña
08305,Vilafranca del Penedès,Barcelona,08,Cataluña
08306,Vilalba Sasserra,Barcelona,08,Cataluña
08303,Vilanova de Sau,Barcelona,08,Cataluña
08302,Vilanova del Camí,Barcelona,08,Cataluña
08902,Vilanova del Vallès,Barcelona,08,Cataluña
08307,Vilanova i la Geltrú,Barcelona,08,Cataluña
08214,Vilassar de Dalt,Barcelona,08,Cataluña
08219,Vilassar de Mar,Barcelona,08,Cataluña
08304,Vilobí del Penedès,Barcelona,08,Cataluña
08308,Viver i Serrateix,Barcelona,08,Cataluña
09001,Abajas,Burgos,09,Castilla y León
09003,Adrada de Haza,Burgos,09,Castilla y León
09006,Aguas Cándidas,Burgos,09,Castilla y León
09007,Aguilar de Bureba,Burgos,09,Castilla y León
09009,Albillos,Burgos,09,Castilla y León
09010,Alcocero de Mola,Burgos,09,Castilla y León
09011,Alfoz de Bricia,Burgos,09,Castilla y León
09907,Alfoz de Quintanadueñas,Burgos,09,Castilla y León
09012,Alfoz de Santa Gadea,Burgos,09,Castilla y León
09013,Altable,Burgos,09,Castilla y León
09014,"Altos, Los",Burgos,09,Castilla y León
09016,Ameyugo,Burgos,09,Castilla y León
09017,Anguix,Burgos,09,Castilla y León
09018,Aranda de Duero,Burgos,09,Castilla y León
09019,Arandilla,Burgos,09,Castilla y León
09020,Arauzo de Miel,Burgos,09,Castilla y León
09021,Arauzo de Salce,Burgos,09,Castilla y León
09022,Arauzo de Torre,Burgos,09,Castilla y León
09023,Arcos,Burgos,09,Castilla y León
09024,Arenillas de Riopisuerga,Burgos,09,Castilla y León
09025,Arija,Burgos,09,Castilla y León
09026,Arlanzón,Burgos,09,Castilla y León
09027,Arraya de Oca,Burgos,09,Castilla y León
09029,Atapuerca,Burgos,09,Castilla y León
09030,"Ausines, Los",Burgos,09,Castilla y León
09032,Avellanosa de Muñó,Burgos,09,Castilla y León
09033,Bahabón de Esgueva,Burgos,09,Castilla y León
09034,"Balbases, Los",Burgos,09,Castilla y León
09035,Baños de Valdearados,Burgos,09,Castilla y León
09036,Bañuelos de Bureba,Burgos,09,Castilla y León
09037,Barbadillo de Herreros,Burgos,09,Castilla y León
09038,Barbadillo del Mercado,Burgos,09,Castilla y León
09039,Barbadillo del Pez,Burgos,09,Castilla y León
09041,Barrio de Muñó,Burgos,09,Castilla y León
09043,"Barrios de Bureba, Los",Burgos,09,Castilla y León
09044,Barrios de Colina,Burgos,09,Castilla y León
09045,Basconcillos del Tozo,Burgos,09,Castilla y León
09046,Bascuñana,Burgos,09,Castilla y León
09047,Belbimbre,Burgos,09,Castilla y León
09048,Belorado,Burgos,09,Castilla y León
09050,Berberana,Burgos,09,Castilla y León
09051,Berlangas de Roa,Burgos,09,Castilla y León
09052,Berzosa de Bureba,Burgos,09,Castilla y León
09054,Bozoó,Burgos,09,Castilla y León
09055,Brazacorta,Burgos,09,Castilla y León
09056,Briviesca,Burgos,09,Castilla y León
09057,Bugedo,Burgos,09,Castilla y León
09058,Buniel,Burgos,09,Castilla y León
09059,Burgos,Burgos,09,Castilla y León
09060,Busto de Bureba,Burgos,09,Castilla y León
09061,Cabañes de Esgueva,Burgos,09,Castilla y León
09062,Cabezón de la Sierra,Burgos,09,Castilla y León
09064,Caleruega,Burgos,09,Castilla y León
09065,Campillo de Aranda,Burgos,09,Castilla y León
09066,Campolara,Burgos,09,Castilla y León
09067,Canicosa de la Sierra,Burgos,09,Castilla y León
09068,Cantabrana,Burgos,09,Castilla y León
09070,Carazo,Burgos,09,Castilla y León
09071,Carcedo de Bureba,Burgos,09,Castilla y León
09072,Carcedo de Burgos,Burgos,09,Castilla y León
09073,Cardeñadijo,Burgos,09,Castilla y León
09074,Cardeñajimeno,Burgos,09,Castilla y León
09075,Cardeñuela Riopico,Burgos,09,Castilla y León
09076,Carrias,Burgos,09,Castilla y León
09077,Cascajares de Bureba,Burgos,09,Castilla y León
09078,Cascajares de la Sierra,Burgos,09,Castilla y León
09079,Castellanos de Castro,Burgos,09,Castilla y León
09083,Castil de Peones,Burgos,09,Castilla y León
09082,Castildelgado,Burgos,09,Castilla y León
09084,Castrillo de la Reina,Burgos,09,Castilla y León
09085,Castrillo de la Vega,Burgos,09,Castilla y León
09088,Castrillo de Riopisuerga,Burgos,09,Castilla y León
09086,Castrillo del Val,Burgos,09,Castilla y León
09090,Castrillo Mota de Judíos,Burgos,09,Castilla y León
09091,Castrojeriz,Burgos,09,Castilla y León
09063,Cavia,Burgos,09,Castilla y León
09093,Cayuela,Burgos,09,Castilla y León
09094,Cebrecos,Burgos,09,Castilla y León
09095,Celada del Camino,Burgos,09,Castilla y León
09098,Cerezo de Río Tirón,Burgos,09,Castilla y León
09100,Cerratón de Juarros,Burgos,09,Castilla y León
09101,Ciadoncha,Burgos,09,Castilla y León
09102,Cillaperlata,Burgos,09,Castilla y León
09103,Cilleruelo de Abajo,Burgos,09,Castilla y León
09104,Cilleruelo de Arriba,Burgos,09,Castilla y León
09105,Ciruelos de Cervera,Burgos,09,Castilla y León
09108,Cogollos,Burgos,09,Castilla y León
09109,Condado de Treviño,Burgos,09,Castilla y León
09110,Contreras,Burgos,09,Castilla y León
09112,Coruña del Conde,Burgos,09,Castilla y León
09113,Covarrubias,Burgos,09,Castilla y León
09114,Cubillo del Campo,Burgos,09,Castilla y León
09115,Cubo de Bureba,Burgos,09,Castilla y León
09117,"Cueva de Roa, La",Burgos,09,Castilla y León
09119,Cuevas de San Clemente,Burgos,09,Castilla y León
09120,Encío,Burgos,09,Castilla y León
09122,Espinosa de Cervera,Burgos,09,Castilla y León
09124,Espinosa de los Monteros,Burgos,09,Castilla y León
09123,Espinosa del Camino,Burgos,09,Castilla y León
09125,Estépar,Burgos,09,Castilla y León
09127,Fontioso,Burgos,09,Castilla y León
09128,Frandovínez,Burgos,09,Castilla y León
09129,Fresneda de la Sierra Tirón,Burgos,09,Castilla y León
09130,Fresneña,Burgos,09,Castilla y León
09131,Fresnillo de las Dueñas,Burgos,09,Castilla y León
09132,Fresno de Río Tirón,Burgos,09,Castilla y León
09133,Fresno de Rodilla,Burgos,09,Castilla y León
09134,Frías,Burgos,09,Castilla y León
09135,Fuentebureba,Burgos,09,Castilla y León
09136,Fuentecén,Burgos,09,Castilla y León
09137,Fuentelcésped,Burgos,09,Castilla y León
09138,Fuentelisendo,Burgos,09,Castilla y León
09139,Fuentemolinos,Burgos,09,Castilla y León
09140,Fuentenebro,Burgos,09,Castilla y León
09141,Fuentespina,Burgos,09,Castilla y León
09143,Galbarros,Burgos,09,Castilla y León
09144,"Gallega, La",Burgos,09,Castilla y León
09148,Grijalba,Burgos,09,Castilla y León
09149,Grisaleña,Burgos,09,Castilla y León
09151,Gumiel de Izán,Burgos,09,Castilla y León
09152,Gumiel de Mercado,Burgos,09,Castilla y León
09154,Hacinas,Burgos,09,Castilla y León
09155,Haza,Burgos,09,Castilla y León
09159,Hontanas,Burgos,09,Castilla y León
09160,Hontangas,Burgos,09,Castilla y León
09162,Hontoria de la Cantera,Burgos,09,Castilla y León
09164,Hontoria de Valdearados,Burgos,09,Castilla y León
09163,Hontoria del Pinar,Burgos,09,Castilla y León
09166,"Hormazas, Las",Burgos,09,Castilla y León
09167,Hornillos del Camino,Burgos,09,Castilla y León
09168,"Horra, La",Burgos,09,Castilla y León
09169,Hortigüela,Burgos,09,Castilla y León
09170,Hoyales de Roa,Burgos,09,Castilla y León
09172,Huérmeces,Burgos,09,Castilla y León
09173,Huerta de Arriba,Burgos,09,Castilla y León
09174,Huerta de Rey,Burgos,09,Castilla y León
09175,Humada,Burgos,09,Castilla y León
09176,Hurones,Burgos,09,Castilla y León
09177,Ibeas de Juarros,Burgos,09,Castilla y León
09178,Ibrillos,Burgos,09,Castilla y León
09179,Iglesiarrubia,Burgos,09,Castilla y León
09180,Iglesias,Burgos,09,Castilla y León
09181,Isar,Burgos,09,Castilla y León
09182,Itero del Castillo,Burgos,09,Castilla y León
09183,Jaramillo de la Fuente,Burgos,09,Castilla y León
09184,Jaramillo Quemado,Burgos,09,Castilla y León
09189,Junta de Traslaloma,Burgos,09,Castilla y León
09190,Junta de Villalba de Losa,Burgos,09,Castilla y León
09191,Jurisdicción de Lara,Burgos,09,Castilla y León
09192,Jurisdicción de San Zadornil,Burgos,09,Castilla y León
09194,Lerma,Burgos,09,Castilla y León
09195,Llano de Bureba,Burgos,09,Castilla y León
09196,Madrigal del Monte,Burgos,09,Castilla y León
09197,Madrigalejo del Monte,Burgos,09,Castilla y León
09198,Mahamud,Burgos,09,Castilla y León
09199,Mambrilla de Castrejón,Burgos,09,Castilla y León
09200,Mambrillas de Lara,Burgos,09,Castilla y León
09201,Mamolar,Burgos,09,Castilla y León
09202,Manciles,Burgos,09,Castilla y León
09206,Mazuela,Burgos,09,Castilla y León
09208,Mecerreyes,Burgos,09,Castilla y León
09209,Medina de Pomar,Burgos,09,Castilla y León
09211,Melgar de Fernamental,Burgos,09,Castilla y León
09213,Merindad de Cuesta-Urria,Burgos,09,Castilla y León
09214,Merindad de Montija,Burgos,09,Castilla y León
09906,Merindad de Río Ubierna,Burgos,09,Castilla y León
09215,Merindad de Sotoscueva,Burgos,09,Castilla y León
09216,Merindad de Valdeporres,Burgos,09,Castilla y León
09217,Merindad de Valdivielso,Burgos,09,Castilla y León
09218,Milagros,Burgos,09,Castilla y León
09219,Miranda de Ebro,Burgos,09,Castilla y León
09220,Miraveche,Burgos,09,Castilla y León
09221,Modúbar de la Emparedada,Burgos,09,Castilla y León
09223,Monasterio de la Sierra,Burgos,09,Castilla y León
09224,Monasterio de Rodilla,Burgos,09,Castilla y León
09225,Moncalvillo,Burgos,09,Castilla y León
09226,Monterrubio de la Demanda,Burgos,09,Castilla y León
09227,Montorio,Burgos,09,Castilla y León
09228,Moradillo de Roa,Burgos,09,Castilla y León
09229,Nava de Roa,Burgos,09,Castilla y León
09230,Navas de Bureba,Burgos,09,Castilla y León
09231,Nebreda,Burgos,09,Castilla y León
09232,Neila,Burgos,09,Castilla y León
09235,Olmedillo de Roa,Burgos,09,Castilla y León
09236,Olmillos de Muñó,Burgos,09,Castilla y León
09238,Oña,Burgos,09,Castilla y León
09239,Oquillas,Burgos,09,Castilla y León
09241,Orbaneja Riopico,Burgos,09,Castilla y León
09242,Padilla de Abajo,Burgos,09,Castilla y León
09243,Padilla de Arriba,Burgos,09,Castilla y León
09244,Padrones de Bureba,Burgos,09,Castilla y León
09246,Palacios de la Sierra,Burgos,09,Castilla y León
09247,Palacios de Riopisuerga,Burgos,09,Castilla y León
09248,Palazuelos de la Sierra,Burgos,09,Castilla y León
09249,Palazuelos de Muñó,Burgos,09,Castilla y León
09250,Pampliega,Burgos,09,Castilla y León
09251,Pancorbo,Burgos,09,Castilla y León
09253,Pardilla,Burgos,09,Castilla y León
09255,Partido de la Sierra en Tobalina,Burgos,09,Castilla y León
09256,Pedrosa de Duero,Burgos,09,Castilla y León
09259,Pedrosa de Río Úrbel,Burgos,09,Castilla y León
09257,Pedrosa del Páramo,Burgos,09,Castilla y León
09258,Pedrosa del Príncipe,Burgos,09,Castilla y León
09261,Peñaranda de Duero,Burgos,09,Castilla y León
09262,Peral de Arlanza,Burgos,09,Castilla y León
09265,Piérnigas,Burgos,09,Castilla y León
09266,Pineda de la Sierra,Burgos,09,Castilla y León
09267,Pineda Trasmonte,Burgos,09,Castilla y León
09268,Pinilla de los Barruecos,Burgos,09,Castilla y León
09269,Pinilla de los Moros,Burgos,09,Castilla y León
09270,Pinilla Trasmonte,Burgos,09,Castilla y León
09272,Poza de la Sal,Burgos,09,Castilla y León
09273,Prádanos de Bureba,Burgos,09,Castilla y León
09274,Pradoluengo,Burgos,09,Castilla y León
09275,Presencio,Burgos,09,Castilla y León
09276,"Puebla de Arganzón, La",Burgos,09,Castilla y León
09277,Puentedura,Burgos,09,Castilla y León
09279,Quemada,Burgos,09,Castilla y León
09281,Quintana del Pidio,Burgos,09,Castilla y León
09280,Quintanabureba,Burgos,09,Castilla y León
09283,Quintanaélez,Burgos,09,Castilla y León
09287,Quintanaortuño,Burgos,09,Castilla y León
09288,Quintanapalla,Burgos,09,Castilla y León
09289,Quintanar de la Sierra,Burgos,09,Castilla y León
09292,Quintanavides,Burgos,09,Castilla y León
09294,Quintanilla de la Mata,Burgos,09,Castilla y León
09901,Quintanilla del Agua y Tordueles,Burgos,09,Castilla y León
09295,Quintanilla del Coco,Burgos,09,Castilla y León
09298,Quintanilla San García,Burgos,09,Castilla y León
09301,Quintanilla Vivar,Burgos,09,Castilla y León
09297,"Quintanillas, Las",Burgos,09,Castilla y León
09302,Rabanera del Pinar,Burgos,09,Castilla y León
09303,Rábanos,Burgos,09,Castilla y León
09304,Rabé de las Calzadas,Burgos,09,Castilla y León
09306,Rebolledo de la Torre,Burgos,09,Castilla y León
09307,Redecilla del Camino,Burgos,09,Castilla y León
09308,Redecilla del Campo,Burgos,09,Castilla y León
09309,Regumiel de la Sierra,Burgos,09,Castilla y León
09310,Reinoso,Burgos,09,Castilla y León
09311,Retuerta,Burgos,09,Castilla y León
09314,Revilla del Campo,Burgos,09,Castilla y León
09316,Revilla Vallejera,Burgos,09,Castilla y León
09312,"Revilla y Ahedo, La",Burgos,09,Castilla y León
09315,Revillarruz,Burgos,09,Castilla y León
09317,Rezmondo,Burgos,09,Castilla y León
09318,Riocavado de la Sierra,Burgos,09,Castilla y León
09321,Roa,Burgos,09,Castilla y León
09323,Rojas,Burgos,09,Castilla y León
09325,Royuela de Río Franco,Burgos,09,Castilla y León
09326,Rubena,Burgos,09,Castilla y León
09327,Rublacedo de Abajo,Burgos,09,Castilla y León
09328,Rucandio,Burgos,09,Castilla y León
09329,Salas de Bureba,Burgos,09,Castilla y León
09330,Salas de los Infantes,Burgos,09,Castilla y León
09332,Saldaña de Burgos,Burgos,09,Castilla y León
09334,Salinillas de Bureba,Burgos,09,Castilla y León
09335,San Adrián de Juarros,Burgos,09,Castilla y León
09337,San Juan del Monte,Burgos,09,Castilla y León
09338,San Mamés de Burgos,Burgos,09,Castilla y León
09339,San Martín de Rubiales,Burgos,09,Castilla y León
09340,San Millán de Lara,Burgos,09,Castilla y León
09360,San Vicente del Valle,Burgos,09,Castilla y León
09343,Santa Cecilia,Burgos,09,Castilla y León
09345,Santa Cruz de la Salceda,Burgos,09,Castilla y León
09346,Santa Cruz del Valle Urbión,Burgos,09,Castilla y León
09347,Santa Gadea del Cid,Burgos,09,Castilla y León
09348,Santa Inés,Burgos,09,Castilla y León
09350,Santa María del Campo,Burgos,09,Castilla y León
09351,Santa María del Invierno,Burgos,09,Castilla y León
09352,Santa María del Mercadillo,Burgos,09,Castilla y León
09353,Santa María Ribarredonda,Burgos,09,Castilla y León
09354,Santa Olalla de Bureba,Burgos,09,Castilla y León
09355,Santibáñez de Esgueva,Burgos,09,Castilla y León
09356,Santibáñez del Val,Burgos,09,Castilla y León
09358,Santo Domingo de Silos,Burgos,09,Castilla y León
09361,Sargentes de la Lora,Burgos,09,Castilla y León
09362,Sarracín,Burgos,09,Castilla y León
09363,Sasamón,Burgos,09,Castilla y León
09365,"Sequera de Haza, La",Burgos,09,Castilla y León
09366,Solarana,Burgos,09,Castilla y León
09368,Sordillos,Burgos,09,Castilla y León
09369,Sotillo de la Ribera,Burgos,09,Castilla y León
09372,Sotragero,Burgos,09,Castilla y León
09373,Sotresgudo,Burgos,09,Castilla y León
09374,Susinos del Páramo,Burgos,09,Castilla y León
09375,Tamarón,Burgos,09,Castilla y León
09377,Tardajos,Burgos,09,Castilla y León
09378,Tejada,Burgos,09,Castilla y León
09380,Terradillos de Esgueva,Burgos,09,Castilla y León
09381,Tinieblas de la Sierra,Burgos,09,Castilla y León
09382,Tobar,Burgos,09,Castilla y León
09384,Tordómar,Burgos,09,Castilla y León
09386,Torrecilla del Monte,Burgos,09,Castilla y León
09387,Torregalindo,Burgos,09,Castilla y León
09388,Torrelara,Burgos,09,Castilla y León
09389,Torrepadre,Burgos,09,Castilla y León
09390,Torresandino,Burgos,09,Castilla y León
09391,Tórtoles de Esgueva,Burgos,09,Castilla y León
09392,Tosantos,Burgos,09,Castilla y León
09394,Trespaderne,Burgos,09,Castilla y León
09395,Tubilla del Agua,Burgos,09,Castilla y León
09396,Tubilla del Lago,Burgos,09,Castilla y León
09398,Úrbel del Castillo,Burgos,09,Castilla y León
09400,Vadocondes,Burgos,09,Castilla y León
09403,Valdeande,Burgos,09,Castilla y León
09405,Valdezate,Burgos,09,Castilla y León
09406,Valdorros,Burgos,09,Castilla y León
09408,Vallarta de Bureba,Burgos,09,Castilla y León
09904,Valle de las Navas,Burgos,09,Castilla y León
09908,Valle de Losa,Burgos,09,Castilla y León
09409,Valle de Manzanedo,Burgos,09,Castilla y León
09410,Valle de Mena,Burgos,09,Castilla y León
09411,Valle de Oca,Burgos,09,Castilla y León
09902,Valle de Santibáñez,Burgos,09,Castilla y León
09905,Valle de Sedano,Burgos,09,Castilla y León
09412,Valle de Tobalina,Burgos,09,Castilla y León
09413,Valle de Valdebezana,Burgos,09,Castilla y León
09414,Valle de Valdelaguna,Burgos,09,Castilla y León
09415,Valle de Valdelucio,Burgos,09,Castilla y León
09416,Valle de Zamanzas,Burgos,09,Castilla y León
09417,Vallejera,Burgos,09,Castilla y León
09418,Valles de Palenzuela,Burgos,09,Castilla y León
09419,Valluércanes,Burgos,09,Castilla y León
09407,Valmala,Burgos,09,Castilla y León
09422,"Vid de Bureba, La",Burgos,09,Castilla y León
09421,"Vid y Barrios, La",Burgos,09,Castilla y León
09423,Vileña,Burgos,09,Castilla y León
09427,Villadiego,Burgos,09,Castilla y León
09428,Villaescusa de Roa,Burgos,09,Castilla y León
09429,Villaescusa la Sombría,Burgos,09,Castilla y León
09430,Villaespasa,Burgos,09,Castilla y León
09431,Villafranca Montes de Oca,Burgos,09,Castilla y León
09432,Villafruela,Burgos,09,Castilla y León
09433,Villagalijo,Burgos,09,Castilla y León
09434,Villagonzalo Pedernales,Burgos,09,Castilla y León
09437,Villahoz,Burgos,09,Castilla y León
09438,Villalba de Duero,Burgos,09,Castilla y León
09439,Villalbilla de Burgos,Burgos,09,Castilla y León
09440,Villalbilla de Gumiel,Burgos,09,Castilla y León
09441,Villaldemiro,Burgos,09,Castilla y León
09442,Villalmanzo,Burgos,09,Castilla y León
09443,Villamayor de los Montes,Burgos,09,Castilla y León
09444,Villamayor de Treviño,Burgos,09,Castilla y León
09445,Villambistia,Burgos,09,Castilla y León
09446,Villamedianilla,Burgos,09,Castilla y León
09447,Villamiel de la Sierra,Burgos,09,Castilla y León
09448,Villangómez,Burgos,09,Castilla y León
09449,Villanueva de Argaño,Burgos,09,Castilla y León
09450,Villanueva de Carazo,Burgos,09,Castilla y León
09451,Villanueva de Gumiel,Burgos,09,Castilla y León
09454,Villanueva de Teba,Burgos,09,Castilla y León
09455,Villaquirán de la Puebla,Burgos,09,Castilla y León
09456,Villaquirán de los Infantes,Burgos,09,Castilla y León
09903,Villarcayo de Merindad de Castilla la Vieja,Burgos,09,Castilla y León
09458,Villariezo,Burgos,09,Castilla y León
09460,Villasandino,Burgos,09,Castilla y León
09463,Villasur de Herreros,Burgos,09,Castilla y León
09464,Villatuelda,Burgos,09,Castilla y León
09466,Villaverde del Monte,Burgos,09,Castilla y León
09467,Villaverde-Mogina,Burgos,09,Castilla y León
09471,Villayerno Morquillas,Burgos,09,Castilla y León
09472,Villazopeque,Burgos,09,Castilla y León
09473,Villegas,Burgos,09,Castilla y León
09476,Villoruebo,Burgos,09,Castilla y León
09424,Viloria de Rioja,Burgos,09,Castilla y León
09425,Vilviestre del Pinar,Burgos,09,Castilla y León
09478,Vizcaínos,Burgos,09,Castilla y León
09480,Zael,Burgos,09,Castilla y León
09482,Zarzosa de Río Pisuerga,Burgos,09,Castilla y León
09483,Zazuar,Burgos,09,Castilla y León
09485,Zuñeda,Burgos,09,Castilla y León
10001,Abadía,Cáceres,10,Extremadura
10002,Abertura,Cáceres,10,Extremadura
10003,Acebo,Cáceres,10,Extremadura
10004,Acehúche,Cáceres,10,Extremadura
10005,Aceituna,Cáceres,10,Extremadura
10006,Ahigal,Cáceres,10,Extremadura
10903,Alagón del Río,Cáceres,10,Extremadura
10007,Albalá,Cáceres,10,Extremadura
10008,Alcántara,Cáceres,10,Extremadura
10009,Alcollarín,Cáceres,10,Extremadura
10010,Alcuéscar,Cáceres,10,Extremadura
10012,Aldea del Cano,Cáceres,10,Extremadura
10013,"Aldea del Obispo, La",Cáceres,10,Extremadura
10011,Aldeacentenera,Cáceres,10,Extremadura
10014,Aldeanueva de la Vera,Cáceres,10,Extremadura
10015,Aldeanueva del Camino,Cáceres,10,Extremadura
10016,Aldehuela del Jerte,Cáceres,10,Extremadura
10017,Alía,Cáceres,10,Extremadura
10018,Aliseda,Cáceres,10,Extremadura
10019,Almaraz,Cáceres,10,Extremadura
10020,Almoharín,Cáceres,10,Extremadura
10021,Arroyo de la Luz,Cáceres,10,Extremadura
10023,Arroyomolinos,Cáceres,10,Extremadura
10022,Arroyomolinos de la Vera,Cáceres,10,Extremadura
10024,Baños de Montemayor,Cáceres,10,Extremadura
10025,Barrado,Cáceres,10,Extremadura
10026,Belvís de Monroy,Cáceres,10,Extremadura
10027,Benquerencia,Cáceres,10,Extremadura
10028,Berrocalejo,Cáceres,10,Extremadura
10029,Berzocana,Cáceres,10,Extremadura
10030,Bohonal de Ibor,Cáceres,10,Extremadura
10031,Botija,Cáceres,10,Extremadura
10032,Brozas,Cáceres,10,Extremadura
10033,Cabañas del Castillo,Cáceres,10,Extremadura
10034,Cabezabellosa,Cáceres,10,Extremadura
10035,Cabezuela del Valle,Cáceres,10,Extremadura
10036,Cabrero,Cáceres,10,Extremadura
10037,Cáceres,Cáceres,10,Extremadura
10038,Cachorrilla,Cáceres,10,Extremadura
10039,Cadalso,Cáceres,10,Extremadura
10040,Calzadilla,Cáceres,10,Extremadura
10041,Caminomorisco,Cáceres,10,Extremadura
10042,Campillo de Deleitosa,Cáceres,10,Extremadura
10043,Campo Lugar,Cáceres,10,Extremadura
10044,Cañamero,Cáceres,10,Extremadura
10045,Cañaveral,Cáceres,10,Extremadura
10046,Carbajo,Cáceres,10,Extremadura
10047,Carcaboso,Cáceres,10,Extremadura
10048,Carrascalejo,Cáceres,10,Extremadura
10049,Casar de Cáceres,Cáceres,10,Extremadura
10050,Casar de Palomero,Cáceres,10,Extremadura
10051,Casares de las Hurdes,Cáceres,10,Extremadura
10052,Casas de Don Antonio,Cáceres,10,Extremadura
10053,Casas de Don Gómez,Cáceres,10,Extremadura
10056,Casas de Millán,Cáceres,10,Extremadura
10057,Casas de Miravete,Cáceres,10,Extremadura
10054,Casas del Castañar,Cáceres,10,Extremadura
10055,Casas del Monte,Cáceres,10,Extremadura
10058,Casatejada,Cáceres,10,Extremadura
10059,Casillas de Coria,Cáceres,10,Extremadura
10060,Castañar de Ibor,Cáceres,10,Extremadura
10061,Ceclavín,Cáceres,10,Extremadura
10062,Cedillo,Cáceres,10,Extremadura
10063,Cerezo,Cáceres,10,Extremadura
10064,Cilleros,Cáceres,10,Extremadura
10065,Collado de la Vera,Cáceres,10,Extremadura
10066,Conquista de la Sierra,Cáceres,10,Extremadura
10067,Coria,Cáceres,10,Extremadura
10068,Cuacos de Yuste,Cáceres,10,Extremadura
10069,"Cumbre, La",Cáceres,10,Extremadura
10070,Deleitosa,Cáceres,10,Extremadura
10071,Descargamaría,Cáceres,10,Extremadura
10072,Eljas,Cáceres,10,Extremadura
10073,Escurial,Cáceres,10,Extremadura
10075,Fresnedoso de Ibor,Cáceres,10,Extremadura
10076,Galisteo,Cáceres,10,Extremadura
10077,Garciaz,Cáceres,10,Extremadura
10079,Garganta la Olla,Cáceres,10,Extremadura
10078,"Garganta, La",Cáceres,10,Extremadura
10080,Gargantilla,Cáceres,10,Extremadura
10081,Gargüera,Cáceres,10,Extremadura
10082,Garrovillas de Alconétar,Cáceres,10,Extremadura
10083,Garvín,Cáceres,10,Extremadura
10084,Gata,Cáceres,10,Extremadura
10085,"Gordo, El",Cáceres,10,Extremadura
10086,"Granja, La",Cáceres,10,Extremadura
10087,Guadalupe,Cáceres,10,Extremadura
10088,Guijo de Coria,Cáceres,10,Extremadura
10089,Guijo de Galisteo,Cáceres,10,Extremadura
10090,Guijo de Granadilla,Cáceres,10,Extremadura
10091,Guijo de Santa Bárbara,Cáceres,10,Extremadura
10092,Herguijuela,Cáceres,10,Extremadura
10093,Hernán-Pérez,Cáceres,10,Extremadura
10094,Herrera de Alcántara,Cáceres,10,Extremadura
10095,Herreruela,Cáceres,10,Extremadura
10096,Hervás,Cáceres,10,Extremadura
10097,Higuera de Albalat,Cáceres,10,Extremadura
10098,Hinojal,Cáceres,10,Extremadura
10099,Holguera,Cáceres,10,Extremadura
10100,Hoyos,Cáceres,10,Extremadura
10101,Huélaga,Cáceres,10,Extremadura
10102,Ibahernando,Cáceres,10,Extremadura
10103,Jaraicejo,Cáceres,10,Extremadura
10104,Jaraíz de la Vera,Cáceres,10,Extremadura
10105,Jarandilla de la Vera,Cáceres,10,Extremadura
10106,Jarilla,Cáceres,10,Extremadura
10107,Jerte,Cáceres,10,Extremadura
10108,Ladrillar,Cáceres,10,Extremadura
10109,Logrosán,Cáceres,10,Extremadura
10110,Losar de la Vera,Cáceres,10,Extremadura
10111,Madrigal de la Vera,Cáceres,10,Extremadura
10112,Madrigalejo,Cáceres,10,Extremadura
10113,Madroñera,Cáceres,10,Extremadura
10114,Majadas,Cáceres,10,Extremadura
10115,Malpartida de Cáceres,Cáceres,10,Extremadura
10116,Malpartida de Plasencia,Cáceres,10,Extremadura
10117,Marchagaz,Cáceres,10,Extremadura
10118,Mata de Alcántara,Cáceres,10,Extremadura
10119,Membrío,Cáceres,10,Extremadura
10120,Mesas de Ibor,Cáceres,10,Extremadura
10121,Miajadas,Cáceres,10,Extremadura
10122,Millanes,Cáceres,10,Extremadura
10123,Mirabel,Cáceres,10,Extremadura
10124,Mohedas de Granadilla,Cáceres,10,Extremadura
10125,Monroy,Cáceres,10,Extremadura
10126,Montánchez,Cáceres,10,Extremadura
10127,Montehermoso,Cáceres,10,Extremadura
10128,Moraleja,Cáceres,10,Extremadura
10129,Morcillo,Cáceres,10,Extremadura
10130,Navaconcejo,Cáceres,10,Extremadura
10131,Navalmoral de la Mata,Cáceres,10,Extremadura
10132,Navalvillar de Ibor,Cáceres,10,Extremadura
10133,Navas del Madroño,Cáceres,10,Extremadura
10134,Navezuelas,Cáceres,10,Extremadura
10135,Nuñomoral,Cáceres,10,Extremadura
10136,Oliva de Plasencia,Cáceres,10,Extremadura
10137,Palomero,Cáceres,10,Extremadura
10138,Pasarón de la Vera,Cáceres,10,Extremadura
10139,Pedroso de Acim,Cáceres,10,Extremadura
10140,Peraleda de la Mata,Cáceres,10,Extremadura
10141,Peraleda de San Román,Cáceres,10,Extremadura
10142,Perales del Puerto,Cáceres,10,Extremadura
10143,Pescueza,Cáceres,10,Extremadura
10144,"Pesga, La",Cáceres,10,Extremadura
10145,Piedras Albas,Cáceres,10,Extremadura
10146,Pinofranqueado,Cáceres,10,Extremadura
10147,Piornal,Cáceres,10,Extremadura
10148,Plasencia,Cáceres,10,Extremadura
10149,Plasenzuela,Cáceres,10,Extremadura
10150,Portaje,Cáceres,10,Extremadura
10151,Portezuelo,Cáceres,10,Extremadura
10152,Pozuelo de Zarzón,Cáceres,10,Extremadura
10905,Pueblonuevo de Miramontes,Cáceres,10,Extremadura
10153,Puerto de Santa Cruz,Cáceres,10,Extremadura
10154,Rebollar,Cáceres,10,Extremadura
10155,Riolobos,Cáceres,10,Extremadura
10156,Robledillo de Gata,Cáceres,10,Extremadura
10157,Robledillo de la Vera,Cáceres,10,Extremadura
10158,Robledillo de Trujillo,Cáceres,10,Extremadura
10159,Robledollano,Cáceres,10,Extremadura
10160,Romangordo,Cáceres,10,Extremadura
10901,Rosalejo,Cáceres,10,Extremadura
10161,Ruanes,Cáceres,10,Extremadura
10162,Salorino,Cáceres,10,Extremadura
10163,Salvatierra de Santiago,Cáceres,10,Extremadura
10164,San Martín de Trevejo,Cáceres,10,Extremadura
10165,Santa Ana,Cáceres,10,Extremadura
10166,Santa Cruz de la Sierra,Cáceres,10,Extremadura
10167,Santa Cruz de Paniagua,Cáceres,10,Extremadura
10168,Santa Marta de Magasca,Cáceres,10,Extremadura
10169,Santiago de Alcántara,Cáceres,10,Extremadura
10170,Santiago del Campo,Cáceres,10,Extremadura
10171,Santibáñez el Alto,Cáceres,10,Extremadura
10172,Santibáñez el Bajo,Cáceres,10,Extremadura
10173,Saucedilla,Cáceres,10,Extremadura
10174,Segura de Toro,Cáceres,10,Extremadura
10175,Serradilla,Cáceres,10,Extremadura
10176,Serrejón,Cáceres,10,Extremadura
10177,Sierra de Fuentes,Cáceres,10,Extremadura
10178,Talaván,Cáceres,10,Extremadura
10179,Talaveruela de la Vera,Cáceres,10,Extremadura
10180,Talayuela,Cáceres,10,Extremadura
10181,Tejeda de Tiétar,Cáceres,10,Extremadura
10904,Tiétar,Cáceres,10,Extremadura
10182,Toril,Cáceres,10,Extremadura
10183,Tornavacas,Cáceres,10,Extremadura
10184,"Torno, El",Cáceres,10,Extremadura
10187,Torre de Don Miguel,Cáceres,10,Extremadura
10188,Torre de Santa María,Cáceres,10,Extremadura
10185,Torrecilla de los Ángeles,Cáceres,10,Extremadura
10186,Torrecillas de la Tiesa,Cáceres,10,Extremadura
10190,Torrejón el Rubio,Cáceres,10,Extremadura
10189,Torrejoncillo,Cáceres,10,Extremadura
10191,Torremenga,Cáceres,10,Extremadura
10192,Torremocha,Cáceres,10,Extremadura
10193,Torreorgaz,Cáceres,10,Extremadura
10194,Torrequemada,Cáceres,10,Extremadura
10195,Trujillo,Cáceres,10,Extremadura
10196,Valdastillas,Cáceres,10,Extremadura
10197,Valdecañas de Tajo,Cáceres,10,Extremadura
10198,Valdefuentes,Cáceres,10,Extremadura
10199,Valdehúncar,Cáceres,10,Extremadura
10200,Valdelacasa de Tajo,Cáceres,10,Extremadura
10201,Valdemorales,Cáceres,10,Extremadura
10202,Valdeobispo,Cáceres,10,Extremadura
10203,Valencia de Alcántara,Cáceres,10,Extremadura
10204,Valverde de la Vera,Cáceres,10,Extremadura
10205,Valverde del Fresno,Cáceres,10,Extremadura
10902,Vegaviana,Cáceres,10,Extremadura
10206,Viandar de la Vera,Cáceres,10,Extremadura
10207,Villa del Campo,Cáceres,10,Extremadura
10208,Villa del Rey,Cáceres,10,Extremadura
10209,Villamesías,Cáceres,10,Extremadura
10210,Villamiel,Cáceres,10,Extremadura
10211,Villanueva de la Sierra,Cáceres,10,Extremadura
10212,Villanueva de la Vera,Cáceres,10,Extremadura
10214,Villar de Plasencia,Cáceres,10,Extremadura
10213,Villar del Pedroso,Cáceres,10,Extremadura
10215,Villasbuenas de Gata,Cáceres,10,Extremadura
10216,Zarza de Granadilla,Cáceres,10,Extremadura
10217,Zarza de Montánchez,Cáceres,10,Extremadura
10218,Zarza la Mayor,Cáceres,10,Extremadura
10219,Zorita,Cáceres,10,Extremadura
11001,Alcalá de los Gazules,Cádiz,11,Andalucía
11002,Alcalá del Valle,Cádiz,11,Andalucía
11003,Algar,Cádiz,11,Andalucía
11004,Algeciras,Cádiz,11,Andalucía
11005,Algodonales,Cádiz,11,Andalucía
11006,Arcos de la Frontera,Cádiz,11,Andalucía
11007,Barbate,Cádiz,11,Andalucía
11008,"Barrios, Los",Cádiz,11,Andalucía
11901,Benalup-Casas Viejas,Cádiz,11,Andalucía
11009,Benaocaz,Cádiz,11,Andalucía
11010,Bornos,Cádiz,11,Andalucía
11011,"Bosque, El",Cádiz,11,Andalucía
11012,Cádiz,Cádiz,11,Andalucía
11013,Castellar de la Frontera,Cádiz,11,Andalucía
11015,Chiclana de la Frontera,Cádiz,11,Andalucía
11016,Chipiona,Cádiz,11,Andalucía
11014,Conil de la Frontera,Cádiz,11,Andalucía
11017,Espera,Cádiz,11,Andalucía
11018,"Gastor, El",Cádiz,11,Andalucía
11019,Grazalema,Cádiz,11,Andalucía
11020,Jerez de la Frontera,Cádiz,11,Andalucía
11021,Jimena de la Frontera,Cádiz,11,Andalucía
11022,"Línea de la Concepción, La",Cádiz,11,Andalucía
11023,Medina Sidonia,Cádiz,11,Andalucía
11024,Olvera,Cádiz,11,Andalucía
11025,Paterna de Rivera,Cádiz,11,Andalucía
11026,Prado del Rey,Cádiz,11,Andalucía
11027,"Puerto de Santa María, El",Cádiz,11,Andalucía
11028,Puerto Real,Cádiz,11,Andalucía
11029,Puerto Serrano,Cádiz,11,Andalucía
11030,Rota,Cádiz,11,Andalucía
11031,San Fernando,Cádiz,11,Andalucía
11902,San José del Valle,Cádiz,11,Andalucía
11903,San Martín del Tesorillo,Cádiz,11,Andalucía
11033,San Roque,Cádiz,11,Andalucía
11032,Sanlúcar de Barrameda,Cádiz,11,Andalucía
11034,Setenil de las Bodegas,Cádiz,11,Andalucía
11035,Tarifa,Cádiz,11,Andalucía
11036,Torre Alháquime,Cádiz,11,Andalucía
11037,Trebujena,Cádiz,11,Andalucía
11038,Ubrique,Cádiz,11,Andalucía
11039,Vejer de la Frontera,Cádiz,11,Andalucía
11040,Villaluenga del Rosario,Cádiz,11,Andalucía
11041,Villamartín,Cádiz,11,Andalucía
11042,Zahara,Cádiz,11,Andalucía
12002,Aín,Castellón/Castelló,12,Comunitat Valenciana
12003,Albocàsser,Castellón/Castelló,12,Comunitat Valenciana
12004,Alcalà de Xivert,Castellón/Castelló,12,Comunitat Valenciana
12005,"Alcora, l'",Castellón/Castelló,12,Comunitat Valenciana
12006,Alcudia de Veo,Castellón/Castelló,12,Comunitat Valenciana
12007,Alfondeguilla,Castellón/Castelló,12,Comunitat Valenciana
12008,Algimia de Almonacid,Castellón/Castelló,12,Comunitat Valenciana
12009,Almassora,Castellón/Castelló,12,Comunitat Valenciana
12010,Almedíjar,Castellón/Castelló,12,Comunitat Valenciana
12011,Almenara,Castellón/Castelló,12,Comunitat Valenciana
12901,"Alqueries, les/Alquerías del Niño Perdido",Castellón/Castelló,12,Comunitat Valenciana
12012,Altura,Castellón/Castelló,12,Comunitat Valenciana
12013,Arañuel,Castellón/Castelló,12,Comunitat Valenciana
12014,Ares del Maestrat,Castellón/Castelló,12,Comunitat Valenciana
12015,Argelita,Castellón/Castelló,12,Comunitat Valenciana
12016,Artana,Castellón/Castelló,12,Comunitat Valenciana
12001,Atzeneta del Maestrat,Castellón/Castelló,12,Comunitat Valenciana
12017,Ayódar,Castellón/Castelló,12,Comunitat Valenciana
12018,Azuébar,Castellón/Castelló,12,Comunitat Valenciana
12020,Barracas,Castellón/Castelló,12,Comunitat Valenciana
12022,Bejís,Castellón/Castelló,12,Comunitat Valenciana
12024,Benafer,Castellón/Castelló,12,Comunitat Valenciana
12025,Benafigos,Castellón/Castelló,12,Comunitat Valenciana
12026,Benassal,Castellón/Castelló,12,Comunitat Valenciana
12027,Benicarló,Castellón/Castelló,12,Comunitat Valenciana
12028,Benicàssim/Benicasim,Castellón/Castelló,12,Comunitat Valenciana
12029,Benlloc,Castellón/Castelló,12,Comunitat Valenciana
12021,Betxí,Castellón/Castelló,12,Comunitat Valenciana
12032,Borriana/Burriana,Castellón/Castelló,12,Comunitat Valenciana
12031,Borriol,Castellón/Castelló,12,Comunitat Valenciana
12033,Cabanes,Castellón/Castelló,12,Comunitat Valenciana
12034,Càlig,Castellón/Castelló,12,Comunitat Valenciana
12036,Canet lo Roig,Castellón/Castelló,12,Comunitat Valenciana
12037,Castell de Cabres,Castellón/Castelló,12,Comunitat Valenciana
12038,Castellfort,Castellón/Castelló,12,Comunitat Valenciana
12039,Castellnovo,Castellón/Castelló,12,Comunitat Valenciana
12040,Castelló de la Plana/Castellón de la Plana,Castellón/Castelló,12,Comunitat Valenciana
12041,Castillo de Villamalefa,Castellón/Castelló,12,Comunitat Valenciana
12042,Catí,Castellón/Castelló,12,Comunitat Valenciana
12043,Caudiel,Castellón/Castelló,12,Comunitat Valenciana
12044,Cervera del Maestre,Castellón/Castelló,12,Comunitat Valenciana
12053,Chilches/Xilxes,Castellón/Castelló,12,Comunitat Valenciana
12056,Chóvar,Castellón/Castelló,12,Comunitat Valenciana
12045,Cinctorres,Castellón/Castelló,12,Comunitat Valenciana
12046,Cirat,Castellón/Castelló,12,Comunitat Valenciana
12048,Cortes de Arenoso,Castellón/Castelló,12,Comunitat Valenciana
12049,Costur,Castellón/Castelló,12,Comunitat Valenciana
12050,"Coves de Vinromà, les",Castellón/Castelló,12,Comunitat Valenciana
12051,Culla,Castellón/Castelló,12,Comunitat Valenciana
12057,Eslida,Castellón/Castelló,12,Comunitat Valenciana
12058,Espadilla,Castellón/Castelló,12,Comunitat Valenciana
12059,Fanzara,Castellón/Castelló,12,Comunitat Valenciana
12060,Figueroles,Castellón/Castelló,12,Comunitat Valenciana
12061,Forcall,Castellón/Castelló,12,Comunitat Valenciana
12063,Fuente la Reina,Castellón/Castelló,12,Comunitat Valenciana
12064,Fuentes de Ayódar,Castellón/Castelló,12,Comunitat Valenciana
12065,Gaibiel,Castellón/Castelló,12,Comunitat Valenciana
12067,Geldo,Castellón/Castelló,12,Comunitat Valenciana
12068,Herbers,Castellón/Castelló,12,Comunitat Valenciana
12069,Higueras,Castellón/Castelló,12,Comunitat Valenciana
12070,"Jana, la",Castellón/Castelló,12,Comunitat Valenciana
12071,Jérica,Castellón/Castelló,12,Comunitat Valenciana
12074,"Llosa, la",Castellón/Castelló,12,Comunitat Valenciana
12072,Llucena/Lucena del Cid,Castellón/Castelló,12,Comunitat Valenciana
12073,Ludiente,Castellón/Castelló,12,Comunitat Valenciana
12075,"Mata de Morella, la",Castellón/Castelló,12,Comunitat Valenciana
12076,Matet,Castellón/Castelló,12,Comunitat Valenciana
12077,Moncofa,Castellón/Castelló,12,Comunitat Valenciana
12078,Montán,Castellón/Castelló,12,Comunitat Valenciana
12079,Montanejos,Castellón/Castelló,12,Comunitat Valenciana
12080,Morella,Castellón/Castelló,12,Comunitat Valenciana
12081,Navajas,Castellón/Castelló,12,Comunitat Valenciana
12082,Nules,Castellón/Castelló,12,Comunitat Valenciana
12083,Olocau del Rey,Castellón/Castelló,12,Comunitat Valenciana
12084,Onda,Castellón/Castelló,12,Comunitat Valenciana
12085,Orpesa/Oropesa del Mar,Castellón/Castelló,12,Comunitat Valenciana
12087,Palanques,Castellón/Castelló,12,Comunitat Valenciana
12088,Pavías,Castellón/Castelló,12,Comunitat Valenciana
12089,Peníscola/Peñíscola,Castellón/Castelló,12,Comunitat Valenciana
12090,Pina de Montalgrao,Castellón/Castelló,12,Comunitat Valenciana
12093,"Pobla de Benifassà, la",Castellón/Castelló,12,Comunitat Valenciana
12094,"Pobla Tornesa, la",Castellón/Castelló,12,Comunitat Valenciana
12091,Portell de Morella,Castellón/Castelló,12,Comunitat Valenciana
12092,Puebla de Arenoso,Castellón/Castelló,12,Comunitat Valenciana
12095,Ribesalbes,Castellón/Castelló,12,Comunitat Valenciana
12096,Rossell,Castellón/Castelló,12,Comunitat Valenciana
12097,Sacañet,Castellón/Castelló,12,Comunitat Valenciana
12098,"Salzadella, la",Castellón/Castelló,12,Comunitat Valenciana
12101,San Rafael del Río,Castellón/Castelló,12,Comunitat Valenciana
12902,Sant Joan de Moró,Castellón/Castelló,12,Comunitat Valenciana
12099,Sant Jordi/San Jorge,Castellón/Castelló,12,Comunitat Valenciana
12100,Sant Mateu,Castellón/Castelló,12,Comunitat Valenciana
12102,Santa Magdalena de Pulpis,Castellón/Castelló,12,Comunitat Valenciana
12104,Segorbe,Castellón/Castelló,12,Comunitat Valenciana
12103,"Serratella, la",Castellón/Castelló,12,Comunitat Valenciana
12105,Sierra Engarcerán,Castellón/Castelló,12,Comunitat Valenciana
12106,Soneja,Castellón/Castelló,12,Comunitat Valenciana
12107,Sot de Ferrer,Castellón/Castelló,12,Comunitat Valenciana
12108,Suera/Sueras,Castellón/Castelló,12,Comunitat Valenciana
12109,Tales,Castellón/Castelló,12,Comunitat Valenciana
12110,Teresa,Castellón/Castelló,12,Comunitat Valenciana
12111,Tírig,Castellón/Castelló,12,Comunitat Valenciana
12112,Todolella,Castellón/Castelló,12,Comunitat Valenciana
12113,Toga,Castellón/Castelló,12,Comunitat Valenciana
12114,Torás,Castellón/Castelló,12,Comunitat Valenciana
12115,"Toro, El",Castellón/Castelló,12,Comunitat Valenciana
12116,Torralba del Pinar,Castellón/Castelló,12,Comunitat Valenciana
12119,"Torre d'en Besora, la",Castellón/Castelló,12,Comunitat Valenciana
12120,"Torre d'en Doménec, la",Castellón/Castelló,12,Comunitat Valenciana
12117,Torreblanca,Castellón/Castelló,12,Comunitat Valenciana
12118,Torrechiva,Castellón/Castelló,12,Comunitat Valenciana
12121,Traiguera,Castellón/Castelló,12,Comunitat Valenciana
12122,"Useres, les/Useras",Castellón/Castelló,12,Comunitat Valenciana
12124,Vall d'Alba,Castellón/Castelló,12,Comunitat Valenciana
12125,Vall de Almonacid,Castellón/Castelló,12,Comunitat Valenciana
12126,"Vall d'Uixó, la",Castellón/Castelló,12,Comunitat Valenciana
12123,Vallat,Castellón/Castelló,12,Comunitat Valenciana
12127,Vallibona,Castellón/Castelló,12,Comunitat Valenciana
12128,Vilafamés,Castellón/Castelló,12,Comunitat Valenciana
12129,Vilafranca/Villafranca del Cid,Castellón/Castelló,12,Comunitat Valenciana
12132,Vilanova d'Alcolea,Castellón/Castelló,12,Comunitat Valenciana
12134,Vilar de Canes,Castellón/Castelló,12,Comunitat Valenciana
12135,Vila-real,Castellón/Castelló,12,Comunitat Valenciana
12136,"Vilavella, la",Castellón/Castelló,12,Comunitat Valenciana
12130,Villahermosa del Río,Castellón/Castelló,12,Comunitat Valenciana
12131,Villamalur,Castellón/Castelló,12,Comunitat Valenciana
12133,Villanueva de Viver,Castellón/Castelló,12,Comunitat Valenciana
12137,Villores,Castellón/Castelló,12,Comunitat Valenciana
12138,Vinaròs,Castellón/Castelló,12,Comunitat Valenciana
12139,Vistabella del Maestrat,Castellón/Castelló,12,Comunitat Valenciana
12140,Viver,Castellón/Castelló,12,Comunitat Valenciana
12052,Xert,Castellón/Castelló,12,Comunitat Valenciana
12055,Xodos/Chodos,Castellón/Castelló,12,Comunitat Valenciana
12141,Zorita del Maestrazgo,Castellón/Castelló,12,Comunitat Valenciana
12142,Zucaina,Castellón/Castelló,12,Comunitat Valenciana
13001,Abenójar,Ciudad Real,13,Castilla-La Mancha
13002,Agudo,Ciudad Real,13,Castilla-La Mancha
13003,Alamillo,Ciudad Real,13,Castilla-La Mancha
13004,Albaladejo,Ciudad Real,13,Castilla-La Mancha
13005,Alcázar de San Juan,Ciudad Real,13,Castilla-La Mancha
13006,Alcoba,Ciudad Real,13,Castilla-La Mancha
13007,Alcolea de Calatrava,Ciudad Real,13,Castilla-La Mancha
13008,Alcubillas,Ciudad Real,13,Castilla-La Mancha
13009,Aldea del Rey,Ciudad Real,13,Castilla-La Mancha
13010,Alhambra,Ciudad Real,13,Castilla-La Mancha
13011,Almadén,Ciudad Real,13,Castilla-La Mancha
13012,Almadenejos,Ciudad Real,13,Castilla-La Mancha
13013,Almagro,Ciudad Real,13,Castilla-La Mancha
13014,Almedina,Ciudad Real,13,Castilla-La Mancha
13015,Almodóvar del Campo,Ciudad Real,13,Castilla-La Mancha
13016,Almuradiel,Ciudad Real,13,Castilla-La Mancha
13017,Anchuras,Ciudad Real,13,Castilla-La Mancha
13903,Arenales de San Gregorio,Ciudad Real,13,Castilla-La Mancha
13018,Arenas de San Juan,Ciudad Real,13,Castilla-La Mancha
13019,Argamasilla de Alba,Ciudad Real,13,Castilla-La Mancha
13020,Argamasilla de Calatrava,Ciudad Real,13,Castilla-La Mancha
13021,Arroba de los Montes,Ciudad Real,13,Castilla-La Mancha
13022,Ballesteros de Calatrava,Ciudad Real,13,Castilla-La Mancha
13023,Bolaños de Calatrava,Ciudad Real,13,Castilla-La Mancha
13024,Brazatortas,Ciudad Real,13,Castilla-La Mancha
13025,Cabezarados,Ciudad Real,13,Castilla-La Mancha
13026,Cabezarrubias del Puerto,Ciudad Real,13,Castilla-La Mancha
13027,Calzada de Calatrava,Ciudad Real,13,Castilla-La Mancha
13028,Campo de Criptana,Ciudad Real,13,Castilla-La Mancha
13029,Cañada de Calatrava,Ciudad Real,13,Castilla-La Mancha
13030,Caracuel de Calatrava,Ciudad Real,13,Castilla-La Mancha
13031,Carrión de Calatrava,Ciudad Real,13,Castilla-La Mancha
13032,Carrizosa,Ciudad Real,13,Castilla-La Mancha
13033,Castellar de Santiago,Ciudad Real,13,Castilla-La Mancha
13038,Chillón,Ciudad Real,13,Castilla-La Mancha
13034,Ciudad Real,Ciudad Real,13,Castilla-La Mancha
13035,Corral de Calatrava,Ciudad Real,13,Castilla-La Mancha
13036,"Cortijos, Los",Ciudad Real,13,Castilla-La Mancha
13037,Cózar,Ciudad Real,13,Castilla-La Mancha
13039,Daimiel,Ciudad Real,13,Castilla-La Mancha
13040,Fernán Caballero,Ciudad Real,13,Castilla-La Mancha
13041,Fontanarejo,Ciudad Real,13,Castilla-La Mancha
13042,Fuencaliente,Ciudad Real,13,Castilla-La Mancha
13043,Fuenllana,Ciudad Real,13,Castilla-La Mancha
13044,Fuente el Fresno,Ciudad Real,13,Castilla-La Mancha
13045,Granátula de Calatrava,Ciudad Real,13,Castilla-La Mancha
13046,Guadalmez,Ciudad Real,13,Castilla-La Mancha
13047,Herencia,Ciudad Real,13,Castilla-La Mancha
13048,Hinojosas de Calatrava,Ciudad Real,13,Castilla-La Mancha
13049,Horcajo de los Montes,Ciudad Real,13,Castilla-La Mancha
13050,"Labores, Las",Ciudad Real,13,Castilla-La Mancha
13904,Llanos del Caudillo,Ciudad Real,13,Castilla-La Mancha
13051,Luciana,Ciudad Real,13,Castilla-La Mancha
13052,Malagón,Ciudad Real,13,Castilla-La Mancha
13053,Manzanares,Ciudad Real,13,Castilla-La Mancha
13054,Membrilla,Ciudad Real,13,Castilla-La Mancha
13055,Mestanza,Ciudad Real,13,Castilla-La Mancha
13056,Miguelturra,Ciudad Real,13,Castilla-La Mancha
13057,Montiel,Ciudad Real,13,Castilla-La Mancha
13058,Moral de Calatrava,Ciudad Real,13,Castilla-La Mancha
13059,Navalpino,Ciudad Real,13,Castilla-La Mancha
13060,Navas de Estena,Ciudad Real,13,Castilla-La Mancha
13061,Pedro Muñoz,Ciudad Real,13,Castilla-La Mancha
13062,Picón,Ciudad Real,13,Castilla-La Mancha
13063,Piedrabuena,Ciudad Real,13,Castilla-La Mancha
13064,Poblete,Ciudad Real,13,Castilla-La Mancha
13065,Porzuna,Ciudad Real,13,Castilla-La Mancha
13066,Pozuelo de Calatrava,Ciudad Real,13,Castilla-La Mancha
13067,"Pozuelos de Calatrava, Los",Ciudad Real,13,Castilla-La Mancha
13068,Puebla de Don Rodrigo,Ciudad Real,13,Castilla-La Mancha
13069,Puebla del Príncipe,Ciudad Real,13,Castilla-La Mancha
13070,Puerto Lápice,Ciudad Real,13,Castilla-La Mancha
13071,Puertollano,Ciudad Real,13,Castilla-La Mancha
13072,Retuerta del Bullaque,Ciudad Real,13,Castilla-La Mancha
13901,"Robledo, El",Ciudad Real,13,Castilla-La Mancha
13902,Ruidera,Ciudad Real,13,Castilla-La Mancha
13073,Saceruela,Ciudad Real,13,Castilla-La Mancha
13074,San Carlos del Valle,Ciudad Real,13,Castilla-La Mancha
13075,San Lorenzo de Calatrava,Ciudad Real,13,Castilla-La Mancha
13076,Santa Cruz de los Cáñamos,Ciudad Real,13,Castilla-La Mancha
13077,Santa Cruz de Mudela,Ciudad Real,13,Castilla-La Mancha
13078,Socuéllamos,Ciudad Real,13,Castilla-La Mancha
13080,Solana del Pino,Ciudad Real,13,Castilla-La Mancha
13079,"Solana, La",Ciudad Real,13,Castilla-La Mancha
13081,Terrinches,Ciudad Real,13,Castilla-La Mancha
13082,Tomelloso,Ciudad Real,13,Castilla-La Mancha
13083,Torralba de Calatrava,Ciudad Real,13,Castilla-La Mancha
13084,Torre de Juan Abad,Ciudad Real,13,Castilla-La Mancha
13085,Torrenueva,Ciudad Real,13,Castilla-La Mancha
13086,Valdemanco del Esteras,Ciudad Real,13,Castilla-La Mancha
13087,Valdepeñas,Ciudad Real,13,Castilla-La Mancha
13088,Valenzuela de Calatrava,Ciudad Real,13,Castilla-La Mancha
13089,Villahermosa,Ciudad Real,13,Castilla-La Mancha
13090,Villamanrique,Ciudad Real,13,Castilla-La Mancha
13091,Villamayor de Calatrava,Ciudad Real,13,Castilla-La Mancha
13092,Villanueva de la Fuente,Ciudad Real,13,Castilla-La Mancha
13093,Villanueva de los Infantes,Ciudad Real,13,Castilla-La Mancha
13094,Villanueva de San Carlos,Ciudad Real,13,Castilla-La Mancha
13095,Villar del Pozo,Ciudad Real,13,Castilla-La Mancha
13096,Villarrubia de los Ojos,Ciudad Real,13,Castilla-La Mancha
13097,Villarta de San Juan,Ciudad Real,13,Castilla-La Mancha
13098,Viso del Marqués,Ciudad Real,13,Castilla-La Mancha
14001,Adamuz,Córdoba,14,Andalucía
14002,Aguilar de la Frontera,Córdoba,14,Andalucía
14003,Alcaracejos,Córdoba,14,Andalucía
14004,Almedinilla,Córdoba,14,Andalucía
14005,Almodóvar del Río,Córdoba,14,Andalucía
14006,Añora,Córdoba,14,Andalucía
14007,Baena,Córdoba,14,Andalucía
14008,Belalcázar,Córdoba,14,Andalucía
14009,Belmez,Córdoba,14,Andalucía
14010,Benamejí,Córdoba,14,Andalucía
14011,"Blázquez, Los",Córdoba,14,Andalucía
14012,Bujalance,Córdoba,14,Andalucía
14013,Cabra,Córdoba,14,Andalucía
14014,Cañete de las Torres,Córdoba,14,Andalucía
14015,Carcabuey,Córdoba,14,Andalucía
14016,Cardeña,Córdoba,14,Andalucía
14017,"Carlota, La",Córdoba,14,Andalucía
14018,"Carpio, El",Córdoba,14,Andalucía
14019,Castro del Río,Córdoba,14,Andalucía
14020,Conquista,Córdoba,14,Andalucía
14021,Córdoba,Córdoba,14,Andalucía
14022,Doña Mencía,Córdoba,14,Andalucía
14023,Dos Torres,Córdoba,14,Andalucía
14024,Encinas Reales,Córdoba,14,Andalucía
14025,Espejo,Córdoba,14,Andalucía
14026,Espiel,Córdoba,14,Andalucía
14027,Fernán-Núñez,Córdoba,14,Andalucía
14901,Fuente Carreteros,Córdoba,14,Andalucía
14028,Fuente la Lancha,Córdoba,14,Andalucía
14029,Fuente Obejuna,Córdoba,14,Andalucía
14030,Fuente Palmera,Córdoba,14,Andalucía
14031,Fuente-Tójar,Córdoba,14,Andalucía
14032,"Granjuela, La",Córdoba,14,Andalucía
14033,Guadalcázar,Córdoba,14,Andalucía
14902,"Guijarrosa, La",Córdoba,14,Andalucía
14034,"Guijo, El",Córdoba,14,Andalucía
14035,Hinojosa del Duque,Córdoba,14,Andalucía
14036,Hornachuelos,Córdoba,14,Andalucía
14037,Iznájar,Córdoba,14,Andalucía
14038,Lucena,Córdoba,14,Andalucía
14039,Luque,Córdoba,14,Andalucía
14040,Montalbán de Córdoba,Córdoba,14,Andalucía
14041,Montemayor,Córdoba,14,Andalucía
14042,Montilla,Córdoba,14,Andalucía
14043,Montoro,Córdoba,14,Andalucía
14044,Monturque,Córdoba,14,Andalucía
14045,Moriles,Córdoba,14,Andalucía
14046,Nueva Carteya,Córdoba,14,Andalucía
14047,Obejo,Córdoba,14,Andalucía
14048,Palenciana,Córdoba,14,Andalucía
14049,Palma del Río,Córdoba,14,Andalucía
14050,Pedro Abad,Córdoba,14,Andalucía
14051,Pedroche,Córdoba,14,Andalucía
14052,Peñarroya-Pueblonuevo,Córdoba,14,Andalucía
14053,Posadas,Córdoba,14,Andalucía
14054,Pozoblanco,Córdoba,14,Andalucía
14055,Priego de Córdoba,Córdoba,14,Andalucía
14056,Puente Genil,Córdoba,14,Andalucía
14057,"Rambla, La",Córdoba,14,Andalucía
14058,Rute,Córdoba,14,Andalucía
14059,San Sebastián de los Ballesteros,Córdoba,14,Andalucía
14061,Santa Eufemia,Córdoba,14,Andalucía
14060,Santaella,Córdoba,14,Andalucía
14062,Torrecampo,Córdoba,14,Andalucía
14063,Valenzuela,Córdoba,14,Andalucía
14064,Valsequillo,Córdoba,14,Andalucía
14065,"Victoria, La",Córdoba,14,Andalucía
14066,Villa del Río,Córdoba,14,Andalucía
14067,Villafranca de Córdoba,Córdoba,14,Andalucía
14068,Villaharta,Córdoba,14,Andalucía
14069,Villanueva de Córdoba,Córdoba,14,Andalucía
14070,Villanueva del Duque,Córdoba,14,Andalucía
14071,Villanueva del Rey,Córdoba,14,Andalucía
14072,Villaralto,Córdoba,14,Andalucía
14073,Villaviciosa de Córdoba,Córdoba,14,Andalucía
14074,"Viso, El",Córdoba,14,Andalucía
14075,Zuheros,Córdoba,14,Andalucía
15001,Abegondo,A Coruña,15,Galicia
15002,Ames,A Coruña,15,Galicia
15003,Aranga,A Coruña,15,Galicia
15004,Ares,A Coruña,15,Galicia
15005,Arteixo,A Coruña,15,Galicia
15006,Arzúa,A Coruña,15,Galicia
15007,"Baña, A",A Coruña,15,Galicia
15008,Bergondo,A Coruña,15,Galicia
15009,Betanzos,A Coruña,15,Galicia
15010,Boimorto,A Coruña,15,Galicia
15011,Boiro,A Coruña,15,Galicia
15012,Boqueixón,A Coruña,15,Galicia
15013,Brión,A Coruña,15,Galicia
15014,Cabana de Bergantiños,A Coruña,15,Galicia
15015,Cabanas,A Coruña,15,Galicia
15016,Camariñas,A Coruña,15,Galicia
15017,Cambre,A Coruña,15,Galicia
15018,"Capela, A",A Coruña,15,Galicia
15019,Carballo,A Coruña,15,Galicia
15901,Cariño,A Coruña,15,Galicia
15020,Carnota,A Coruña,15,Galicia
15021,Carral,A Coruña,15,Galicia
15022,Cedeira,A Coruña,15,Galicia
15023,Cee,A Coruña,15,Galicia
15024,Cerceda,A Coruña,15,Galicia
15025,Cerdido,A Coruña,15,Galicia
15027,Coirós,A Coruña,15,Galicia
15028,Corcubión,A Coruña,15,Galicia
15029,Coristanco,A Coruña,15,Galicia
15030,"Coruña, A",A Coruña,15,Galicia
15031,Culleredo,A Coruña,15,Galicia
15032,Curtis,A Coruña,15,Galicia
15033,Dodro,A Coruña,15,Galicia
15034,Dumbría,A Coruña,15,Galicia
15035,Fene,A Coruña,15,Galicia
15036,Ferrol,A Coruña,15,Galicia
15037,Fisterra,A Coruña,15,Galicia
15038,Frades,A Coruña,15,Galicia
15039,Irixoa,A Coruña,15,Galicia
15041,"Laracha, A",A Coruña,15,Galicia
15040,Laxe,A Coruña,15,Galicia
15042,Lousame,A Coruña,15,Galicia
15043,Malpica de Bergantiños,A Coruña,15,Galicia
15044,Mañón,A Coruña,15,Galicia
15045,Mazaricos,A Coruña,15,Galicia
15046,Melide,A Coruña,15,Galicia
15047,Mesía,A Coruña,15,Galicia
15048,Miño,A Coruña,15,Galicia
15049,Moeche,A Coruña,15,Galicia
15050,Monfero,A Coruña,15,Galicia
15051,Mugardos,A Coruña,15,Galicia
15053,Muros,A Coruña,15,Galicia
15052,Muxía,A Coruña,15,Galicia
15054,Narón,A Coruña,15,Galicia
15055,Neda,A Coruña,15,Galicia
15056,Negreira,A Coruña,15,Galicia
15057,Noia,A Coruña,15,Galicia
15058,Oleiros,A Coruña,15,Galicia
15059,Ordes,A Coruña,15,Galicia
15060,Oroso,A Coruña,15,Galicia
15061,Ortigueira,A Coruña,15,Galicia
15062,Outes,A Coruña,15,Galicia
15902,Oza-Cesuras,A Coruña,15,Galicia
15064,Paderne,A Coruña,15,Galicia
15065,Padrón,A Coruña,15,Galicia
15066,"Pino, O",A Coruña,15,Galicia
15067,"Pobra do Caramiñal, A",A Coruña,15,Galicia
15068,Ponteceso,A Coruña,15,Galicia
15069,Pontedeume,A Coruña,15,Galicia
15070,"Pontes de García Rodríguez, As",A Coruña,15,Galicia
15071,Porto do Son,A Coruña,15,Galicia
15072,Rianxo,A Coruña,15,Galicia
15073,Ribeira,A Coruña,15,Galicia
15074,Rois,A Coruña,15,Galicia
15075,Sada,A Coruña,15,Galicia
15076,San Sadurniño,A Coruña,15,Galicia
15077,Santa Comba,A Coruña,15,Galicia
15078,Santiago de Compostela,A Coruña,15,Galicia
15079,Santiso,A Coruña,15,Galicia
15080,Sobrado,A Coruña,15,Galicia
15081,"Somozas, As",A Coruña,15,Galicia
15082,Teo,A Coruña,15,Galicia
15083,Toques,A Coruña,15,Galicia
15084,Tordoia,A Coruña,15,Galicia
15085,Touro,A Coruña,15,Galicia
15086,Trazo,A Coruña,15,Galicia
15088,Val do Dubra,A Coruña,15,Galicia
15087,Valdoviño,A Coruña,15,Galicia
15089,Vedra,A Coruña,15,Galicia
15091,Vilarmaior,A Coruña,15,Galicia
15090,Vilasantar,A Coruña,15,Galicia
15092,Vimianzo,A Coruña,15,Galicia
15093,Zas,A Coruña,15,Galicia
16001,Abia de la Obispalía,Cuenca,16,Castilla-La Mancha
16002,"Acebrón, El",Cuenca,16,Castilla-La Mancha
16003,Alarcón,Cuenca,16,Castilla-La Mancha
16004,Albaladejo del Cuende,Cuenca,16,Castilla-La Mancha
16005,Albalate de las Nogueras,Cuenca,16,Castilla-La Mancha
16006,Albendea,Cuenca,16,Castilla-La Mancha
16007,"Alberca de Záncara, La",Cuenca,16,Castilla-La Mancha
16008,Alcalá de la Vega,Cuenca,16,Castilla-La Mancha
16009,Alcantud,Cuenca,16,Castilla-La Mancha
16010,Alcázar del Rey,Cuenca,16,Castilla-La Mancha
16011,Alcohujate,Cuenca,16,Castilla-La Mancha
16012,Alconchel de la Estrella,Cuenca,16,Castilla-La Mancha
16013,Algarra,Cuenca,16,Castilla-La Mancha
16014,Aliaguilla,Cuenca,16,Castilla-La Mancha
16015,"Almarcha, La",Cuenca,16,Castilla-La Mancha
16016,Almendros,Cuenca,16,Castilla-La Mancha
16017,Almodóvar del Pinar,Cuenca,16,Castilla-La Mancha
16018,Almonacid del Marquesado,Cuenca,16,Castilla-La Mancha
16019,Altarejos,Cuenca,16,Castilla-La Mancha
16020,Arandilla del Arroyo,Cuenca,16,Castilla-La Mancha
16905,Arcas,Cuenca,16,Castilla-La Mancha
16022,Arcos de la Sierra,Cuenca,16,Castilla-La Mancha
16024,Arguisuelas,Cuenca,16,Castilla-La Mancha
16025,Arrancacepas,Cuenca,16,Castilla-La Mancha
16026,Atalaya del Cañavate,Cuenca,16,Castilla-La Mancha
16027,Barajas de Melo,Cuenca,16,Castilla-La Mancha
16029,Barchín del Hoyo,Cuenca,16,Castilla-La Mancha
16030,Bascuñana de San Pedro,Cuenca,16,Castilla-La Mancha
16031,Beamud,Cuenca,16,Castilla-La Mancha
16032,Belinchón,Cuenca,16,Castilla-La Mancha
16033,Belmonte,Cuenca,16,Castilla-La Mancha
16034,Belmontejo,Cuenca,16,Castilla-La Mancha
16035,Beteta,Cuenca,16,Castilla-La Mancha
16036,Boniches,Cuenca,16,Castilla-La Mancha
16038,Buciegas,Cuenca,16,Castilla-La Mancha
16039,Buenache de Alarcón,Cuenca,16,Castilla-La Mancha
16040,Buenache de la Sierra,Cuenca,16,Castilla-La Mancha
16041,Buendía,Cuenca,16,Castilla-La Mancha
16042,Campillo de Altobuey,Cuenca,16,Castilla-La Mancha
16043,Campillos-Paravientos,Cuenca,16,Castilla-La Mancha
16044,Campillos-Sierra,Cuenca,16,Castilla-La Mancha
16901,Campos del Paraíso,Cuenca,16,Castilla-La Mancha
16045,Canalejas del Arroyo,Cuenca,16,Castilla-La Mancha
16046,Cañada del Hoyo,Cuenca,16,Castilla-La Mancha
16047,Cañada Juncosa,Cuenca,16,Castilla-La Mancha
16048,Cañamares,Cuenca,16,Castilla-La Mancha
16049,"Cañavate, El",Cuenca,16,Castilla-La Mancha
16050,Cañaveras,Cuenca,16,Castilla-La Mancha
16051,Cañaveruelas,Cuenca,16,Castilla-La Mancha
16052,Cañete,Cuenca,16,Castilla-La Mancha
16053,Cañizares,Cuenca,16,Castilla-La Mancha
16055,Carboneras de Guadazaón,Cuenca,16,Castilla-La Mancha
16056,Cardenete,Cuenca,16,Castilla-La Mancha
16057,Carrascosa,Cuenca,16,Castilla-La Mancha
16058,Carrascosa de Haro,Cuenca,16,Castilla-La Mancha
16060,Casas de Benítez,Cuenca,16,Castilla-La Mancha
16061,Casas de Fernando Alonso,Cuenca,16,Castilla-La Mancha
16062,Casas de Garcimolina,Cuenca,16,Castilla-La Mancha
16063,Casas de Guijarro,Cuenca,16,Castilla-La Mancha
16064,Casas de Haro,Cuenca,16,Castilla-La Mancha
16065,Casas de los Pinos,Cuenca,16,Castilla-La Mancha
16066,Casasimarro,Cuenca,16,Castilla-La Mancha
16067,Castejón,Cuenca,16,Castilla-La Mancha
16068,Castillejo de Iniesta,Cuenca,16,Castilla-La Mancha
16070,Castillejo-Sierra,Cuenca,16,Castilla-La Mancha
16072,Castillo de Garcimuñoz,Cuenca,16,Castilla-La Mancha
16071,Castillo-Albaráñez,Cuenca,16,Castilla-La Mancha
16073,Cervera del Llano,Cuenca,16,Castilla-La Mancha
16023,Chillarón de Cuenca,Cuenca,16,Castilla-La Mancha
16081,Chumillas,Cuenca,16,Castilla-La Mancha
16074,"Cierva, La",Cuenca,16,Castilla-La Mancha
16078,Cuenca,Cuenca,16,Castilla-La Mancha
16079,Cueva del Hierro,Cuenca,16,Castilla-La Mancha
16082,Enguídanos,Cuenca,16,Castilla-La Mancha
16083,Fresneda de Altarejos,Cuenca,16,Castilla-La Mancha
16084,Fresneda de la Sierra,Cuenca,16,Castilla-La Mancha
16085,"Frontera, La",Cuenca,16,Castilla-La Mancha
16086,Fuente de Pedro Naharro,Cuenca,16,Castilla-La Mancha
16087,Fuentelespino de Haro,Cuenca,16,Castilla-La Mancha
16088,Fuentelespino de Moya,Cuenca,16,Castilla-La Mancha
16904,Fuentenava de Jábaga,Cuenca,16,Castilla-La Mancha
16089,Fuentes,Cuenca,16,Castilla-La Mancha
16091,Fuertescusa,Cuenca,16,Castilla-La Mancha
16092,Gabaldón,Cuenca,16,Castilla-La Mancha
16093,Garaballa,Cuenca,16,Castilla-La Mancha
16094,Gascueña,Cuenca,16,Castilla-La Mancha
16095,Graja de Campalbo,Cuenca,16,Castilla-La Mancha
16096,Graja de Iniesta,Cuenca,16,Castilla-La Mancha
16097,Henarejos,Cuenca,16,Castilla-La Mancha
16098,"Herrumblar, El",Cuenca,16,Castilla-La Mancha
16099,"Hinojosa, La",Cuenca,16,Castilla-La Mancha
16100,"Hinojosos, Los",Cuenca,16,Castilla-La Mancha
16101,"Hito, El",Cuenca,16,Castilla-La Mancha
16102,Honrubia,Cuenca,16,Castilla-La Mancha
16103,Hontanaya,Cuenca,16,Castilla-La Mancha
16104,Hontecillas,Cuenca,16,Castilla-La Mancha
16106,Horcajo de Santiago,Cuenca,16,Castilla-La Mancha
16107,Huélamo,Cuenca,16,Castilla-La Mancha
16108,Huelves,Cuenca,16,Castilla-La Mancha
16109,Huérguina,Cuenca,16,Castilla-La Mancha
16110,Huerta de la Obispalía,Cuenca,16,Castilla-La Mancha
16111,Huerta del Marquesado,Cuenca,16,Castilla-La Mancha
16112,Huete,Cuenca,16,Castilla-La Mancha
16113,Iniesta,Cuenca,16,Castilla-La Mancha
16115,Laguna del Marquesado,Cuenca,16,Castilla-La Mancha
16116,Lagunaseca,Cuenca,16,Castilla-La Mancha
16117,Landete,Cuenca,16,Castilla-La Mancha
16118,Ledaña,Cuenca,16,Castilla-La Mancha
16119,Leganiel,Cuenca,16,Castilla-La Mancha
16121,"Majadas, Las",Cuenca,16,Castilla-La Mancha
16122,Mariana,Cuenca,16,Castilla-La Mancha
16123,Masegosa,Cuenca,16,Castilla-La Mancha
16124,"Mesas, Las",Cuenca,16,Castilla-La Mancha
16125,Minglanilla,Cuenca,16,Castilla-La Mancha
16126,Mira,Cuenca,16,Castilla-La Mancha
16128,Monreal del Llano,Cuenca,16,Castilla-La Mancha
16129,Montalbanejo,Cuenca,16,Castilla-La Mancha
16130,Montalbo,Cuenca,16,Castilla-La Mancha
16131,Monteagudo de las Salinas,Cuenca,16,Castilla-La Mancha
16132,Mota de Altarejos,Cuenca,16,Castilla-La Mancha
16133,Mota del Cuervo,Cuenca,16,Castilla-La Mancha
16134,Motilla del Palancar,Cuenca,16,Castilla-La Mancha
16135,Moya,Cuenca,16,Castilla-La Mancha
16137,Narboneta,Cuenca,16,Castilla-La Mancha
16139,Olivares de Júcar,Cuenca,16,Castilla-La Mancha
16140,Olmeda de la Cuesta,Cuenca,16,Castilla-La Mancha
16141,Olmeda del Rey,Cuenca,16,Castilla-La Mancha
16142,Olmedilla de Alarcón,Cuenca,16,Castilla-La Mancha
16143,Olmedilla de Eliz,Cuenca,16,Castilla-La Mancha
16145,Osa de la Vega,Cuenca,16,Castilla-La Mancha
16146,Pajarón,Cuenca,16,Castilla-La Mancha
16147,Pajaroncillo,Cuenca,16,Castilla-La Mancha
16148,Palomares del Campo,Cuenca,16,Castilla-La Mancha
16149,Palomera,Cuenca,16,Castilla-La Mancha
16150,Paracuellos,Cuenca,16,Castilla-La Mancha
16151,Paredes,Cuenca,16,Castilla-La Mancha
16152,"Parra de las Vegas, La",Cuenca,16,Castilla-La Mancha
16153,"Pedernoso, El",Cuenca,16,Castilla-La Mancha
16154,"Pedroñeras, Las",Cuenca,16,Castilla-La Mancha
16155,"Peral, El",Cuenca,16,Castilla-La Mancha
16156,"Peraleja, La",Cuenca,16,Castilla-La Mancha
16157,"Pesquera, La",Cuenca,16,Castilla-La Mancha
16158,"Picazo, El",Cuenca,16,Castilla-La Mancha
16159,Pinarejo,Cuenca,16,Castilla-La Mancha
16160,Pineda de Gigüela,Cuenca,16,Castilla-La Mancha
16161,Piqueras del Castillo,Cuenca,16,Castilla-La Mancha
16162,Portalrubio de Guadamejud,Cuenca,16,Castilla-La Mancha
16163,Portilla,Cuenca,16,Castilla-La Mancha
16165,Poyatos,Cuenca,16,Castilla-La Mancha
16166,Pozoamargo,Cuenca,16,Castilla-La Mancha
16908,Pozorrubielos de la Mancha,Cuenca,16,Castilla-La Mancha
16167,Pozorrubio de Santiago,Cuenca,16,Castilla-La Mancha
16169,"Pozuelo, El",Cuenca,16,Castilla-La Mancha
16170,Priego,Cuenca,16,Castilla-La Mancha
16171,"Provencio, El",Cuenca,16,Castilla-La Mancha
16172,Puebla de Almenara,Cuenca,16,Castilla-La Mancha
16174,Puebla del Salvador,Cuenca,16,Castilla-La Mancha
16175,Quintanar del Rey,Cuenca,16,Castilla-La Mancha
16176,Rada de Haro,Cuenca,16,Castilla-La Mancha
16177,Reíllo,Cuenca,16,Castilla-La Mancha
16181,Rozalén del Monte,Cuenca,16,Castilla-La Mancha
16185,Saceda-Trasierra,Cuenca,16,Castilla-La Mancha
16186,Saelices,Cuenca,16,Castilla-La Mancha
16187,Salinas del Manzano,Cuenca,16,Castilla-La Mancha
16188,Salmeroncillos,Cuenca,16,Castilla-La Mancha
16189,Salvacañete,Cuenca,16,Castilla-La Mancha
16190,San Clemente,Cuenca,16,Castilla-La Mancha
16191,San Lorenzo de la Parrilla,Cuenca,16,Castilla-La Mancha
16192,San Martín de Boniches,Cuenca,16,Castilla-La Mancha
16193,San Pedro Palmiches,Cuenca,16,Castilla-La Mancha
16194,Santa Cruz de Moya,Cuenca,16,Castilla-La Mancha
16196,Santa María de los Llanos,Cuenca,16,Castilla-La Mancha
16195,Santa María del Campo Rus,Cuenca,16,Castilla-La Mancha
16197,Santa María del Val,Cuenca,16,Castilla-La Mancha
16198,Sisante,Cuenca,16,Castilla-La Mancha
16199,Solera de Gabaldón,Cuenca,16,Castilla-La Mancha
16909,Sotorribas,Cuenca,16,Castilla-La Mancha
16202,Talayuelas,Cuenca,16,Castilla-La Mancha
16203,Tarancón,Cuenca,16,Castilla-La Mancha
16204,Tébar,Cuenca,16,Castilla-La Mancha
16205,Tejadillos,Cuenca,16,Castilla-La Mancha
16206,Tinajas,Cuenca,16,Castilla-La Mancha
16209,Torralba,Cuenca,16,Castilla-La Mancha
16211,Torrejoncillo del Rey,Cuenca,16,Castilla-La Mancha
16212,Torrubia del Campo,Cuenca,16,Castilla-La Mancha
16213,Torrubia del Castillo,Cuenca,16,Castilla-La Mancha
16215,Tragacete,Cuenca,16,Castilla-La Mancha
16216,Tresjuncos,Cuenca,16,Castilla-La Mancha
16217,Tribaldos,Cuenca,16,Castilla-La Mancha
16218,Uclés,Cuenca,16,Castilla-La Mancha
16219,Uña,Cuenca,16,Castilla-La Mancha
16906,"Valdecolmenas, Los",Cuenca,16,Castilla-La Mancha
16224,Valdemeca,Cuenca,16,Castilla-La Mancha
16225,Valdemorillo de la Sierra,Cuenca,16,Castilla-La Mancha
16227,Valdemoro-Sierra,Cuenca,16,Castilla-La Mancha
16228,Valdeolivas,Cuenca,16,Castilla-La Mancha
16902,Valdetórtola,Cuenca,16,Castilla-La Mancha
16903,"Valeras, Las",Cuenca,16,Castilla-La Mancha
16231,Valhermoso de la Fuente,Cuenca,16,Castilla-La Mancha
16173,"Valle de Altomira, El",Cuenca,16,Castilla-La Mancha
16234,Valsalobre,Cuenca,16,Castilla-La Mancha
16236,Valverde de Júcar,Cuenca,16,Castilla-La Mancha
16237,Valverdejo,Cuenca,16,Castilla-La Mancha
16238,Vara de Rey,Cuenca,16,Castilla-La Mancha
16239,Vega del Codorno,Cuenca,16,Castilla-La Mancha
16240,Vellisca,Cuenca,16,Castilla-La Mancha
16242,Villaconejos de Trabaque,Cuenca,16,Castilla-La Mancha
16243,Villaescusa de Haro,Cuenca,16,Castilla-La Mancha
16244,Villagarcía del Llano,Cuenca,16,Castilla-La Mancha
16245,Villalba de la Sierra,Cuenca,16,Castilla-La Mancha
16246,Villalba del Rey,Cuenca,16,Castilla-La Mancha
16247,Villalgordo del Marquesado,Cuenca,16,Castilla-La Mancha
16248,Villalpardo,Cuenca,16,Castilla-La Mancha
16249,Villamayor de Santiago,Cuenca,16,Castilla-La Mancha
16250,Villanueva de Guadamejud,Cuenca,16,Castilla-La Mancha
16251,Villanueva de la Jara,Cuenca,16,Castilla-La Mancha
16253,Villar de Cañas,Cuenca,16,Castilla-La Mancha
16254,Villar de Domingo García,Cuenca,16,Castilla-La Mancha
16255,Villar de la Encina,Cuenca,16,Castilla-La Mancha
16263,Villar de Olalla,Cuenca,16,Castilla-La Mancha
16258,Villar del Humo,Cuenca,16,Castilla-La Mancha
16259,Villar del Infantado,Cuenca,16,Castilla-La Mancha
16910,Villar y Velasco,Cuenca,16,Castilla-La Mancha
16264,Villarejo de Fuentes,Cuenca,16,Castilla-La Mancha
16265,Villarejo de la Peñuela,Cuenca,16,Castilla-La Mancha
16266,Villarejo-Periesteban,Cuenca,16,Castilla-La Mancha
16269,Villares del Saz,Cuenca,16,Castilla-La Mancha
16270,Villarrubio,Cuenca,16,Castilla-La Mancha
16271,Villarta,Cuenca,16,Castilla-La Mancha
16272,Villas de la Ventosa,Cuenca,16,Castilla-La Mancha
16273,Villaverde y Pasaconsol,Cuenca,16,Castilla-La Mancha
16274,Víllora,Cuenca,16,Castilla-La Mancha
16275,Vindel,Cuenca,16,Castilla-La Mancha
16276,Yémeda,Cuenca,16,Castilla-La Mancha
16277,Zafra de Záncara,Cuenca,16,Castilla-La Mancha
16278,Zafrilla,Cuenca,16,Castilla-La Mancha
16279,Zarza de Tajo,Cuenca,16,Castilla-La Mancha
16280,Zarzuela,Cuenca,16,Castilla-La Mancha
17001,Agullana,Girona,17,Cataluña
17002,Aiguaviva,Girona,17,Cataluña
17003,Albanyà,Girona,17,Cataluña
17004,Albons,Girona,17,Cataluña
17006,Alp,Girona,17,Cataluña
17007,Amer,Girona,17,Cataluña
17008,Anglès,Girona,17,Cataluña
17009,Arbúcies,Girona,17,Cataluña
17010,Argelaguer,Girona,17,Cataluña
17011,"Armentera, L'",Girona,17,Cataluña
17012,Avinyonet de Puigventós,Girona,17,Cataluña
17015,Banyoles,Girona,17,Cataluña
17016,Bàscara,Girona,17,Cataluña
17013,Begur,Girona,17,Cataluña
17018,Bellcaire d'Empordà,Girona,17,Cataluña
17019,Besalú,Girona,17,Cataluña
17020,Bescanó,Girona,17,Cataluña
17021,Beuda,Girona,17,Cataluña
17022,"Bisbal d'Empordà, La",Girona,17,Cataluña
17234,Biure,Girona,17,Cataluña
17023,Blanes,Girona,17,Cataluña
17029,Boadella i les Escaules,Girona,17,Cataluña
17024,Bolvir,Girona,17,Cataluña
17025,Bordils,Girona,17,Cataluña
17026,Borrassà,Girona,17,Cataluña
17027,Breda,Girona,17,Cataluña
17028,Brunyola i Sant Martí Sapresa,Girona,17,Cataluña
17031,Cabanelles,Girona,17,Cataluña
17030,Cabanes,Girona,17,Cataluña
17032,Cadaqués,Girona,17,Cataluña
17033,Caldes de Malavella,Girona,17,Cataluña
17034,Calonge i Sant Antoni,Girona,17,Cataluña
17035,Camós,Girona,17,Cataluña
17036,Campdevànol,Girona,17,Cataluña
17037,Campelles,Girona,17,Cataluña
17038,Campllong,Girona,17,Cataluña
17039,Camprodon,Girona,17,Cataluña
17040,Canet d'Adri,Girona,17,Cataluña
17041,Cantallops,Girona,17,Cataluña
17042,Capmany,Girona,17,Cataluña
17044,Cassà de la Selva,Girona,17,Cataluña
17048,"Castell d'Aro, Platja d'Aro i s'Agaró",Girona,17,Cataluña
17046,Castellfollit de la Roca,Girona,17,Cataluña
17047,Castelló d'Empúries,Girona,17,Cataluña
17189,"Cellera de Ter, La",Girona,17,Cataluña
17049,Celrà,Girona,17,Cataluña
17050,Cervià de Ter,Girona,17,Cataluña
17051,Cistella,Girona,17,Cataluña
17054,Colera,Girona,17,Cataluña
17055,Colomers,Girona,17,Cataluña
17057,Corçà,Girona,17,Cataluña
17056,Cornellà del Terri,Girona,17,Cataluña
17058,Crespià,Girona,17,Cataluña
17901,"Cruïlles, Monells i Sant Sadurní de l'Heura",Girona,17,Cataluña
17060,Darnius,Girona,17,Cataluña
17061,Das,Girona,17,Cataluña
17062,"Escala, L'",Girona,17,Cataluña
17063,Espinelves,Girona,17,Cataluña
17064,Espolla,Girona,17,Cataluña
17065,Esponellà,Girona,17,Cataluña
17005,"Far d'Empordà, El",Girona,17,Cataluña
17066,Figueres,Girona,17,Cataluña
17067,Flaçà,Girona,17,Cataluña
17068,Foixà,Girona,17,Cataluña
17069,Fontanals de Cerdanya,Girona,17,Cataluña
17070,Fontanilles,Girona,17,Cataluña
17071,Fontcoberta,Girona,17,Cataluña
17902,Forallac,Girona,17,Cataluña
17073,Fornells de la Selva,Girona,17,Cataluña
17074,Fortià,Girona,17,Cataluña
17075,Garrigàs,Girona,17,Cataluña
17076,Garrigoles,Girona,17,Cataluña
17077,Garriguella,Girona,17,Cataluña
17078,Ger,Girona,17,Cataluña
17079,Girona,Girona,17,Cataluña
17080,Gombrèn,Girona,17,Cataluña
17081,Gualta,Girona,17,Cataluña
17082,Guils de Cerdanya,Girona,17,Cataluña
17083,Hostalric,Girona,17,Cataluña
17084,Isòvol,Girona,17,Cataluña
17085,Jafre,Girona,17,Cataluña
17086,"Jonquera, La",Girona,17,Cataluña
17087,Juià,Girona,17,Cataluña
17088,Lladó,Girona,17,Cataluña
17089,Llagostera,Girona,17,Cataluña
17090,Llambilles,Girona,17,Cataluña
17091,Llanars,Girona,17,Cataluña
17092,Llançà,Girona,17,Cataluña
17093,Llers,Girona,17,Cataluña
17094,Llívia,Girona,17,Cataluña
17095,Lloret de Mar,Girona,17,Cataluña
17096,"Llosses, Les",Girona,17,Cataluña
17102,Maçanet de Cabrenys,Girona,17,Cataluña
17103,Maçanet de la Selva,Girona,17,Cataluña
17097,Madremanya,Girona,17,Cataluña
17098,Maià de Montcal,Girona,17,Cataluña
17100,Masarac i Vilarnadal,Girona,17,Cataluña
17101,Massanes,Girona,17,Cataluña
17099,Meranges,Girona,17,Cataluña
17105,Mieres,Girona,17,Cataluña
17106,Mollet de Peralada,Girona,17,Cataluña
17107,Molló,Girona,17,Cataluña
17109,Montagut i Oix,Girona,17,Cataluña
17110,Mont-ras,Girona,17,Cataluña
17111,Navata,Girona,17,Cataluña
17112,Ogassa,Girona,17,Cataluña
17114,Olot,Girona,17,Cataluña
17115,Ordis,Girona,17,Cataluña
17116,Osor,Girona,17,Cataluña
17117,Palafrugell,Girona,17,Cataluña
17118,Palamós,Girona,17,Cataluña
17119,Palau de Santa Eulàlia,Girona,17,Cataluña
17121,Palau-sator,Girona,17,Cataluña
17120,Palau-saverdera,Girona,17,Cataluña
17123,Palol de Revardit,Girona,17,Cataluña
17124,Pals,Girona,17,Cataluña
17125,Pardines,Girona,17,Cataluña
17126,Parlavà,Girona,17,Cataluña
17128,Pau,Girona,17,Cataluña
17129,Pedret i Marzà,Girona,17,Cataluña
17130,"Pera, La",Girona,17,Cataluña
17132,Peralada,Girona,17,Cataluña
17133,"Planes d'Hostoles, Les",Girona,17,Cataluña
17134,Planoles,Girona,17,Cataluña
17135,Pont de Molins,Girona,17,Cataluña
17136,Pontós,Girona,17,Cataluña
17137,Porqueres,Girona,17,Cataluña
17140,"Port de la Selva, El",Girona,17,Cataluña
17138,Portbou,Girona,17,Cataluña
17139,"Preses, Les",Girona,17,Cataluña
17141,Puigcerdà,Girona,17,Cataluña
17142,Quart,Girona,17,Cataluña
17043,Queralbs,Girona,17,Cataluña
17143,Rabós,Girona,17,Cataluña
17144,Regencós,Girona,17,Cataluña
17145,Ribes de Freser,Girona,17,Cataluña
17146,Riells i Viabrea,Girona,17,Cataluña
17147,Ripoll,Girona,17,Cataluña
17148,Riudarenes,Girona,17,Cataluña
17149,Riudaura,Girona,17,Cataluña
17150,Riudellots de la Selva,Girona,17,Cataluña
17151,Riumors,Girona,17,Cataluña
17152,Roses,Girona,17,Cataluña
17153,Rupià,Girona,17,Cataluña
17154,Sales de Llierca,Girona,17,Cataluña
17155,Salt,Girona,17,Cataluña
17157,Sant Andreu Salou,Girona,17,Cataluña
17183,Sant Aniol de Finestres,Girona,17,Cataluña
17158,Sant Climent Sescebes,Girona,17,Cataluña
17159,Sant Feliu de Buixalleu,Girona,17,Cataluña
17160,Sant Feliu de Guíxols,Girona,17,Cataluña
17161,Sant Feliu de Pallerols,Girona,17,Cataluña
17162,Sant Ferriol,Girona,17,Cataluña
17163,Sant Gregori,Girona,17,Cataluña
17164,Sant Hilari Sacalm,Girona,17,Cataluña
17165,Sant Jaume de Llierca,Girona,17,Cataluña
17167,Sant Joan de les Abadesses,Girona,17,Cataluña
17168,Sant Joan de Mollet,Girona,17,Cataluña
17185,Sant Joan les Fonts,Girona,17,Cataluña
17166,Sant Jordi Desvalls,Girona,17,Cataluña
17169,Sant Julià de Ramis,Girona,17,Cataluña
17903,Sant Julià del Llor i Bonmatí,Girona,17,Cataluña
17171,Sant Llorenç de la Muga,Girona,17,Cataluña
17172,Sant Martí de Llémena,Girona,17,Cataluña
17173,Sant Martí Vell,Girona,17,Cataluña
17174,Sant Miquel de Campmajor,Girona,17,Cataluña
17175,Sant Miquel de Fluvià,Girona,17,Cataluña
17176,Sant Mori,Girona,17,Cataluña
17177,Sant Pau de Segúries,Girona,17,Cataluña
17178,Sant Pere Pescador,Girona,17,Cataluña
17180,Santa Coloma de Farners,Girona,17,Cataluña
17181,Santa Cristina d'Aro,Girona,17,Cataluña
17182,Santa Llogaia d'Àlguema,Girona,17,Cataluña
17184,Santa Pau,Girona,17,Cataluña
17186,Sarrià de Ter,Girona,17,Cataluña
17187,"Saus, Camallera i Llampaies",Girona,17,Cataluña
17188,"Selva de Mar, La",Girona,17,Cataluña
17190,Serinyà,Girona,17,Cataluña
17191,Serra de Daró,Girona,17,Cataluña
17192,Setcases,Girona,17,Cataluña
17193,Sils,Girona,17,Cataluña
17052,Siurana,Girona,17,Cataluña
17194,Susqueda,Girona,17,Cataluña
17195,"Tallada d'Empordà, La",Girona,17,Cataluña
17196,Terrades,Girona,17,Cataluña
17197,Torrent,Girona,17,Cataluña
17198,Torroella de Fluvià,Girona,17,Cataluña
17199,Torroella de Montgrí,Girona,17,Cataluña
17200,Tortellà,Girona,17,Cataluña
17201,Toses,Girona,17,Cataluña
17202,Tossa de Mar,Girona,17,Cataluña
17204,Ullà,Girona,17,Cataluña
17205,Ullastret,Girona,17,Cataluña
17203,Ultramort,Girona,17,Cataluña
17206,Urús,Girona,17,Cataluña
17014,"Vajol, La",Girona,17,Cataluña
17208,"Vall de Bianya, La",Girona,17,Cataluña
17207,"Vall d'en Bas, La",Girona,17,Cataluña
17170,Vallfogona de Ripollès,Girona,17,Cataluña
17209,Vall-llobrega,Girona,17,Cataluña
17210,Ventalló,Girona,17,Cataluña
17211,Verges,Girona,17,Cataluña
17212,Vidrà,Girona,17,Cataluña
17213,Vidreres,Girona,17,Cataluña
17214,Vilabertran,Girona,17,Cataluña
17215,Vilablareix,Girona,17,Cataluña
17217,Viladamat,Girona,17,Cataluña
17216,Viladasens,Girona,17,Cataluña
17218,Vilademuls,Girona,17,Cataluña
17220,Viladrau,Girona,17,Cataluña
17221,Vilafant,Girona,17,Cataluña
17223,Vilajuïga,Girona,17,Cataluña
17224,Vilallonga de Ter,Girona,17,Cataluña
17225,Vilamacolum,Girona,17,Cataluña
17226,Vilamalla,Girona,17,Cataluña
17227,Vilamaniscle,Girona,17,Cataluña
17228,Vilanant,Girona,17,Cataluña
17230,Vila-sacra,Girona,17,Cataluña
17222,Vilaür,Girona,17,Cataluña
17233,Vilobí d'Onyar,Girona,17,Cataluña
17232,Vilopriu,Girona,17,Cataluña
18001,Agrón,Granada,18,Andalucía
18002,Alamedilla,Granada,18,Andalucía
18003,Albolote,Granada,18,Andalucía
18004,Albondón,Granada,18,Andalucía
18005,Albuñán,Granada,18,Andalucía
18006,Albuñol,Granada,18,Andalucía
18007,Albuñuelas,Granada,18,Andalucía
18010,Aldeire,Granada,18,Andalucía
18011,Alfacar,Granada,18,Andalucía
18012,Algarinejo,Granada,18,Andalucía
18013,Alhama de Granada,Granada,18,Andalucía
18014,Alhendín,Granada,18,Andalucía
18015,Alicún de Ortega,Granada,18,Andalucía
18016,Almegíjar,Granada,18,Andalucía
18017,Almuñécar,Granada,18,Andalucía
18904,Alpujarra de la Sierra,Granada,18,Andalucía
18018,Alquife,Granada,18,Andalucía
18020,Arenas del Rey,Granada,18,Andalucía
18021,Armilla,Granada,18,Andalucía
18022,Atarfe,Granada,18,Andalucía
18023,Baza,Granada,18,Andalucía
18024,Beas de Granada,Granada,18,Andalucía
18025,Beas de Guadix,Granada,18,Andalucía
18027,Benalúa,Granada,18,Andalucía
18028,Benalúa de las Villas,Granada,18,Andalucía
18029,Benamaurel,Granada,18,Andalucía
18030,Bérchules,Granada,18,Andalucía
18032,Bubión,Granada,18,Andalucía
18033,Busquístar,Granada,18,Andalucía
18034,Cacín,Granada,18,Andalucía
18035,Cádiar,Granada,18,Andalucía
18036,Cájar,Granada,18,Andalucía
18114,"Calahorra, La",Granada,18,Andalucía
18037,Calicasas,Granada,18,Andalucía
18038,Campotéjar,Granada,18,Andalucía
18039,Caniles,Granada,18,Andalucía
18040,Cáñar,Granada,18,Andalucía
18042,Capileira,Granada,18,Andalucía
18043,Carataunas,Granada,18,Andalucía
18044,Cástaras,Granada,18,Andalucía
18045,Castilléjar,Granada,18,Andalucía
18046,Castril,Granada,18,Andalucía
18047,Cenes de la Vega,Granada,18,Andalucía
18059,Chauchina,Granada,18,Andalucía
18061,Chimeneas,Granada,18,Andalucía
18062,Churriana de la Vega,Granada,18,Andalucía
18048,Cijuela,Granada,18,Andalucía
18049,Cogollos de Guadix,Granada,18,Andalucía
18050,Cogollos de la Vega,Granada,18,Andalucía
18051,Colomera,Granada,18,Andalucía
18053,Cortes de Baza,Granada,18,Andalucía
18054,Cortes y Graena,Granada,18,Andalucía
18912,Cuevas del Campo,Granada,18,Andalucía
18056,Cúllar,Granada,18,Andalucía
18057,Cúllar Vega,Granada,18,Andalucía
18063,Darro,Granada,18,Andalucía
18064,Dehesas de Guadix,Granada,18,Andalucía
18065,Dehesas Viejas,Granada,18,Andalucía
18066,Deifontes,Granada,18,Andalucía
18067,Diezma,Granada,18,Andalucía
18068,Dílar,Granada,18,Andalucía
18069,Dólar,Granada,18,Andalucía
18915,Domingo Pérez de Granada,Granada,18,Andalucía
18070,Dúdar,Granada,18,Andalucía
18071,Dúrcal,Granada,18,Andalucía
18072,Escúzar,Granada,18,Andalucía
18074,Ferreira,Granada,18,Andalucía
18076,Fonelas,Granada,18,Andalucía
18077,Fornes,Granada,18,Andalucía
18078,Freila,Granada,18,Andalucía
18079,Fuente Vaqueros,Granada,18,Andalucía
18905,"Gabias, Las",Granada,18,Andalucía
18082,Galera,Granada,18,Andalucía
18083,Gobernador,Granada,18,Andalucía
18084,Gójar,Granada,18,Andalucía
18085,Gor,Granada,18,Andalucía
18086,Gorafe,Granada,18,Andalucía
18087,Granada,Granada,18,Andalucía
18088,Guadahortuna,Granada,18,Andalucía
18089,Guadix,Granada,18,Andalucía
18906,"Guájares, Los",Granada,18,Andalucía
18093,Gualchos,Granada,18,Andalucía
18094,Güéjar Sierra,Granada,18,Andalucía
18095,Güevéjar,Granada,18,Andalucía
18096,Huélago,Granada,18,Andalucía
18097,Huéneja,Granada,18,Andalucía
18098,Huéscar,Granada,18,Andalucía
18099,Huétor de Santillán,Granada,18,Andalucía
18100,Huétor Tájar,Granada,18,Andalucía
18101,Huétor Vega,Granada,18,Andalucía
18102,Íllora,Granada,18,Andalucía
18103,Ítrabo,Granada,18,Andalucía
18105,Iznalloz,Granada,18,Andalucía
18106,Játar,Granada,18,Andalucía
18107,Jayena,Granada,18,Andalucía
18108,Jérez del Marquesado,Granada,18,Andalucía
18109,Jete,Granada,18,Andalucía
18111,Jun,Granada,18,Andalucía
18112,Juviles,Granada,18,Andalucía
18115,Láchar,Granada,18,Andalucía
18116,Lanjarón,Granada,18,Andalucía
18117,Lanteira,Granada,18,Andalucía
18119,Lecrín,Granada,18,Andalucía
18120,Lentegí,Granada,18,Andalucía
18121,Lobras,Granada,18,Andalucía
18122,Loja,Granada,18,Andalucía
18123,Lugros,Granada,18,Andalucía
18124,Lújar,Granada,18,Andalucía
18126,"Malahá, La",Granada,18,Andalucía
18127,Maracena,Granada,18,Andalucía
18128,Marchal,Granada,18,Andalucía
18132,Moclín,Granada,18,Andalucía
18133,Molvízar,Granada,18,Andalucía
18134,Monachil,Granada,18,Andalucía
18135,Montefrío,Granada,18,Andalucía
18136,Montejícar,Granada,18,Andalucía
18137,Montillana,Granada,18,Andalucía
18138,Moraleda de Zafayona,Granada,18,Andalucía
18909,Morelábor,Granada,18,Andalucía
18140,Motril,Granada,18,Andalucía
18141,Murtas,Granada,18,Andalucía
18903,Nevada,Granada,18,Andalucía
18143,Nigüelas,Granada,18,Andalucía
18144,Nívar,Granada,18,Andalucía
18145,Ogíjares,Granada,18,Andalucía
18146,Orce,Granada,18,Andalucía
18147,Órgiva,Granada,18,Andalucía
18148,Otívar,Granada,18,Andalucía
18150,Padul,Granada,18,Andalucía
18151,Pampaneira,Granada,18,Andalucía
18152,Pedro Martínez,Granada,18,Andalucía
18153,Peligros,Granada,18,Andalucía
18154,"Peza, La",Granada,18,Andalucía
18910,"Pinar, El",Granada,18,Andalucía
18157,Pinos Genil,Granada,18,Andalucía
18158,Pinos Puente,Granada,18,Andalucía
18159,Píñar,Granada,18,Andalucía
18161,Polícar,Granada,18,Andalucía
18162,Polopos,Granada,18,Andalucía
18163,Pórtugos,Granada,18,Andalucía
18164,Puebla de Don Fadrique,Granada,18,Andalucía
18165,Pulianas,Granada,18,Andalucía
18167,Purullena,Granada,18,Andalucía
18168,Quéntar,Granada,18,Andalucía
18170,Rubite,Granada,18,Andalucía
18171,Salar,Granada,18,Andalucía
18173,Salobreña,Granada,18,Andalucía
18174,Santa Cruz del Comercio,Granada,18,Andalucía
18175,Santa Fe,Granada,18,Andalucía
18176,Soportújar,Granada,18,Andalucía
18177,Sorvilán,Granada,18,Andalucía
18901,"Taha, La",Granada,18,Andalucía
18178,Torre-Cardela,Granada,18,Andalucía
18916,Torrenueva Costa,Granada,18,Andalucía
18179,Torvizcón,Granada,18,Andalucía
18180,Trevélez,Granada,18,Andalucía
18181,Turón,Granada,18,Andalucía
18182,Ugíjar,Granada,18,Andalucía
18914,Valderrubio,Granada,18,Andalucía
18907,Valle del Zalabí,Granada,18,Andalucía
18902,"Valle, El",Granada,18,Andalucía
18183,Válor,Granada,18,Andalucía
18911,Vegas del Genil,Granada,18,Andalucía
18184,Vélez de Benaudalla,Granada,18,Andalucía
18185,Ventas de Huelma,Granada,18,Andalucía
18149,Villa de Otura,Granada,18,Andalucía
18908,Villamena,Granada,18,Andalucía
18187,Villanueva de las Torres,Granada,18,Andalucía
18188,Villanueva Mesía,Granada,18,Andalucía
18189,Víznar,Granada,18,Andalucía
18192,Zafarraya,Granada,18,Andalucía
18913,Zagra,Granada,18,Andalucía
18193,"Zubia, La",Granada,18,Andalucía
18194,Zújar,Granada,18,Andalucía
19001,Abánades,Guadalajara,19,Castilla-La Mancha
19002,Ablanque,Guadalajara,19,Castilla-La Mancha
19003,Adobes,Guadalajara,19,Castilla-La Mancha
19004,Alaminos,Guadalajara,19,Castilla-La Mancha
19005,Alarilla,Guadalajara,19,Castilla-La Mancha
19006,Albalate de Zorita,Guadalajara,19,Castilla-La Mancha
19007,Albares,Guadalajara,19,Castilla-La Mancha
19008,Albendiego,Guadalajara,19,Castilla-La Mancha
19009,Alcocer,Guadalajara,19,Castilla-La Mancha
19010,Alcolea de las Peñas,Guadalajara,19,Castilla-La Mancha
19011,Alcolea del Pinar,Guadalajara,19,Castilla-La Mancha
19013,Alcoroches,Guadalajara,19,Castilla-La Mancha
19015,Aldeanueva de Guadalajara,Guadalajara,19,Castilla-La Mancha
19016,Algar de Mesa,Guadalajara,19,Castilla-La Mancha
19017,Algora,Guadalajara,19,Castilla-La Mancha
19018,Alhóndiga,Guadalajara,19,Castilla-La Mancha
19019,Alique,Guadalajara,19,Castilla-La Mancha
19020,Almadrones,Guadalajara,19,Castilla-La Mancha
19021,Almoguera,Guadalajara,19,Castilla-La Mancha
19022,Almonacid de Zorita,Guadalajara,19,Castilla-La Mancha
19023,Alocén,Guadalajara,19,Castilla-La Mancha
19024,Alovera,Guadalajara,19,Castilla-La Mancha
19027,Alustante,Guadalajara,19,Castilla-La Mancha
19031,Angón,Guadalajara,19,Castilla-La Mancha
19032,Anguita,Guadalajara,19,Castilla-La Mancha
19033,Anquela del Ducado,Guadalajara,19,Castilla-La Mancha
19034,Anquela del Pedregal,Guadalajara,19,Castilla-La Mancha
19036,Aranzueque,Guadalajara,19,Castilla-La Mancha
19037,Arbancón,Guadalajara,19,Castilla-La Mancha
19038,Arbeteta,Guadalajara,19,Castilla-La Mancha
19039,Argecilla,Guadalajara,19,Castilla-La Mancha
19040,Armallones,Guadalajara,19,Castilla-La Mancha
19041,Armuña de Tajuña,Guadalajara,19,Castilla-La Mancha
19042,Arroyo de las Fraguas,Guadalajara,19,Castilla-La Mancha
19043,Atanzón,Guadalajara,19,Castilla-La Mancha
19044,Atienza,Guadalajara,19,Castilla-La Mancha
19045,Auñón,Guadalajara,19,Castilla-La Mancha
19046,Azuqueca de Henares,Guadalajara,19,Castilla-La Mancha
19047,Baides,Guadalajara,19,Castilla-La Mancha
19048,Baños de Tajo,Guadalajara,19,Castilla-La Mancha
19049,Bañuelos,Guadalajara,19,Castilla-La Mancha
19050,Barriopedro,Guadalajara,19,Castilla-La Mancha
19051,Berninches,Guadalajara,19,Castilla-La Mancha
19052,"Bodera, La",Guadalajara,19,Castilla-La Mancha
19053,Brihuega,Guadalajara,19,Castilla-La Mancha
19054,Budia,Guadalajara,19,Castilla-La Mancha
19055,Bujalaro,Guadalajara,19,Castilla-La Mancha
19057,Bustares,Guadalajara,19,Castilla-La Mancha
19058,Cabanillas del Campo,Guadalajara,19,Castilla-La Mancha
19059,Campillo de Dueñas,Guadalajara,19,Castilla-La Mancha
19060,Campillo de Ranas,Guadalajara,19,Castilla-La Mancha
19061,Campisábalos,Guadalajara,19,Castilla-La Mancha
19064,Canredondo,Guadalajara,19,Castilla-La Mancha
19065,Cantalojas,Guadalajara,19,Castilla-La Mancha
19066,Cañizar,Guadalajara,19,Castilla-La Mancha
19067,"Cardoso de la Sierra, El",Guadalajara,19,Castilla-La Mancha
19070,Casa de Uceda,Guadalajara,19,Castilla-La Mancha
19071,"Casar, El",Guadalajara,19,Castilla-La Mancha
19073,Casas de San Galindo,Guadalajara,19,Castilla-La Mancha
19074,Caspueñas,Guadalajara,19,Castilla-La Mancha
19075,Castejón de Henares,Guadalajara,19,Castilla-La Mancha
19076,Castellar de la Muela,Guadalajara,19,Castilla-La Mancha
19078,Castilforte,Guadalajara,19,Castilla-La Mancha
19079,Castilnuevo,Guadalajara,19,Castilla-La Mancha
19080,Cendejas de Enmedio,Guadalajara,19,Castilla-La Mancha
19081,Cendejas de la Torre,Guadalajara,19,Castilla-La Mancha
19082,Centenera,Guadalajara,19,Castilla-La Mancha
19103,Checa,Guadalajara,19,Castilla-La Mancha
19104,Chequilla,Guadalajara,19,Castilla-La Mancha
19106,Chillarón del Rey,Guadalajara,19,Castilla-La Mancha
19105,Chiloeches,Guadalajara,19,Castilla-La Mancha
19086,Cifuentes,Guadalajara,19,Castilla-La Mancha
19087,Cincovillas,Guadalajara,19,Castilla-La Mancha
19088,Ciruelas,Guadalajara,19,Castilla-La Mancha
19089,Ciruelos del Pinar,Guadalajara,19,Castilla-La Mancha
19090,Cobeta,Guadalajara,19,Castilla-La Mancha
19091,Cogollor,Guadalajara,19,Castilla-La Mancha
19092,Cogolludo,Guadalajara,19,Castilla-La Mancha
19095,Condemios de Abajo,Guadalajara,19,Castilla-La Mancha
19096,Condemios de Arriba,Guadalajara,19,Castilla-La Mancha
19097,Congostrina,Guadalajara,19,Castilla-La Mancha
19098,Copernal,Guadalajara,19,Castilla-La Mancha
19099,Corduente,Guadalajara,19,Castilla-La Mancha
19102,"Cubillo de Uceda, El",Guadalajara,19,Castilla-La Mancha
19107,Driebes,Guadalajara,19,Castilla-La Mancha
19108,Durón,Guadalajara,19,Castilla-La Mancha
19109,Embid,Guadalajara,19,Castilla-La Mancha
19110,Escamilla,Guadalajara,19,Castilla-La Mancha
19111,Escariche,Guadalajara,19,Castilla-La Mancha
19112,Escopete,Guadalajara,19,Castilla-La Mancha
19113,Espinosa de Henares,Guadalajara,19,Castilla-La Mancha
19114,Esplegares,Guadalajara,19,Castilla-La Mancha
19115,Establés,Guadalajara,19,Castilla-La Mancha
19116,Estriégana,Guadalajara,19,Castilla-La Mancha
19117,Fontanar,Guadalajara,19,Castilla-La Mancha
19118,Fuembellida,Guadalajara,19,Castilla-La Mancha
19119,Fuencemillán,Guadalajara,19,Castilla-La Mancha
19120,Fuentelahiguera de Albatages,Guadalajara,19,Castilla-La Mancha
19121,Fuentelencina,Guadalajara,19,Castilla-La Mancha
19122,Fuentelsaz,Guadalajara,19,Castilla-La Mancha
19123,Fuentelviejo,Guadalajara,19,Castilla-La Mancha
19124,Fuentenovilla,Guadalajara,19,Castilla-La Mancha
19125,Gajanejos,Guadalajara,19,Castilla-La Mancha
19126,Galápagos,Guadalajara,19,Castilla-La Mancha
19127,Galve de Sorbe,Guadalajara,19,Castilla-La Mancha
19129,Gascueña de Bornova,Guadalajara,19,Castilla-La Mancha
19130,Guadalajara,Guadalajara,19,Castilla-La Mancha
19132,Henche,Guadalajara,19,Castilla-La Mancha
19133,Heras de Ayuso,Guadalajara,19,Castilla-La Mancha
19134,Herrería,Guadalajara,19,Castilla-La Mancha
19135,Hiendelaencina,Guadalajara,19,Castilla-La Mancha
19136,Hijes,Guadalajara,19,Castilla-La Mancha
19138,Hita,Guadalajara,19,Castilla-La Mancha
19139,Hombrados,Guadalajara,19,Castilla-La Mancha
19142,Hontoba,Guadalajara,19,Castilla-La Mancha
19143,Horche,Guadalajara,19,Castilla-La Mancha
19145,Hortezuela de Océn,Guadalajara,19,Castilla-La Mancha
19146,"Huerce, La",Guadalajara,19,Castilla-La Mancha
19147,Huérmeces del Cerro,Guadalajara,19,Castilla-La Mancha
19148,Huertahernando,Guadalajara,19,Castilla-La Mancha
19150,Hueva,Guadalajara,19,Castilla-La Mancha
19151,Humanes,Guadalajara,19,Castilla-La Mancha
19152,Illana,Guadalajara,19,Castilla-La Mancha
19153,Iniéstola,Guadalajara,19,Castilla-La Mancha
19154,"Inviernas, Las",Guadalajara,19,Castilla-La Mancha
19155,Irueste,Guadalajara,19,Castilla-La Mancha
19156,Jadraque,Guadalajara,19,Castilla-La Mancha
19157,Jirueque,Guadalajara,19,Castilla-La Mancha
19159,Ledanca,Guadalajara,19,Castilla-La Mancha
19160,Loranca de Tajuña,Guadalajara,19,Castilla-La Mancha
19161,Lupiana,Guadalajara,19,Castilla-La Mancha
19162,Luzaga,Guadalajara,19,Castilla-La Mancha
19163,Luzón,Guadalajara,19,Castilla-La Mancha
19165,Majaelrayo,Guadalajara,19,Castilla-La Mancha
19166,Málaga del Fresno,Guadalajara,19,Castilla-La Mancha
19167,Malaguilla,Guadalajara,19,Castilla-La Mancha
19168,Mandayona,Guadalajara,19,Castilla-La Mancha
19169,Mantiel,Guadalajara,19,Castilla-La Mancha
19170,Maranchón,Guadalajara,19,Castilla-La Mancha
19171,Marchamalo,Guadalajara,19,Castilla-La Mancha
19172,Masegoso de Tajuña,Guadalajara,19,Castilla-La Mancha
19173,Matarrubia,Guadalajara,19,Castilla-La Mancha
19174,Matillas,Guadalajara,19,Castilla-La Mancha
19175,Mazarete,Guadalajara,19,Castilla-La Mancha
19176,Mazuecos,Guadalajara,19,Castilla-La Mancha
19177,Medranda,Guadalajara,19,Castilla-La Mancha
19178,Megina,Guadalajara,19,Castilla-La Mancha
19179,Membrillera,Guadalajara,19,Castilla-La Mancha
19181,Miedes de Atienza,Guadalajara,19,Castilla-La Mancha
19182,"Mierla, La",Guadalajara,19,Castilla-La Mancha
19184,Millana,Guadalajara,19,Castilla-La Mancha
19183,Milmarcos,Guadalajara,19,Castilla-La Mancha
19185,"Miñosa, La",Guadalajara,19,Castilla-La Mancha
19186,Mirabueno,Guadalajara,19,Castilla-La Mancha
19187,Miralrío,Guadalajara,19,Castilla-La Mancha
19188,Mochales,Guadalajara,19,Castilla-La Mancha
19189,Mohernando,Guadalajara,19,Castilla-La Mancha
19190,Molina de Aragón,Guadalajara,19,Castilla-La Mancha
19191,Monasterio,Guadalajara,19,Castilla-La Mancha
19192,Mondéjar,Guadalajara,19,Castilla-La Mancha
19193,Montarrón,Guadalajara,19,Castilla-La Mancha
19194,Moratilla de los Meleros,Guadalajara,19,Castilla-La Mancha
19195,Morenilla,Guadalajara,19,Castilla-La Mancha
19196,Muduex,Guadalajara,19,Castilla-La Mancha
19197,"Navas de Jadraque, Las",Guadalajara,19,Castilla-La Mancha
19198,Negredo,Guadalajara,19,Castilla-La Mancha
19199,Ocentejo,Guadalajara,19,Castilla-La Mancha
19200,"Olivar, El",Guadalajara,19,Castilla-La Mancha
19201,Olmeda de Cobeta,Guadalajara,19,Castilla-La Mancha
19202,"Olmeda de Jadraque, La",Guadalajara,19,Castilla-La Mancha
19203,"Ordial, El",Guadalajara,19,Castilla-La Mancha
19204,Orea,Guadalajara,19,Castilla-La Mancha
19208,Pálmaces de Jadraque,Guadalajara,19,Castilla-La Mancha
19209,Pardos,Guadalajara,19,Castilla-La Mancha
19210,Paredes de Sigüenza,Guadalajara,19,Castilla-La Mancha
19211,Pareja,Guadalajara,19,Castilla-La Mancha
19212,Pastrana,Guadalajara,19,Castilla-La Mancha
19213,"Pedregal, El",Guadalajara,19,Castilla-La Mancha
19214,Peñalén,Guadalajara,19,Castilla-La Mancha
19215,Peñalver,Guadalajara,19,Castilla-La Mancha
19216,Peralejos de las Truchas,Guadalajara,19,Castilla-La Mancha
19217,Peralveche,Guadalajara,19,Castilla-La Mancha
19218,Pinilla de Jadraque,Guadalajara,19,Castilla-La Mancha
19219,Pinilla de Molina,Guadalajara,19,Castilla-La Mancha
19220,Pioz,Guadalajara,19,Castilla-La Mancha
19221,Piqueras,Guadalajara,19,Castilla-La Mancha
19222,"Pobo de Dueñas, El",Guadalajara,19,Castilla-La Mancha
19223,Poveda de la Sierra,Guadalajara,19,Castilla-La Mancha
19224,Pozo de Almoguera,Guadalajara,19,Castilla-La Mancha
19225,Pozo de Guadalajara,Guadalajara,19,Castilla-La Mancha
19226,Prádena de Atienza,Guadalajara,19,Castilla-La Mancha
19227,Prados Redondos,Guadalajara,19,Castilla-La Mancha
19228,Puebla de Beleña,Guadalajara,19,Castilla-La Mancha
19229,Puebla de Valles,Guadalajara,19,Castilla-La Mancha
19230,Quer,Guadalajara,19,Castilla-La Mancha
19231,Rebollosa de Jadraque,Guadalajara,19,Castilla-La Mancha
19232,"Recuenco, El",Guadalajara,19,Castilla-La Mancha
19233,Renera,Guadalajara,19,Castilla-La Mancha
19234,Retiendas,Guadalajara,19,Castilla-La Mancha
19235,Riba de Saelices,Guadalajara,19,Castilla-La Mancha
19237,Rillo de Gallo,Guadalajara,19,Castilla-La Mancha
19238,Riofrío del Llano,Guadalajara,19,Castilla-La Mancha
19239,Robledillo de Mohernando,Guadalajara,19,Castilla-La Mancha
19240,Robledo de Corpes,Guadalajara,19,Castilla-La Mancha
19241,Romanillos de Atienza,Guadalajara,19,Castilla-La Mancha
19242,Romanones,Guadalajara,19,Castilla-La Mancha
19243,Rueda de la Sierra,Guadalajara,19,Castilla-La Mancha
19244,Sacecorbo,Guadalajara,19,Castilla-La Mancha
19245,Sacedón,Guadalajara,19,Castilla-La Mancha
19246,Saelices de la Sal,Guadalajara,19,Castilla-La Mancha
19247,Salmerón,Guadalajara,19,Castilla-La Mancha
19248,San Andrés del Congosto,Guadalajara,19,Castilla-La Mancha
19249,San Andrés del Rey,Guadalajara,19,Castilla-La Mancha
19250,Santiuste,Guadalajara,19,Castilla-La Mancha
19251,Saúca,Guadalajara,19,Castilla-La Mancha
19252,Sayatón,Guadalajara,19,Castilla-La Mancha
19254,Selas,Guadalajara,19,Castilla-La Mancha
19901,Semillas,Guadalajara,19,Castilla-La Mancha
19255,Setiles,Guadalajara,19,Castilla-La Mancha
19256,Sienes,Guadalajara,19,Castilla-La Mancha
19257,Sigüenza,Guadalajara,19,Castilla-La Mancha
19258,Solanillos del Extremo,Guadalajara,19,Castilla-La Mancha
19259,Somolinos,Guadalajara,19,Castilla-La Mancha
19260,"Sotillo, El",Guadalajara,19,Castilla-La Mancha
19261,Sotodosos,Guadalajara,19,Castilla-La Mancha
19262,Tamajón,Guadalajara,19,Castilla-La Mancha
19263,Taragudo,Guadalajara,19,Castilla-La Mancha
19264,Taravilla,Guadalajara,19,Castilla-La Mancha
19265,Tartanedo,Guadalajara,19,Castilla-La Mancha
19266,Tendilla,Guadalajara,19,Castilla-La Mancha
19267,Terzaga,Guadalajara,19,Castilla-La Mancha
19268,Tierzo,Guadalajara,19,Castilla-La Mancha
19269,"Toba, La",Guadalajara,19,Castilla-La Mancha
19271,Tordellego,Guadalajara,19,Castilla-La Mancha
19270,Tordelrábano,Guadalajara,19,Castilla-La Mancha
19272,Tordesilos,Guadalajara,19,Castilla-La Mancha
19274,Torija,Guadalajara,19,Castilla-La Mancha
19279,Torre del Burgo,Guadalajara,19,Castilla-La Mancha
19277,Torrecuadrada de Molina,Guadalajara,19,Castilla-La Mancha
19278,Torrecuadradilla,Guadalajara,19,Castilla-La Mancha
19280,Torrejón del Rey,Guadalajara,19,Castilla-La Mancha
19281,Torremocha de Jadraque,Guadalajara,19,Castilla-La Mancha
19282,Torremocha del Campo,Guadalajara,19,Castilla-La Mancha
19283,Torremocha del Pinar,Guadalajara,19,Castilla-La Mancha
19284,Torremochuela,Guadalajara,19,Castilla-La Mancha
19285,Torrubia,Guadalajara,19,Castilla-La Mancha
19286,Tórtola de Henares,Guadalajara,19,Castilla-La Mancha
19287,Tortuera,Guadalajara,19,Castilla-La Mancha
19288,Tortuero,Guadalajara,19,Castilla-La Mancha
19289,Traíd,Guadalajara,19,Castilla-La Mancha
19290,Trijueque,Guadalajara,19,Castilla-La Mancha
19291,Trillo,Guadalajara,19,Castilla-La Mancha
19293,Uceda,Guadalajara,19,Castilla-La Mancha
19294,Ujados,Guadalajara,19,Castilla-La Mancha
19296,Utande,Guadalajara,19,Castilla-La Mancha
19297,Valdarachas,Guadalajara,19,Castilla-La Mancha
19298,Valdearenas,Guadalajara,19,Castilla-La Mancha
19299,Valdeavellano,Guadalajara,19,Castilla-La Mancha
19300,Valdeaveruelo,Guadalajara,19,Castilla-La Mancha
19301,Valdeconcha,Guadalajara,19,Castilla-La Mancha
19302,Valdegrudas,Guadalajara,19,Castilla-La Mancha
19303,Valdelcubo,Guadalajara,19,Castilla-La Mancha
19304,Valdenuño Fernández,Guadalajara,19,Castilla-La Mancha
19305,Valdepeñas de la Sierra,Guadalajara,19,Castilla-La Mancha
19306,Valderrebollo,Guadalajara,19,Castilla-La Mancha
19307,Valdesotos,Guadalajara,19,Castilla-La Mancha
19308,Valfermoso de Tajuña,Guadalajara,19,Castilla-La Mancha
19309,Valhermoso,Guadalajara,19,Castilla-La Mancha
19310,Valtablado del Río,Guadalajara,19,Castilla-La Mancha
19311,Valverde de los Arroyos,Guadalajara,19,Castilla-La Mancha
19314,Viana de Jadraque,Guadalajara,19,Castilla-La Mancha
19317,Villanueva de Alcorón,Guadalajara,19,Castilla-La Mancha
19318,Villanueva de Argecilla,Guadalajara,19,Castilla-La Mancha
19319,Villanueva de la Torre,Guadalajara,19,Castilla-La Mancha
19321,Villares de Jadraque,Guadalajara,19,Castilla-La Mancha
19322,Villaseca de Henares,Guadalajara,19,Castilla-La Mancha
19323,Villaseca de Uceda,Guadalajara,19,Castilla-La Mancha
19324,Villel de Mesa,Guadalajara,19,Castilla-La Mancha
19325,Viñuelas,Guadalajara,19,Castilla-La Mancha
19326,Yebes,Guadalajara,19,Castilla-La Mancha
19327,Yebra,Guadalajara,19,Castilla-La Mancha
19329,Yélamos de Abajo,Guadalajara,19,Castilla-La Mancha
19330,Yélamos de Arriba,Guadalajara,19,Castilla-La Mancha
19331,Yunquera de Henares,Guadalajara,19,Castilla-La Mancha
19332,"Yunta, La",Guadalajara,19,Castilla-La Mancha
19333,Zaorejas,Guadalajara,19,Castilla-La Mancha
19334,Zarzuela de Jadraque,Guadalajara,19,Castilla-La Mancha
19335,Zorita de los Canes,Guadalajara,19,Castilla-La Mancha
20001,Abaltzisketa,Gipuzkoa,20,País Vasco
20002,Aduna,Gipuzkoa,20,País Vasco
20016,Aia,Gipuzkoa,20,País Vasco
20003,Aizarnazabal,Gipuzkoa,20,País Vasco
20004,Albiztur,Gipuzkoa,20,País Vasco
20005,Alegia,Gipuzkoa,20,País Vasco
20006,Alkiza,Gipuzkoa,20,País Vasco
20906,Altzaga,Gipuzkoa,20,País Vasco
20007,Altzo,Gipuzkoa,20,País Vasco
20008,Amezketa,Gipuzkoa,20,País Vasco
20009,Andoain,Gipuzkoa,20,País Vasco
20010,Anoeta,Gipuzkoa,20,País Vasco
20011,Antzuola,Gipuzkoa,20,País Vasco
20012,Arama,Gipuzkoa,20,País Vasco
20013,Aretxabaleta,Gipuzkoa,20,País Vasco
20055,Arrasate/Mondragón,Gipuzkoa,20,País Vasco
20014,Asteasu,Gipuzkoa,20,País Vasco
20903,Astigarraga,Gipuzkoa,20,País Vasco
20015,Ataun,Gipuzkoa,20,País Vasco
20017,Azkoitia,Gipuzkoa,20,País Vasco
20018,Azpeitia,Gipuzkoa,20,País Vasco
20904,Baliarrain,Gipuzkoa,20,País Vasco
20019,Beasain,Gipuzkoa,20,País Vasco
20020,Beizama,Gipuzkoa,20,País Vasco
20021,Belauntza,Gipuzkoa,20,País Vasco
20022,Berastegi,Gipuzkoa,20,País Vasco
20074,Bergara,Gipuzkoa,20,País Vasco
20023,Berrobi,Gipuzkoa,20,País Vasco
20024,Bidania-Goiatz,Gipuzkoa,20,País Vasco
20029,Deba,Gipuzkoa,20,País Vasco
20069,Donostia/San Sebastián,Gipuzkoa,20,País Vasco
20030,Eibar,Gipuzkoa,20,País Vasco
20031,Elduain,Gipuzkoa,20,País Vasco
20033,Elgeta,Gipuzkoa,20,País Vasco
20032,Elgoibar,Gipuzkoa,20,País Vasco
20067,Errenteria,Gipuzkoa,20,País Vasco
20066,Errezil,Gipuzkoa,20,País Vasco
20034,Eskoriatza,Gipuzkoa,20,País Vasco
20035,Ezkio-Itsaso,Gipuzkoa,20,País Vasco
20038,Gabiria,Gipuzkoa,20,País Vasco
20037,Gaintza,Gipuzkoa,20,País Vasco
20907,Gaztelu,Gipuzkoa,20,País Vasco
20039,Getaria,Gipuzkoa,20,País Vasco
20040,Hernani,Gipuzkoa,20,País Vasco
20041,Hernialde,Gipuzkoa,20,País Vasco
20036,Hondarribia,Gipuzkoa,20,País Vasco
20042,Ibarra,Gipuzkoa,20,País Vasco
20043,Idiazabal,Gipuzkoa,20,País Vasco
20044,Ikaztegieta,Gipuzkoa,20,País Vasco
20045,Irun,Gipuzkoa,20,País Vasco
20046,Irura,Gipuzkoa,20,País Vasco
20047,Itsasondo,Gipuzkoa,20,País Vasco
20048,Larraul,Gipuzkoa,20,País Vasco
20902,Lasarte-Oria,Gipuzkoa,20,País Vasco
20049,Lazkao,Gipuzkoa,20,País Vasco
20050,Leaburu,Gipuzkoa,20,País Vasco
20051,Legazpi,Gipuzkoa,20,País Vasco
20052,Legorreta,Gipuzkoa,20,País Vasco
20068,Leintz-Gatzaga,Gipuzkoa,20,País Vasco
20053,Lezo,Gipuzkoa,20,País Vasco
20054,Lizartza,Gipuzkoa,20,País Vasco
20901,Mendaro,Gipuzkoa,20,País Vasco
20057,Mutiloa,Gipuzkoa,20,País Vasco
20056,Mutriku,Gipuzkoa,20,País Vasco
20063,Oiartzun,Gipuzkoa,20,País Vasco
20058,Olaberria,Gipuzkoa,20,País Vasco
20059,Oñati,Gipuzkoa,20,País Vasco
20076,Ordizia,Gipuzkoa,20,País Vasco
20905,Orendain,Gipuzkoa,20,País Vasco
20060,Orexa,Gipuzkoa,20,País Vasco
20061,Orio,Gipuzkoa,20,País Vasco
20062,Ormaiztegi,Gipuzkoa,20,País Vasco
20064,Pasaia,Gipuzkoa,20,País Vasco
20070,Segura,Gipuzkoa,20,País Vasco
20065,Soraluze-Placencia de las Armas,Gipuzkoa,20,País Vasco
20071,Tolosa,Gipuzkoa,20,País Vasco
20072,Urnieta,Gipuzkoa,20,País Vasco
20077,Urretxu,Gipuzkoa,20,País Vasco
20073,Usurbil,Gipuzkoa,20,País Vasco
20075,Villabona,Gipuzkoa,20,País Vasco
20078,Zaldibia,Gipuzkoa,20,País Vasco
20079,Zarautz,Gipuzkoa,20,País Vasco
20025,Zegama,Gipuzkoa,20,País Vasco
20026,Zerain,Gipuzkoa,20,País Vasco
20027,Zestoa,Gipuzkoa,20,País Vasco
20028,Zizurkil,Gipuzkoa,20,País Vasco
20081,Zumaia,Gipuzkoa,20,País Vasco
20080,Zumarraga,Gipuzkoa,20,País Vasco
21001,Alájar,Huelva,21,Andalucía
21002,Aljaraque,Huelva,21,Andalucía
21003,"Almendro, El",Huelva,21,Andalucía
21004,Almonaster la Real,Huelva,21,Andalucía
21005,Almonte,Huelva,21,Andalucía
21006,Alosno,Huelva,21,Andalucía
21007,Aracena,Huelva,21,Andalucía
21008,Aroche,Huelva,21,Andalucía
21009,Arroyomolinos de León,Huelva,21,Andalucía
21010,Ayamonte,Huelva,21,Andalucía
21011,Beas,Huelva,21,Andalucía
21012,Berrocal,Huelva,21,Andalucía
21013,Bollullos Par del Condado,Huelva,21,Andalucía
21014,Bonares,Huelva,21,Andalucía
21015,Cabezas Rubias,Huelva,21,Andalucía
21016,Cala,Huelva,21,Andalucía
21017,Calañas,Huelva,21,Andalucía
21018,"Campillo, El",Huelva,21,Andalucía
21019,Campofrío,Huelva,21,Andalucía
21020,Cañaveral de León,Huelva,21,Andalucía
21021,Cartaya,Huelva,21,Andalucía
21022,Castaño del Robledo,Huelva,21,Andalucía
21023,"Cerro de Andévalo, El",Huelva,21,Andalucía
21030,Chucena,Huelva,21,Andalucía
21024,Corteconcepción,Huelva,21,Andalucía
21025,Cortegana,Huelva,21,Andalucía
21026,Cortelazor,Huelva,21,Andalucía
21027,Cumbres de Enmedio,Huelva,21,Andalucía
21028,Cumbres de San Bartolomé,Huelva,21,Andalucía
21029,Cumbres Mayores,Huelva,21,Andalucía
21031,Encinasola,Huelva,21,Andalucía
21032,Escacena del Campo,Huelva,21,Andalucía
21033,Fuenteheridos,Huelva,21,Andalucía
21034,Galaroza,Huelva,21,Andalucía
21035,Gibraleón,Huelva,21,Andalucía
21036,"Granada de Río-Tinto, La",Huelva,21,Andalucía
21037,"Granado, El",Huelva,21,Andalucía
21038,Higuera de la Sierra,Huelva,21,Andalucía
21039,Hinojales,Huelva,21,Andalucía
21040,Hinojos,Huelva,21,Andalucía
21041,Huelva,Huelva,21,Andalucía
21042,Isla Cristina,Huelva,21,Andalucía
21043,Jabugo,Huelva,21,Andalucía
21044,Lepe,Huelva,21,Andalucía
21045,Linares de la Sierra,Huelva,21,Andalucía
21046,Lucena del Puerto,Huelva,21,Andalucía
21047,Manzanilla,Huelva,21,Andalucía
21048,"Marines, Los",Huelva,21,Andalucía
21049,Minas de Riotinto,Huelva,21,Andalucía
21050,Moguer,Huelva,21,Andalucía
21051,"Nava, La",Huelva,21,Andalucía
21052,Nerva,Huelva,21,Andalucía
21053,Niebla,Huelva,21,Andalucía
21054,"Palma del Condado, La",Huelva,21,Andalucía
21055,Palos de la Frontera,Huelva,21,Andalucía
21056,Paterna del Campo,Huelva,21,Andalucía
21057,Paymogo,Huelva,21,Andalucía
21058,Puebla de Guzmán,Huelva,21,Andalucía
21059,Puerto Moral,Huelva,21,Andalucía
21060,Punta Umbría,Huelva,21,Andalucía
21061,Rociana del Condado,Huelva,21,Andalucía
21062,Rosal de la Frontera,Huelva,21,Andalucía
21063,San Bartolomé de la Torre,Huelva,21,Andalucía
21064,San Juan del Puerto,Huelva,21,Andalucía
21066,San Silvestre de Guzmán,Huelva,21,Andalucía
21065,Sanlúcar de Guadiana,Huelva,21,Andalucía
21067,Santa Ana la Real,Huelva,21,Andalucía
21068,Santa Bárbara de Casa,Huelva,21,Andalucía
21069,Santa Olalla del Cala,Huelva,21,Andalucía
21070,Trigueros,Huelva,21,Andalucía
21071,Valdelarco,Huelva,21,Andalucía
21072,Valverde del Camino,Huelva,21,Andalucía
21073,Villablanca,Huelva,21,Andalucía
21074,Villalba del Alcor,Huelva,21,Andalucía
21075,Villanueva de las Cruces,Huelva,21,Andalucía
21076,Villanueva de los Castillejos,Huelva,21,Andalucía
21077,Villarrasa,Huelva,21,Andalucía
21078,Zalamea la Real,Huelva,21,Andalucía
21902,"Zarza-Perrunal, La",Huelva,21,Andalucía
21079,Zufre,Huelva,21,Andalucía
22001,Abiego,Huesca,22,Aragón
22002,Abizanda,Huesca,22,Aragón
22003,Adahuesca,Huesca,22,Aragón
22004,Agüero,Huesca,22,Aragón
22907,Aínsa-Sobrarbe,Huesca,22,Aragón
22006,Aisa,Huesca,22,Aragón
22007,Albalate de Cinca,Huesca,22,Aragón
22008,Albalatillo,Huesca,22,Aragón
22009,Albelda,Huesca,22,Aragón
22011,Albero Alto,Huesca,22,Aragón
22012,Albero Bajo,Huesca,22,Aragón
22013,Alberuela de Tubo,Huesca,22,Aragón
22014,Alcalá de Gurrea,Huesca,22,Aragón
22015,Alcalá del Obispo,Huesca,22,Aragón
22016,Alcampell,Huesca,22,Aragón
22017,Alcolea de Cinca,Huesca,22,Aragón
22018,Alcubierre,Huesca,22,Aragón
22019,Alerre,Huesca,22,Aragón
22020,Alfántega,Huesca,22,Aragón
22021,Almudévar,Huesca,22,Aragón
22022,Almunia de San Juan,Huesca,22,Aragón
22023,Almuniente,Huesca,22,Aragón
22024,Alquézar,Huesca,22,Aragón
22025,Altorricón,Huesca,22,Aragón
22027,Angüés,Huesca,22,Aragón
22028,Ansó,Huesca,22,Aragón
22029,Antillón,Huesca,22,Aragón
22032,Aragüés del Puerto,Huesca,22,Aragón
22035,Arén,Huesca,22,Aragón
22036,Argavieso,Huesca,22,Aragón
22037,Arguis,Huesca,22,Aragón
22039,Ayerbe,Huesca,22,Aragón
22040,Azanuy-Alins,Huesca,22,Aragón
22041,Azara,Huesca,22,Aragón
22042,Azlor,Huesca,22,Aragón
22043,Baélls,Huesca,22,Aragón
22044,Bailo,Huesca,22,Aragón
22045,Baldellou,Huesca,22,Aragón
22046,Ballobar,Huesca,22,Aragón
22047,Banastás,Huesca,22,Aragón
22048,Barbastro,Huesca,22,Aragón
22049,Barbués,Huesca,22,Aragón
22050,Barbuñales,Huesca,22,Aragón
22051,Bárcabo,Huesca,22,Aragón
22052,Belver de Cinca,Huesca,22,Aragón
22053,Benabarre,Huesca,22,Aragón
22054,Benasque,Huesca,22,Aragón
22246,Beranuy,Huesca,22,Aragón
22055,Berbegal,Huesca,22,Aragón
22057,Bielsa,Huesca,22,Aragón
22058,Bierge,Huesca,22,Aragón
22059,Biescas,Huesca,22,Aragón
22060,Binaced,Huesca,22,Aragón
22061,Binéfar,Huesca,22,Aragón
22062,Bisaurri,Huesca,22,Aragón
22063,Biscarrués,Huesca,22,Aragón
22064,Blecua y Torres,Huesca,22,Aragón
22066,Boltaña,Huesca,22,Aragón
22067,Bonansa,Huesca,22,Aragón
22068,Borau,Huesca,22,Aragón
22069,Broto,Huesca,22,Aragón
22072,Caldearenas,Huesca,22,Aragón
22074,Campo,Huesca,22,Aragón
22075,Camporrélls,Huesca,22,Aragón
22076,Canal de Berdún,Huesca,22,Aragón
22077,Candasnos,Huesca,22,Aragón
22078,Canfranc,Huesca,22,Aragón
22079,Capdesaso,Huesca,22,Aragón
22080,Capella,Huesca,22,Aragón
22081,Casbas de Huesca,Huesca,22,Aragón
22083,Castejón de Monegros,Huesca,22,Aragón
22084,Castejón de Sos,Huesca,22,Aragón
22082,Castejón del Puente,Huesca,22,Aragón
22085,Castelflorite,Huesca,22,Aragón
22086,Castiello de Jaca,Huesca,22,Aragón
22087,Castigaleu,Huesca,22,Aragón
22088,Castillazuelo,Huesca,22,Aragón
22089,Castillonroy,Huesca,22,Aragón
22094,Chalamera,Huesca,22,Aragón
22095,Chía,Huesca,22,Aragón
22096,Chimillas,Huesca,22,Aragón
22090,Colungo,Huesca,22,Aragón
22099,Esplús,Huesca,22,Aragón
22102,Estada,Huesca,22,Aragón
22103,Estadilla,Huesca,22,Aragón
22105,Estopiñán del Castillo,Huesca,22,Aragón
22106,Fago,Huesca,22,Aragón
22107,Fanlo,Huesca,22,Aragón
22109,Fiscal,Huesca,22,Aragón
22110,Fonz,Huesca,22,Aragón
22111,Foradada del Toscar,Huesca,22,Aragón
22112,Fraga,Huesca,22,Aragón
22113,"Fueva, La",Huesca,22,Aragón
22114,Gistaín,Huesca,22,Aragón
22115,"Grado, El",Huesca,22,Aragón
22116,Grañén,Huesca,22,Aragón
22117,Graus,Huesca,22,Aragón
22119,Gurrea de Gállego,Huesca,22,Aragón
22122,Hoz de Jaca,Huesca,22,Aragón
22908,Hoz y Costean,Huesca,22,Aragón
22124,Huerto,Huesca,22,Aragón
22125,Huesca,Huesca,22,Aragón
22126,Ibieca,Huesca,22,Aragón
22127,Igriés,Huesca,22,Aragón
22128,Ilche,Huesca,22,Aragón
22129,Isábena,Huesca,22,Aragón
22130,Jaca,Huesca,22,Aragón
22131,Jasa,Huesca,22,Aragón
22133,Labuerda,Huesca,22,Aragón
22135,Laluenga,Huesca,22,Aragón
22136,Lalueza,Huesca,22,Aragón
22137,Lanaja,Huesca,22,Aragón
22139,Laperdiguera,Huesca,22,Aragón
22141,Lascellas-Ponzano,Huesca,22,Aragón
22142,Lascuarre,Huesca,22,Aragón
22143,Laspaúles,Huesca,22,Aragón
22144,Laspuña,Huesca,22,Aragón
22149,Loarre,Huesca,22,Aragón
22150,Loporzano,Huesca,22,Aragón
22151,Loscorrales,Huesca,22,Aragón
22905,Lupiñén-Ortilla,Huesca,22,Aragón
22155,Monesma y Cajigar,Huesca,22,Aragón
22156,Monflorite-Lascasas,Huesca,22,Aragón
22157,Montanuy,Huesca,22,Aragón
22158,Monzón,Huesca,22,Aragón
22160,Naval,Huesca,22,Aragón
22162,Novales,Huesca,22,Aragón
22163,Nueno,Huesca,22,Aragón
22164,Olvena,Huesca,22,Aragón
22165,Ontiñena,Huesca,22,Aragón
22167,Osso de Cinca,Huesca,22,Aragón
22168,Palo,Huesca,22,Aragón
22170,Panticosa,Huesca,22,Aragón
22172,Peñalba,Huesca,22,Aragón
22173,"Peñas de Riglos, Las",Huesca,22,Aragón
22174,Peralta de Alcofea,Huesca,22,Aragón
22175,Peralta de Calasanz,Huesca,22,Aragón
22176,Peraltilla,Huesca,22,Aragón
22177,Perarrúa,Huesca,22,Aragón
22178,Pertusa,Huesca,22,Aragón
22181,Piracés,Huesca,22,Aragón
22182,Plan,Huesca,22,Aragón
22184,Poleñino,Huesca,22,Aragón
22186,Pozán de Vero,Huesca,22,Aragón
22187,"Puebla de Castro, La",Huesca,22,Aragón
22188,Puente de Montañana,Huesca,22,Aragón
22902,Puente la Reina de Jaca,Huesca,22,Aragón
22189,Puértolas,Huesca,22,Aragón
22190,"Pueyo de Araguás, El",Huesca,22,Aragón
22193,Pueyo de Santa Cruz,Huesca,22,Aragón
22195,Quicena,Huesca,22,Aragón
22197,Robres,Huesca,22,Aragón
22199,Sabiñánigo,Huesca,22,Aragón
22200,Sahún,Huesca,22,Aragón
22201,Salas Altas,Huesca,22,Aragón
22202,Salas Bajas,Huesca,22,Aragón
22203,Salillas,Huesca,22,Aragón
22204,Sallent de Gállego,Huesca,22,Aragón
22205,San Esteban de Litera,Huesca,22,Aragón
22207,San Juan de Plan,Huesca,22,Aragón
22903,San Miguel del Cinca,Huesca,22,Aragón
22206,Sangarrén,Huesca,22,Aragón
22208,Santa Cilia,Huesca,22,Aragón
22209,Santa Cruz de la Serós,Huesca,22,Aragón
22906,Santa María de Dulcis,Huesca,22,Aragón
22212,Santaliestra y San Quílez,Huesca,22,Aragón
22213,Sariñena,Huesca,22,Aragón
22214,Secastilla,Huesca,22,Aragón
22215,Seira,Huesca,22,Aragón
22217,Sena,Huesca,22,Aragón
22218,Senés de Alcubierre,Huesca,22,Aragón
22220,Sesa,Huesca,22,Aragón
22221,Sesué,Huesca,22,Aragón
22222,Siétamo,Huesca,22,Aragón
22223,Sopeira,Huesca,22,Aragón
22904,"Sotonera, La",Huesca,22,Aragón
22225,Tamarite de Litera,Huesca,22,Aragón
22226,Tardienta,Huesca,22,Aragón
22227,Tella-Sin,Huesca,22,Aragón
22228,Tierz,Huesca,22,Aragón
22229,Tolva,Huesca,22,Aragón
22230,Torla-Ordesa,Huesca,22,Aragón
22232,Torralba de Aragón,Huesca,22,Aragón
22233,Torre la Ribera,Huesca,22,Aragón
22234,Torrente de Cinca,Huesca,22,Aragón
22235,Torres de Alcanadre,Huesca,22,Aragón
22236,Torres de Barbués,Huesca,22,Aragón
22239,Tramaced,Huesca,22,Aragón
22242,Valfarta,Huesca,22,Aragón
22243,Valle de Bardají,Huesca,22,Aragón
22901,Valle de Hecho,Huesca,22,Aragón
22244,Valle de Lierp,Huesca,22,Aragón
22245,Velilla de Cinca,Huesca,22,Aragón
22909,Vencillón,Huesca,22,Aragón
22247,Viacamp y Litera,Huesca,22,Aragón
22248,Vicién,Huesca,22,Aragón
22249,Villanova,Huesca,22,Aragón
22250,Villanúa,Huesca,22,Aragón
22251,Villanueva de Sigena,Huesca,22,Aragón
22252,Yebra de Basa,Huesca,22,Aragón
22253,Yésero,Huesca,22,Aragón
22254,Zaidín,Huesca,22,Aragón
23001,Albanchez de Mágina,Jaén,23,Andalucía
23002,Alcalá la Real,Jaén,23,Andalucía
23003,Alcaudete,Jaén,23,Andalucía
23004,Aldeaquemada,Jaén,23,Andalucía
23005,Andújar,Jaén,23,Andalucía
23006,Arjona,Jaén,23,Andalucía
23007,Arjonilla,Jaén,23,Andalucía
23008,Arquillos,Jaén,23,Andalucía
23905,Arroyo del Ojanco,Jaén,23,Andalucía
23009,Baeza,Jaén,23,Andalucía
23010,Bailén,Jaén,23,Andalucía
23011,Baños de la Encina,Jaén,23,Andalucía
23012,Beas de Segura,Jaén,23,Andalucía
23902,Bedmar y Garcíez,Jaén,23,Andalucía
23014,Begíjar,Jaén,23,Andalucía
23015,Bélmez de la Moraleda,Jaén,23,Andalucía
23016,Benatae,Jaén,23,Andalucía
23017,Cabra del Santo Cristo,Jaén,23,Andalucía
23018,Cambil,Jaén,23,Andalucía
23019,Campillo de Arenas,Jaén,23,Andalucía
23020,Canena,Jaén,23,Andalucía
23021,Carboneros,Jaén,23,Andalucía
23901,Cárcheles,Jaén,23,Andalucía
23024,"Carolina, La",Jaén,23,Andalucía
23025,Castellar,Jaén,23,Andalucía
23026,Castillo de Locubín,Jaén,23,Andalucía
23027,Cazalilla,Jaén,23,Andalucía
23028,Cazorla,Jaén,23,Andalucía
23029,Chiclana de Segura,Jaén,23,Andalucía
23030,Chilluévar,Jaén,23,Andalucía
23031,Escañuela,Jaén,23,Andalucía
23032,Espeluy,Jaén,23,Andalucía
23033,Frailes,Jaén,23,Andalucía
23034,Fuensanta de Martos,Jaén,23,Andalucía
23035,Fuerte del Rey,Jaén,23,Andalucía
23037,Génave,Jaén,23,Andalucía
23038,"Guardia de Jaén, La",Jaén,23,Andalucía
23039,Guarromán,Jaén,23,Andalucía
23041,Higuera de Calatrava,Jaén,23,Andalucía
23042,Hinojares,Jaén,23,Andalucía
23043,Hornos,Jaén,23,Andalucía
23044,Huelma,Jaén,23,Andalucía
23045,Huesa,Jaén,23,Andalucía
23046,Ibros,Jaén,23,Andalucía
23047,"Iruela, La",Jaén,23,Andalucía
23048,Iznatoraf,Jaén,23,Andalucía
23049,Jabalquinto,Jaén,23,Andalucía
23050,Jaén,Jaén,23,Andalucía
23051,Jamilena,Jaén,23,Andalucía
23052,Jimena,Jaén,23,Andalucía
23053,Jódar,Jaén,23,Andalucía
23040,Lahiguera,Jaén,23,Andalucía
23054,Larva,Jaén,23,Andalucía
23055,Linares,Jaén,23,Andalucía
23056,Lopera,Jaén,23,Andalucía
23057,Lupión,Jaén,23,Andalucía
23058,Mancha Real,Jaén,23,Andalucía
23059,Marmolejo,Jaén,23,Andalucía
23060,Martos,Jaén,23,Andalucía
23061,Mengíbar,Jaén,23,Andalucía
23062,Montizón,Jaén,23,Andalucía
23063,Navas de San Juan,Jaén,23,Andalucía
23064,Noalejo,Jaén,23,Andalucía
23065,Orcera,Jaén,23,Andalucía
23066,Peal de Becerro,Jaén,23,Andalucía
23067,Pegalajar,Jaén,23,Andalucía
23069,Porcuna,Jaén,23,Andalucía
23070,Pozo Alcón,Jaén,23,Andalucía
23071,Puente de Génave,Jaén,23,Andalucía
23072,"Puerta de Segura, La",Jaén,23,Andalucía
23073,Quesada,Jaén,23,Andalucía
23074,Rus,Jaén,23,Andalucía
23075,Sabiote,Jaén,23,Andalucía
23076,Santa Elena,Jaén,23,Andalucía
23077,Santiago de Calatrava,Jaén,23,Andalucía
23904,Santiago-Pontones,Jaén,23,Andalucía
23079,Santisteban del Puerto,Jaén,23,Andalucía
23080,Santo Tomé,Jaén,23,Andalucía
23081,Segura de la Sierra,Jaén,23,Andalucía
23082,Siles,Jaén,23,Andalucía
23084,Sorihuela del Guadalimar,Jaén,23,Andalucía
23085,Torreblascopedro,Jaén,23,Andalucía
23086,Torredelcampo,Jaén,23,Andalucía
23087,Torredonjimeno,Jaén,23,Andalucía
23088,Torreperogil,Jaén,23,Andalucía
23090,Torres,Jaén,23,Andalucía
23091,Torres de Albánchez,Jaén,23,Andalucía
23092,Úbeda,Jaén,23,Andalucía
23093,Valdepeñas de Jaén,Jaén,23,Andalucía
23094,Vilches,Jaén,23,Andalucía
23095,Villacarrillo,Jaén,23,Andalucía
23096,Villanueva de la Reina,Jaén,23,Andalucía
23097,Villanueva del Arzobispo,Jaén,23,Andalucía
23098,Villardompardo,Jaén,23,Andalucía
23099,"Villares, Los",Jaén,23,Andalucía
23101,Villarrodrigo,Jaén,23,Andalucía
23903,Villatorres,Jaén,23,Andalucía
24001,Acebedo,León,24,Castilla y León
24002,Algadefe,León,24,Castilla y León
24003,Alija del Infantado,León,24,Castilla y León
24004,Almanza,León,24,Castilla y León
24005,"Antigua, La",León,24,Castilla y León
24006,Ardón,León,24,Castilla y León
24007,Arganza,León,24,Castilla y León
24008,Astorga,León,24,Castilla y León
24009,Balboa,León,24,Castilla y León
24010,"Bañeza, La",León,24,Castilla y León
24011,Barjas,León,24,Castilla y León
24012,"Barrios de Luna, Los",León,24,Castilla y León
24014,Bembibre,León,24,Castilla y León
24015,Benavides,León,24,Castilla y León
24016,Benuza,León,24,Castilla y León
24017,Bercianos del Páramo,León,24,Castilla y León
24018,Bercianos del Real Camino,León,24,Castilla y León
24019,Berlanga del Bierzo,León,24,Castilla y León
24020,Boca de Huérgano,León,24,Castilla y León
24021,Boñar,León,24,Castilla y León
24022,Borrenes,León,24,Castilla y León
24023,Brazuelo,León,24,Castilla y León
24024,"Burgo Ranero, El",León,24,Castilla y León
24025,Burón,León,24,Castilla y León
24026,Bustillo del Páramo,León,24,Castilla y León
24027,Cabañas Raras,León,24,Castilla y León
24028,Cabreros del Río,León,24,Castilla y León
24029,Cabrillanes,León,24,Castilla y León
24030,Cacabelos,León,24,Castilla y León
24031,Calzada del Coto,León,24,Castilla y León
24032,Campazas,León,24,Castilla y León
24033,Campo de Villavidel,León,24,Castilla y León
24034,Camponaraya,León,24,Castilla y León
24037,Cármenes,León,24,Castilla y León
24038,Carracedelo,León,24,Castilla y León
24039,Carrizo,León,24,Castilla y León
24040,Carrocera,León,24,Castilla y León
24041,Carucedo,León,24,Castilla y León
24042,Castilfalé,León,24,Castilla y León
24043,Castrillo de Cabrera,León,24,Castilla y León
24044,Castrillo de la Valduerna,León,24,Castilla y León
24046,Castrocalbón,León,24,Castilla y León
24047,Castrocontrigo,León,24,Castilla y León
24049,Castropodame,León,24,Castilla y León
24050,Castrotierra de Valmadrigal,León,24,Castilla y León
24051,Cea,León,24,Castilla y León
24052,Cebanico,León,24,Castilla y León
24053,Cebrones del Río,León,24,Castilla y León
24065,Chozas de Abajo,León,24,Castilla y León
24054,Cimanes de la Vega,León,24,Castilla y León
24055,Cimanes del Tejar,León,24,Castilla y León
24056,Cistierna,León,24,Castilla y León
24057,Congosto,León,24,Castilla y León
24058,Corbillos de los Oteros,León,24,Castilla y León
24059,Corullón,León,24,Castilla y León
24060,Crémenes,León,24,Castilla y León
24061,Cuadros,León,24,Castilla y León
24062,Cubillas de los Oteros,León,24,Castilla y León
24063,Cubillas de Rueda,León,24,Castilla y León
24064,Cubillos del Sil,León,24,Castilla y León
24066,Destriana,León,24,Castilla y León
24067,Encinedo,León,24,Castilla y León
24068,"Ercina, La",León,24,Castilla y León
24069,Escobar de Campos,León,24,Castilla y León
24070,Fabero,León,24,Castilla y León
24071,Folgoso de la Ribera,León,24,Castilla y León
24073,Fresno de la Vega,León,24,Castilla y León
24074,Fuentes de Carbajal,León,24,Castilla y León
24076,Garrafe de Torío,León,24,Castilla y León
24077,Gordaliza del Pino,León,24,Castilla y León
24078,Gordoncillo,León,24,Castilla y León
24079,Gradefes,León,24,Castilla y León
24080,Grajal de Campos,León,24,Castilla y León
24081,Gusendos de los Oteros,León,24,Castilla y León
24082,Hospital de Órbigo,León,24,Castilla y León
24083,Igüeña,León,24,Castilla y León
24084,Izagre,León,24,Castilla y León
24086,Joarilla de las Matas,León,24,Castilla y León
24087,Laguna Dalga,León,24,Castilla y León
24088,Laguna de Negrillos,León,24,Castilla y León
24089,León,León,24,Castilla y León
24092,Llamas de la Ribera,León,24,Castilla y León
24090,Lucillo,León,24,Castilla y León
24091,Luyego,León,24,Castilla y León
24093,Magaz de Cepeda,León,24,Castilla y León
24094,Mansilla de las Mulas,León,24,Castilla y León
24095,Mansilla Mayor,León,24,Castilla y León
24096,Maraña,León,24,Castilla y León
24097,Matadeón de los Oteros,León,24,Castilla y León
24098,Matallana de Torío,León,24,Castilla y León
24099,Matanza,León,24,Castilla y León
24100,Molinaseca,León,24,Castilla y León
24101,Murias de Paredes,León,24,Castilla y León
24102,Noceda del Bierzo,León,24,Castilla y León
24103,Oencia,León,24,Castilla y León
24104,"Omañas, Las",León,24,Castilla y León
24105,Onzonilla,León,24,Castilla y León
24106,Oseja de Sajambre,León,24,Castilla y León
24107,Pajares de los Oteros,León,24,Castilla y León
24108,Palacios de la Valduerna,León,24,Castilla y León
24109,Palacios del Sil,León,24,Castilla y León
24110,Páramo del Sil,León,24,Castilla y León
24112,Peranzanes,León,24,Castilla y León
24113,Pobladura de Pelayo García,León,24,Castilla y León
24114,"Pola de Gordón, La",León,24,Castilla y León
24115,Ponferrada,León,24,Castilla y León
24116,Posada de Valdeón,León,24,Castilla y León
24117,Pozuelo del Páramo,León,24,Castilla y León
24118,Prado de la Guzpeña,León,24,Castilla y León
24119,Priaranza del Bierzo,León,24,Castilla y León
24120,Prioro,León,24,Castilla y León
24121,Puebla de Lillo,León,24,Castilla y León
24122,Puente de Domingo Flórez,León,24,Castilla y León
24123,Quintana del Castillo,León,24,Castilla y León
24124,Quintana del Marco,León,24,Castilla y León
24125,Quintana y Congosto,León,24,Castilla y León
24127,Regueras de Arriba,León,24,Castilla y León
24129,Reyero,León,24,Castilla y León
24130,Riaño,León,24,Castilla y León
24131,Riego de la Vega,León,24,Castilla y León
24132,Riello,León,24,Castilla y León
24133,Rioseco de Tapia,León,24,Castilla y León
24134,"Robla, La",León,24,Castilla y León
24136,Roperuelos del Páramo,León,24,Castilla y León
24137,Sabero,León,24,Castilla y León
24139,Sahagún,León,24,Castilla y León
24141,San Adrián del Valle,León,24,Castilla y León
24142,San Andrés del Rabanedo,León,24,Castilla y León
24144,San Cristóbal de la Polantera,León,24,Castilla y León
24145,San Emiliano,León,24,Castilla y León
24146,San Esteban de Nogales,León,24,Castilla y León
24148,San Justo de la Vega,León,24,Castilla y León
24149,San Millán de los Caballeros,León,24,Castilla y León
24150,San Pedro Bercianos,León,24,Castilla y León
24143,Sancedo,León,24,Castilla y León
24151,Santa Colomba de Curueño,León,24,Castilla y León
24152,Santa Colomba de Somoza,León,24,Castilla y León
24153,Santa Cristina de Valmadrigal,León,24,Castilla y León
24154,Santa Elena de Jamuz,León,24,Castilla y León
24155,Santa María de la Isla,León,24,Castilla y León
24158,Santa María de Ordás,León,24,Castilla y León
24156,Santa María del Monte de Cea,León,24,Castilla y León
24157,Santa María del Páramo,León,24,Castilla y León
24159,Santa Marina del Rey,León,24,Castilla y León
24160,Santas Martas,León,24,Castilla y León
24161,Santiago Millas,León,24,Castilla y León
24162,Santovenia de la Valdoncina,León,24,Castilla y León
24163,Sariegos,León,24,Castilla y León
24164,Sena de Luna,León,24,Castilla y León
24165,Sobrado,León,24,Castilla y León
24166,Soto de la Vega,León,24,Castilla y León
24167,Soto y Amío,León,24,Castilla y León
24168,Toral de los Guzmanes,León,24,Castilla y León
24206,Toral de los Vados,León,24,Castilla y León
24169,Toreno,León,24,Castilla y León
24170,Torre del Bierzo,León,24,Castilla y León
24171,Trabadelo,León,24,Castilla y León
24172,Truchas,León,24,Castilla y León
24173,Turcia,León,24,Castilla y León
24174,Urdiales del Páramo,León,24,Castilla y León
24185,Val de San Lorenzo,León,24,Castilla y León
24175,Valdefresno,León,24,Castilla y León
24176,Valdefuentes del Páramo,León,24,Castilla y León
24177,Valdelugueros,León,24,Castilla y León
24178,Valdemora,León,24,Castilla y León
24179,Valdepiélago,León,24,Castilla y León
24180,Valdepolo,León,24,Castilla y León
24181,Valderas,León,24,Castilla y León
24182,Valderrey,León,24,Castilla y León
24183,Valderrueda,León,24,Castilla y León
24184,Valdesamario,León,24,Castilla y León
24187,Valdevimbre,León,24,Castilla y León
24188,Valencia de Don Juan,León,24,Castilla y León
24036,Valle de Ancares,León,24,Castilla y León
24191,Vallecillo,León,24,Castilla y León
24189,Valverde de la Virgen,León,24,Castilla y León
24190,Valverde-Enrique,León,24,Castilla y León
24193,"Vecilla, La",León,24,Castilla y León
24196,Vega de Espinareda,León,24,Castilla y León
24197,Vega de Infanzones,León,24,Castilla y León
24198,Vega de Valcarce,León,24,Castilla y León
24194,Vegacervera,León,24,Castilla y León
24199,Vegaquemada,León,24,Castilla y León
24201,Vegas del Condado,León,24,Castilla y León
24202,Villablino,León,24,Castilla y León
24203,Villabraz,León,24,Castilla y León
24205,Villadangos del Páramo,León,24,Castilla y León
24207,Villademor de la Vega,León,24,Castilla y León
24209,Villafranca del Bierzo,León,24,Castilla y León
24210,Villagatón,León,24,Castilla y León
24211,Villamandos,León,24,Castilla y León
24901,Villamanín,León,24,Castilla y León
24212,Villamañán,León,24,Castilla y León
24213,Villamartín de Don Sancho,León,24,Castilla y León
24214,Villamejil,León,24,Castilla y León
24215,Villamol,León,24,Castilla y León
24216,Villamontán de la Valduerna,León,24,Castilla y León
24217,Villamoratiel de las Matas,León,24,Castilla y León
24218,Villanueva de las Manzanas,León,24,Castilla y León
24219,Villaobispo de Otero,León,24,Castilla y León
24902,Villaornate y Castro,León,24,Castilla y León
24221,Villaquejida,León,24,Castilla y León
24222,Villaquilambre,León,24,Castilla y León
24223,Villarejo de Órbigo,León,24,Castilla y León
24224,Villares de Órbigo,León,24,Castilla y León
24225,Villasabariego,León,24,Castilla y León
24226,Villaselán,León,24,Castilla y León
24227,Villaturiel,León,24,Castilla y León
24228,Villazala,León,24,Castilla y León
24229,Villazanzo de Valderaduey,León,24,Castilla y León
24230,Zotes del Páramo,León,24,Castilla y León
25001,Abella de la Conca,Lleida,25,Cataluña
25002,Àger,Lleida,25,Cataluña
25003,Agramunt,Lleida,25,Cataluña
25038,Aitona,Lleida,25,Cataluña
25004,"Alamús, Els",Lleida,25,Cataluña
25005,Alàs i Cerc,Lleida,25,Cataluña
25006,"Albagés, L'",Lleida,25,Cataluña
25007,Albatàrrec,Lleida,25,Cataluña
25008,Albesa,Lleida,25,Cataluña
25009,"Albi, L'",Lleida,25,Cataluña
25010,Alcanó,Lleida,25,Cataluña
25011,Alcarràs,Lleida,25,Cataluña
25012,Alcoletge,Lleida,25,Cataluña
25013,Alfarràs,Lleida,25,Cataluña
25014,Alfés,Lleida,25,Cataluña
25015,Algerri,Lleida,25,Cataluña
25016,Alguaire,Lleida,25,Cataluña
25017,Alins,Lleida,25,Cataluña
25019,Almacelles,Lleida,25,Cataluña
25020,Almatret,Lleida,25,Cataluña
25021,Almenar,Lleida,25,Cataluña
25022,Alòs de Balaguer,Lleida,25,Cataluña
25023,Alpicat,Lleida,25,Cataluña
25024,Alt Àneu,Lleida,25,Cataluña
25027,Anglesola,Lleida,25,Cataluña
25029,Arbeca,Lleida,25,Cataluña
25031,Arres,Lleida,25,Cataluña
25032,Arsèguel,Lleida,25,Cataluña
25033,Artesa de Lleida,Lleida,25,Cataluña
25034,Artesa de Segre,Lleida,25,Cataluña
25036,Aspa,Lleida,25,Cataluña
25037,"Avellanes i Santa Linya, Les",Lleida,25,Cataluña
25039,Baix Pallars,Lleida,25,Cataluña
25040,Balaguer,Lleida,25,Cataluña
25041,Barbens,Lleida,25,Cataluña
25042,"Baronia de Rialb, La",Lleida,25,Cataluña
25044,Bassella,Lleida,25,Cataluña
25045,Bausen,Lleida,25,Cataluña
25046,Belianes,Lleida,25,Cataluña
25170,Bellaguarda,Lleida,25,Cataluña
25047,Bellcaire d'Urgell,Lleida,25,Cataluña
25048,Bell-lloc d'Urgell,Lleida,25,Cataluña
25049,Bellmunt d'Urgell,Lleida,25,Cataluña
25050,Bellpuig,Lleida,25,Cataluña
25051,Bellver de Cerdanya,Lleida,25,Cataluña
25052,Bellvís,Lleida,25,Cataluña
25053,Benavent de Segrià,Lleida,25,Cataluña
25055,Biosca,Lleida,25,Cataluña
25057,"Bòrdes, Es",Lleida,25,Cataluña
25058,"Borges Blanques, Les",Lleida,25,Cataluña
25059,Bossòst,Lleida,25,Cataluña
25056,Bovera,Lleida,25,Cataluña
25060,Cabanabona,Lleida,25,Cataluña
25061,Cabó,Lleida,25,Cataluña
25062,Camarasa,Lleida,25,Cataluña
25063,Canejan,Lleida,25,Cataluña
25904,Castell de Mur,Lleida,25,Cataluña
25064,Castellar de la Ribera,Lleida,25,Cataluña
25067,Castelldans,Lleida,25,Cataluña
25068,Castellnou de Seana,Lleida,25,Cataluña
25069,Castelló de Farfanya,Lleida,25,Cataluña
25070,Castellserà,Lleida,25,Cataluña
25071,Cava,Lleida,25,Cataluña
25072,Cervera,Lleida,25,Cataluña
25073,Cervià de les Garrigues,Lleida,25,Cataluña
25074,Ciutadilla,Lleida,25,Cataluña
25075,Clariana de Cardener,Lleida,25,Cataluña
25076,"Cogul, El",Lleida,25,Cataluña
25077,Coll de Nargó,Lleida,25,Cataluña
25163,"Coma i la Pedra, La",Lleida,25,Cataluña
25161,Conca de Dalt,Lleida,25,Cataluña
25078,Corbins,Lleida,25,Cataluña
25079,Cubells,Lleida,25,Cataluña
25081,"Espluga Calba, L'",Lleida,25,Cataluña
25082,Espot,Lleida,25,Cataluña
25088,Estamariu,Lleida,25,Cataluña
25085,Estaràs,Lleida,25,Cataluña
25086,Esterri d'Àneu,Lleida,25,Cataluña
25087,Esterri de Cardós,Lleida,25,Cataluña
25089,Farrera,Lleida,25,Cataluña
25908,Fígols i Alinyà,Lleida,25,Cataluña
25092,"Floresta, La",Lleida,25,Cataluña
25093,Fondarella,Lleida,25,Cataluña
25094,Foradada,Lleida,25,Cataluña
25096,"Fuliola, La",Lleida,25,Cataluña
25097,Fulleda,Lleida,25,Cataluña
25098,Gavet de la Conca,Lleida,25,Cataluña
25912,Gimenells i el Pla de la Font,Lleida,25,Cataluña
25099,Golmés,Lleida,25,Cataluña
25100,Gósol,Lleida,25,Cataluña
25101,"Granadella, La",Lleida,25,Cataluña
25102,"Granja d'Escarp, La",Lleida,25,Cataluña
25103,Granyanella,Lleida,25,Cataluña
25105,Granyena de les Garrigues,Lleida,25,Cataluña
25104,Granyena de Segarra,Lleida,25,Cataluña
25109,Guimerà,Lleida,25,Cataluña
25903,"Guingueta d'Àneu, La",Lleida,25,Cataluña
25110,Guissona,Lleida,25,Cataluña
25111,Guixers,Lleida,25,Cataluña
25115,Isona i Conca Dellà,Lleida,25,Cataluña
25112,Ivars de Noguera,Lleida,25,Cataluña
25113,Ivars d'Urgell,Lleida,25,Cataluña
25114,Ivorra,Lleida,25,Cataluña
25910,Josa i Tuixén,Lleida,25,Cataluña
25118,Juncosa,Lleida,25,Cataluña
25119,Juneda,Lleida,25,Cataluña
25121,Les,Lleida,25,Cataluña
25122,Linyola,Lleida,25,Cataluña
25123,Lladorre,Lleida,25,Cataluña
25124,Lladurs,Lleida,25,Cataluña
25125,Llardecans,Lleida,25,Cataluña
25126,Llavorsí,Lleida,25,Cataluña
25120,Lleida,Lleida,25,Cataluña
25127,Lles de Cerdanya,Lleida,25,Cataluña
25128,Llimiana,Lleida,25,Cataluña
25129,Llobera,Lleida,25,Cataluña
25133,Maials,Lleida,25,Cataluña
25130,Maldà,Lleida,25,Cataluña
25131,Massalcoreig,Lleida,25,Cataluña
25132,Massoteres,Lleida,25,Cataluña
25134,Menàrguens,Lleida,25,Cataluña
25135,Miralcamp,Lleida,25,Cataluña
25137,Mollerussa,Lleida,25,Cataluña
25136,"Molsosa, La",Lleida,25,Cataluña
25139,Montellà i Martinet,Lleida,25,Cataluña
25140,Montferrer i Castellbò,Lleida,25,Cataluña
25138,Montgai,Lleida,25,Cataluña
25142,Montoliu de Lleida,Lleida,25,Cataluña
25141,Montoliu de Segarra,Lleida,25,Cataluña
25143,Montornès de Segarra,Lleida,25,Cataluña
25145,Nalec,Lleida,25,Cataluña
25025,Naut Aran,Lleida,25,Cataluña
25146,Navès,Lleida,25,Cataluña
25148,Odèn,Lleida,25,Cataluña
25149,Oliana,Lleida,25,Cataluña
25150,Oliola,Lleida,25,Cataluña
25151,Olius,Lleida,25,Cataluña
25152,"Oluges, Les",Lleida,25,Cataluña
25153,"Omellons, Els",Lleida,25,Cataluña
25154,"Omells de na Gaia, Els",Lleida,25,Cataluña
25155,Organyà,Lleida,25,Cataluña
25156,Os de Balaguer,Lleida,25,Cataluña
25157,Ossó de Sió,Lleida,25,Cataluña
25158,"Palau d'Anglesola, El",Lleida,25,Cataluña
25164,Penelles,Lleida,25,Cataluña
25165,Peramola,Lleida,25,Cataluña
25166,Pinell de Solsonès,Lleida,25,Cataluña
25167,Pinós,Lleida,25,Cataluña
25911,"Plans de Sió, Els",Lleida,25,Cataluña
25168,"Poal, El",Lleida,25,Cataluña
25169,"Pobla de Cérvoles, La",Lleida,25,Cataluña
25171,"Pobla de Segur, La",Lleida,25,Cataluña
25030,"Pont de Bar, El",Lleida,25,Cataluña
25173,"Pont de Suert, El",Lleida,25,Cataluña
25172,Ponts,Lleida,25,Cataluña
25174,"Portella, La",Lleida,25,Cataluña
25175,Prats i Sansor,Lleida,25,Cataluña
25176,Preixana,Lleida,25,Cataluña
25177,Preixens,Lleida,25,Cataluña
25179,Prullans,Lleida,25,Cataluña
25180,Puiggròs,Lleida,25,Cataluña
25181,Puigverd d'Agramunt,Lleida,25,Cataluña
25182,Puigverd de Lleida,Lleida,25,Cataluña
25183,Rialp,Lleida,25,Cataluña
25905,Ribera d'Ondara,Lleida,25,Cataluña
25185,Ribera d'Urgellet,Lleida,25,Cataluña
25186,Riner,Lleida,25,Cataluña
25913,Riu de Cerdanya,Lleida,25,Cataluña
25189,Rosselló,Lleida,25,Cataluña
25190,Salàs de Pallars,Lleida,25,Cataluña
25191,Sanaüja,Lleida,25,Cataluña
25196,Sant Esteve de la Sarga,Lleida,25,Cataluña
25192,Sant Guim de Freixenet,Lleida,25,Cataluña
25197,Sant Guim de la Plana,Lleida,25,Cataluña
25193,Sant Llorenç de Morunys,Lleida,25,Cataluña
25902,Sant Martí de Riucorb,Lleida,25,Cataluña
25194,Sant Ramon,Lleida,25,Cataluña
25201,Sarroca de Bellera,Lleida,25,Cataluña
25200,Sarroca de Lleida,Lleida,25,Cataluña
25202,Senterada,Lleida,25,Cataluña
25035,"Sentiu de Sió, La",Lleida,25,Cataluña
25204,Seròs,Lleida,25,Cataluña
25203,"Seu d'Urgell, La",Lleida,25,Cataluña
25205,Sidamon,Lleida,25,Cataluña
25206,"Soleràs, El",Lleida,25,Cataluña
25207,Solsona,Lleida,25,Cataluña
25208,Soriguera,Lleida,25,Cataluña
25209,Sort,Lleida,25,Cataluña
25210,Soses,Lleida,25,Cataluña
25211,Sudanell,Lleida,25,Cataluña
25212,Sunyer,Lleida,25,Cataluña
25215,Talarn,Lleida,25,Cataluña
25216,Talavera,Lleida,25,Cataluña
25217,Tàrrega,Lleida,25,Cataluña
25218,Tarrés,Lleida,25,Cataluña
25219,Tarroja de Segarra,Lleida,25,Cataluña
25220,Térmens,Lleida,25,Cataluña
25221,Tírvia,Lleida,25,Cataluña
25222,Tiurana,Lleida,25,Cataluña
25223,Torà,Lleida,25,Cataluña
25224,"Torms, Els",Lleida,25,Cataluña
25225,Tornabous,Lleida,25,Cataluña
25227,"Torre de Cabdella, La",Lleida,25,Cataluña
25226,Torrebesses,Lleida,25,Cataluña
25228,Torrefarrera,Lleida,25,Cataluña
25907,Torrefeta i Florejacs,Lleida,25,Cataluña
25230,Torregrossa,Lleida,25,Cataluña
25231,Torrelameu,Lleida,25,Cataluña
25232,Torres de Segre,Lleida,25,Cataluña
25233,Torre-serona,Lleida,25,Cataluña
25234,Tremp,Lleida,25,Cataluña
25043,"Vall de Boí, La",Lleida,25,Cataluña
25901,Vall de Cardós,Lleida,25,Cataluña
25238,Vallbona de les Monges,Lleida,25,Cataluña
25240,Vallfogona de Balaguer,Lleida,25,Cataluña
25906,"Valls d'Aguilar, Les",Lleida,25,Cataluña
25239,"Valls de Valira, Les",Lleida,25,Cataluña
25909,"Vansa i Fórnols, La",Lleida,25,Cataluña
25242,Verdú,Lleida,25,Cataluña
25243,Vielha e Mijaran,Lleida,25,Cataluña
25244,Vilagrassa,Lleida,25,Cataluña
25245,Vilaller,Lleida,25,Cataluña
25247,Vilamòs,Lleida,25,Cataluña
25248,Vilanova de Bellpuig,Lleida,25,Cataluña
25254,Vilanova de la Barca,Lleida,25,Cataluña
25249,Vilanova de l'Aguda,Lleida,25,Cataluña
25250,Vilanova de Meià,Lleida,25,Cataluña
25251,Vilanova de Segrià,Lleida,25,Cataluña
25252,Vila-sana,Lleida,25,Cataluña
25253,"Vilosell, El",Lleida,25,Cataluña
25255,Vinaixa,Lleida,25,Cataluña
26001,Ábalos,La Rioja,26,"Rioja, La"
26002,Agoncillo,La Rioja,26,"Rioja, La"
26003,Aguilar del Río Alhama,La Rioja,26,"Rioja, La"
26004,Ajamil de Cameros,La Rioja,26,"Rioja, La"
26005,Albelda de Iregua,La Rioja,26,"Rioja, La"
26006,Alberite,La Rioja,26,"Rioja, La"
26007,Alcanadre,La Rioja,26,"Rioja, La"
26008,Aldeanueva de Ebro,La Rioja,26,"Rioja, La"
26009,Alesanco,La Rioja,26,"Rioja, La"
26010,Alesón,La Rioja,26,"Rioja, La"
26011,Alfaro,La Rioja,26,"Rioja, La"
26012,Almarza de Cameros,La Rioja,26,"Rioja, La"
26013,Anguciana,La Rioja,26,"Rioja, La"
26014,Anguiano,La Rioja,26,"Rioja, La"
26015,Arenzana de Abajo,La Rioja,26,"Rioja, La"
26016,Arenzana de Arriba,La Rioja,26,"Rioja, La"
26017,Arnedillo,La Rioja,26,"Rioja, La"
26018,Arnedo,La Rioja,26,"Rioja, La"
26019,Arrúbal,La Rioja,26,"Rioja, La"
26020,Ausejo,La Rioja,26,"Rioja, La"
26021,Autol,La Rioja,26,"Rioja, La"
26022,Azofra,La Rioja,26,"Rioja, La"
26023,Badarán,La Rioja,26,"Rioja, La"
26024,Bañares,La Rioja,26,"Rioja, La"
26026,Baños de Río Tobía,La Rioja,26,"Rioja, La"
26025,Baños de Rioja,La Rioja,26,"Rioja, La"
26027,Berceo,La Rioja,26,"Rioja, La"
26028,Bergasa,La Rioja,26,"Rioja, La"
26029,Bergasillas Bajera,La Rioja,26,"Rioja, La"
26030,Bezares,La Rioja,26,"Rioja, La"
26031,Bobadilla,La Rioja,26,"Rioja, La"
26032,Brieva de Cameros,La Rioja,26,"Rioja, La"
26033,Briñas,La Rioja,26,"Rioja, La"
26034,Briones,La Rioja,26,"Rioja, La"
26035,Cabezón de Cameros,La Rioja,26,"Rioja, La"
26036,Calahorra,La Rioja,26,"Rioja, La"
26037,Camprovín,La Rioja,26,"Rioja, La"
26038,Canales de la Sierra,La Rioja,26,"Rioja, La"
26039,Canillas de Río Tuerto,La Rioja,26,"Rioja, La"
26040,Cañas,La Rioja,26,"Rioja, La"
26041,Cárdenas,La Rioja,26,"Rioja, La"
26042,Casalarreina,La Rioja,26,"Rioja, La"
26043,Castañares de Rioja,La Rioja,26,"Rioja, La"
26044,Castroviejo,La Rioja,26,"Rioja, La"
26045,Cellorigo,La Rioja,26,"Rioja, La"
26046,Cenicero,La Rioja,26,"Rioja, La"
26047,Cervera del Río Alhama,La Rioja,26,"Rioja, La"
26048,Cidamón,La Rioja,26,"Rioja, La"
26049,Cihuri,La Rioja,26,"Rioja, La"
26050,Cirueña,La Rioja,26,"Rioja, La"
26051,Clavijo,La Rioja,26,"Rioja, La"
26052,Cordovín,La Rioja,26,"Rioja, La"
26053,Corera,La Rioja,26,"Rioja, La"
26054,Cornago,La Rioja,26,"Rioja, La"
26055,Corporales,La Rioja,26,"Rioja, La"
26056,Cuzcurrita de Río Tirón,La Rioja,26,"Rioja, La"
26057,Daroca de Rioja,La Rioja,26,"Rioja, La"
26058,Enciso,La Rioja,26,"Rioja, La"
26059,Entrena,La Rioja,26,"Rioja, La"
26060,Estollo,La Rioja,26,"Rioja, La"
26061,Ezcaray,La Rioja,26,"Rioja, La"
26062,Foncea,La Rioja,26,"Rioja, La"
26063,Fonzaleche,La Rioja,26,"Rioja, La"
26064,Fuenmayor,La Rioja,26,"Rioja, La"
26065,Galbárruli,La Rioja,26,"Rioja, La"
26066,Galilea,La Rioja,26,"Rioja, La"
26067,Gallinero de Cameros,La Rioja,26,"Rioja, La"
26068,Gimileo,La Rioja,26,"Rioja, La"
26069,Grañón,La Rioja,26,"Rioja, La"
26070,Grávalos,La Rioja,26,"Rioja, La"
26071,Haro,La Rioja,26,"Rioja, La"
26072,Herce,La Rioja,26,"Rioja, La"
26073,Herramélluri,La Rioja,26,"Rioja, La"
26074,Hervías,La Rioja,26,"Rioja, La"
26075,Hormilla,La Rioja,26,"Rioja, La"
26076,Hormilleja,La Rioja,26,"Rioja, La"
26077,Hornillos de Cameros,La Rioja,26,"Rioja, La"
26078,Hornos de Moncalvillo,La Rioja,26,"Rioja, La"
26079,Huércanos,La Rioja,26,"Rioja, La"
26080,Igea,La Rioja,26,"Rioja, La"
26081,Jalón de Cameros,La Rioja,26,"Rioja, La"
26082,Laguna de Cameros,La Rioja,26,"Rioja, La"
26083,Lagunilla del Jubera,La Rioja,26,"Rioja, La"
26084,Lardero,La Rioja,26,"Rioja, La"
26086,Ledesma de la Cogolla,La Rioja,26,"Rioja, La"
26087,Leiva,La Rioja,26,"Rioja, La"
26088,Leza de Río Leza,La Rioja,26,"Rioja, La"
26089,Logroño,La Rioja,26,"Rioja, La"
26091,Lumbreras de Cameros,La Rioja,26,"Rioja, La"
26092,Manjarrés,La Rioja,26,"Rioja, La"
26093,Mansilla de la Sierra,La Rioja,26,"Rioja, La"
26094,Manzanares de Rioja,La Rioja,26,"Rioja, La"
26095,Matute,La Rioja,26,"Rioja, La"
26096,Medrano,La Rioja,26,"Rioja, La"
26098,Munilla,La Rioja,26,"Rioja, La"
26099,Murillo de Río Leza,La Rioja,26,"Rioja, La"
26100,Muro de Aguas,La Rioja,26,"Rioja, La"
26101,Muro en Cameros,La Rioja,26,"Rioja, La"
26102,Nájera,La Rioja,26,"Rioja, La"
26103,Nalda,La Rioja,26,"Rioja, La"
26104,Navajún,La Rioja,26,"Rioja, La"
26105,Navarrete,La Rioja,26,"Rioja, La"
26106,Nestares,La Rioja,26,"Rioja, La"
26107,Nieva de Cameros,La Rioja,26,"Rioja, La"
26109,Ochánduri,La Rioja,26,"Rioja, La"
26108,Ocón,La Rioja,26,"Rioja, La"
26110,Ojacastro,La Rioja,26,"Rioja, La"
26111,Ollauri,La Rioja,26,"Rioja, La"
26112,Ortigosa de Cameros,La Rioja,26,"Rioja, La"
26113,Pazuengos,La Rioja,26,"Rioja, La"
26114,Pedroso,La Rioja,26,"Rioja, La"
26115,Pinillos,La Rioja,26,"Rioja, La"
26117,Pradejón,La Rioja,26,"Rioja, La"
26118,Pradillo,La Rioja,26,"Rioja, La"
26119,Préjano,La Rioja,26,"Rioja, La"
26120,Quel,La Rioja,26,"Rioja, La"
26121,Rabanera,La Rioja,26,"Rioja, La"
26122,"Rasillo de Cameros, El",La Rioja,26,"Rioja, La"
26123,"Redal, El",La Rioja,26,"Rioja, La"
26124,Ribafrecha,La Rioja,26,"Rioja, La"
26125,Rincón de Soto,La Rioja,26,"Rioja, La"
26126,Robres del Castillo,La Rioja,26,"Rioja, La"
26127,Rodezno,La Rioja,26,"Rioja, La"
26128,Sajazarra,La Rioja,26,"Rioja, La"
26129,San Asensio,La Rioja,26,"Rioja, La"
26130,San Millán de la Cogolla,La Rioja,26,"Rioja, La"
26131,San Millán de Yécora,La Rioja,26,"Rioja, La"
26132,San Román de Cameros,La Rioja,26,"Rioja, La"
26139,San Torcuato,La Rioja,26,"Rioja, La"
26142,San Vicente de la Sonsierra,La Rioja,26,"Rioja, La"
26134,Santa Coloma,La Rioja,26,"Rioja, La"
26135,Santa Engracia del Jubera,La Rioja,26,"Rioja, La"
26136,Santa Eulalia Bajera,La Rioja,26,"Rioja, La"
26138,Santo Domingo de la Calzada,La Rioja,26,"Rioja, La"
26140,Santurde de Rioja,La Rioja,26,"Rioja, La"
26141,Santurdejo,La Rioja,26,"Rioja, La"
26143,Sojuela,La Rioja,26,"Rioja, La"
26144,Sorzano,La Rioja,26,"Rioja, La"
26145,Sotés,La Rioja,26,"Rioja, La"
26146,Soto en Cameros,La Rioja,26,"Rioja, La"
26147,Terroba,La Rioja,26,"Rioja, La"
26148,Tirgo,La Rioja,26,"Rioja, La"
26149,Tobía,La Rioja,26,"Rioja, La"
26150,Tormantos,La Rioja,26,"Rioja, La"
26153,Torre en Cameros,La Rioja,26,"Rioja, La"
26151,Torrecilla en Cameros,La Rioja,26,"Rioja, La"
26152,Torrecilla sobre Alesanco,La Rioja,26,"Rioja, La"
26154,Torremontalbo,La Rioja,26,"Rioja, La"
26155,Treviana,La Rioja,26,"Rioja, La"
26157,Tricio,La Rioja,26,"Rioja, La"
26158,Tudelilla,La Rioja,26,"Rioja, La"
26160,Uruñuela,La Rioja,26,"Rioja, La"
26161,Valdemadera,La Rioja,26,"Rioja, La"
26162,Valgañón,La Rioja,26,"Rioja, La"
26163,Ventosa,La Rioja,26,"Rioja, La"
26164,Ventrosa,La Rioja,26,"Rioja, La"
26165,Viguera,La Rioja,26,"Rioja, La"
26166,Villalba de Rioja,La Rioja,26,"Rioja, La"
26167,Villalobar de Rioja,La Rioja,26,"Rioja, La"
26168,Villamediana de Iregua,La Rioja,26,"Rioja, La"
26169,Villanueva de Cameros,La Rioja,26,"Rioja, La"
26170,"Villar de Arnedo, El",La Rioja,26,"Rioja, La"
26171,Villar de Torre,La Rioja,26,"Rioja, La"
26172,Villarejo,La Rioja,26,"Rioja, La"
26173,Villarroya,La Rioja,26,"Rioja, La"
26174,Villarta-Quintana,La Rioja,26,"Rioja, La"
26175,Villavelayo,La Rioja,26,"Rioja, La"
26176,Villaverde de Rioja,La Rioja,26,"Rioja, La"
26177,Villoslada de Cameros,La Rioja,26,"Rioja, La"
26178,Viniegra de Abajo,La Rioja,26,"Rioja, La"
26179,Viniegra de Arriba,La Rioja,26,"Rioja, La"
26180,Zarratón,La Rioja,26,"Rioja, La"
26181,Zarzosa,La Rioja,26,"Rioja, La"
26183,Zorraquín,La Rioja,26,"Rioja, La"
27001,Abadín,Lugo,27,Galicia
27002,Alfoz,Lugo,27,Galicia
27003,Antas de Ulla,Lugo,27,Galicia
27004,Baleira,Lugo,27,Galicia
27901,Baralla,Lugo,27,Galicia
27005,Barreiros,Lugo,27,Galicia
27006,Becerreá,Lugo,27,Galicia
27007,Begonte,Lugo,27,Galicia
27008,Bóveda,Lugo,27,Galicia
27902,Burela,Lugo,27,Galicia
27009,Carballedo,Lugo,27,Galicia
27010,Castro de Rei,Lugo,27,Galicia
27011,Castroverde,Lugo,27,Galicia
27012,Cervantes,Lugo,27,Galicia
27013,Cervo,Lugo,27,Galicia
27016,Chantada,Lugo,27,Galicia
27014,"Corgo, O",Lugo,27,Galicia
27015,Cospeito,Lugo,27,Galicia
27017,Folgoso do Courel,Lugo,27,Galicia
27018,"Fonsagrada, A",Lugo,27,Galicia
27019,Foz,Lugo,27,Galicia
27020,Friol,Lugo,27,Galicia
27022,Guitiriz,Lugo,27,Galicia
27023,Guntín,Lugo,27,Galicia
27024,"Incio, O",Lugo,27,Galicia
27026,Láncara,Lugo,27,Galicia
27027,Lourenzá,Lugo,27,Galicia
27028,Lugo,Lugo,27,Galicia
27029,Meira,Lugo,27,Galicia
27030,Mondoñedo,Lugo,27,Galicia
27031,Monforte de Lemos,Lugo,27,Galicia
27032,Monterroso,Lugo,27,Galicia
27033,Muras,Lugo,27,Galicia
27034,Navia de Suarna,Lugo,27,Galicia
27035,Negueira de Muñiz,Lugo,27,Galicia
27037,"Nogais, As",Lugo,27,Galicia
27038,Ourol,Lugo,27,Galicia
27039,Outeiro de Rei,Lugo,27,Galicia
27040,Palas de Rei,Lugo,27,Galicia
27041,Pantón,Lugo,27,Galicia
27042,Paradela,Lugo,27,Galicia
27043,"Páramo, O",Lugo,27,Galicia
27044,"Pastoriza, A",Lugo,27,Galicia
27045,Pedrafita do Cebreiro,Lugo,27,Galicia
27047,"Pobra do Brollón, A",Lugo,27,Galicia
27046,Pol,Lugo,27,Galicia
27048,"Pontenova, A",Lugo,27,Galicia
27049,Portomarín,Lugo,27,Galicia
27050,Quiroga,Lugo,27,Galicia
27056,Rábade,Lugo,27,Galicia
27051,Ribadeo,Lugo,27,Galicia
27052,Ribas de Sil,Lugo,27,Galicia
27053,Ribeira de Piquín,Lugo,27,Galicia
27054,Riotorto,Lugo,27,Galicia
27055,Samos,Lugo,27,Galicia
27057,Sarria,Lugo,27,Galicia
27058,"Saviñao, O",Lugo,27,Galicia
27059,Sober,Lugo,27,Galicia
27060,Taboada,Lugo,27,Galicia
27061,Trabada,Lugo,27,Galicia
27062,Triacastela,Lugo,27,Galicia
27063,"Valadouro, O",Lugo,27,Galicia
27064,"Vicedo, O",Lugo,27,Galicia
27065,Vilalba,Lugo,27,Galicia
27066,Viveiro,Lugo,27,Galicia
27021,Xermade,Lugo,27,Galicia
27025,Xove,Lugo,27,Galicia
28001,"Acebeda, La",Madrid,28,"Madrid, Comunidad de"
28002,Ajalvir,Madrid,28,"Madrid, Comunidad de"
28003,Alameda del Valle,Madrid,28,"Madrid, Comunidad de"
28004,"Álamo, El",Madrid,28,"Madrid, Comunidad de"
28005,Alcalá de Henares,Madrid,28,"Madrid, Comunidad de"
28006,Alcobendas,Madrid,28,"Madrid, Comunidad de"
28007,Alcorcón,Madrid,28,"Madrid, Comunidad de"
28008,Aldea del Fresno,Madrid,28,"Madrid, Comunidad de"
28009,Algete,Madrid,28,"Madrid, Comunidad de"
28010,Alpedrete,Madrid,28,"Madrid, Comunidad de"
28011,Ambite,Madrid,28,"Madrid, Comunidad de"
28012,Anchuelo,Madrid,28,"Madrid, Comunidad de"
28013,Aranjuez,Madrid,28,"Madrid, Comunidad de"
28014,Arganda del Rey,Madrid,28,"Madrid, Comunidad de"
28015,Arroyomolinos,Madrid,28,"Madrid, Comunidad de"
28016,"Atazar, El",Madrid,28,"Madrid, Comunidad de"
28017,Batres,Madrid,28,"Madrid, Comunidad de"
28018,Becerril de la Sierra,Madrid,28,"Madrid, Comunidad de"
28019,Belmonte de Tajo,Madrid,28,"Madrid, Comunidad de"
28021,"Berrueco, El",Madrid,28,"Madrid, Comunidad de"
28020,Berzosa del Lozoya,Madrid,28,"Madrid, Comunidad de"
28022,Boadilla del Monte,Madrid,28,"Madrid, Comunidad de"
28023,"Boalo, El",Madrid,28,"Madrid, Comunidad de"
28024,Braojos,Madrid,28,"Madrid, Comunidad de"
28025,Brea de Tajo,Madrid,28,"Madrid, Comunidad de"
28026,Brunete,Madrid,28,"Madrid, Comunidad de"
28027,Buitrago del Lozoya,Madrid,28,"Madrid, Comunidad de"
28028,Bustarviejo,Madrid,28,"Madrid, Comunidad de"
28029,Cabanillas de la Sierra,Madrid,28,"Madrid, Comunidad de"
28030,"Cabrera, La",Madrid,28,"Madrid, Comunidad de"
28031,Cadalso de los Vidrios,Madrid,28,"Madrid, Comunidad de"
28032,Camarma de Esteruelas,Madrid,28,"Madrid, Comunidad de"
28033,Campo Real,Madrid,28,"Madrid, Comunidad de"
28034,Canencia,Madrid,28,"Madrid, Comunidad de"
28035,Carabaña,Madrid,28,"Madrid, Comunidad de"
28036,Casarrubuelos,Madrid,28,"Madrid, Comunidad de"
28037,Cenicientos,Madrid,28,"Madrid, Comunidad de"
28038,Cercedilla,Madrid,28,"Madrid, Comunidad de"
28039,Cervera de Buitrago,Madrid,28,"Madrid, Comunidad de"
28051,Chapinería,Madrid,28,"Madrid, Comunidad de"
28052,Chinchón,Madrid,28,"Madrid, Comunidad de"
28040,Ciempozuelos,Madrid,28,"Madrid, Comunidad de"
28041,Cobeña,Madrid,28,"Madrid, Comunidad de"
28046,Collado Mediano,Madrid,28,"Madrid, Comunidad de"
28047,Collado Villalba,Madrid,28,"Madrid, Comunidad de"
28043,Colmenar de Oreja,Madrid,28,"Madrid, Comunidad de"
28042,Colmenar del Arroyo,Madrid,28,"Madrid, Comunidad de"
28045,Colmenar Viejo,Madrid,28,"Madrid, Comunidad de"
28044,Colmenarejo,Madrid,28,"Madrid, Comunidad de"
28048,Corpa,Madrid,28,"Madrid, Comunidad de"
28049,Coslada,Madrid,28,"Madrid, Comunidad de"
28050,Cubas de la Sagra,Madrid,28,"Madrid, Comunidad de"
28053,Daganzo de Arriba,Madrid,28,"Madrid, Comunidad de"
28054,"Escorial, El",Madrid,28,"Madrid, Comunidad de"
28055,Estremera,Madrid,28,"Madrid, Comunidad de"
28056,Fresnedillas de la Oliva,Madrid,28,"Madrid, Comunidad de"
28057,Fresno de Torote,Madrid,28,"Madrid, Comunidad de"
28058,Fuenlabrada,Madrid,28,"Madrid, Comunidad de"
28059,Fuente el Saz de Jarama,Madrid,28,"Madrid, Comunidad de"
28060,Fuentidueña de Tajo,Madrid,28,"Madrid, Comunidad de"
28061,Galapagar,Madrid,28,"Madrid, Comunidad de"
28062,Garganta de los Montes,Madrid,28,"Madrid, Comunidad de"
28063,Gargantilla del Lozoya y Pinilla de Buitrago,Madrid,28,"Madrid, Comunidad de"
28064,Gascones,Madrid,28,"Madrid, Comunidad de"
28065,Getafe,Madrid,28,"Madrid, Comunidad de"
28066,Griñón,Madrid,28,"Madrid, Comunidad de"
28067,Guadalix de la Sierra,Madrid,28,"Madrid, Comunidad de"
28068,Guadarrama,Madrid,28,"Madrid, Comunidad de"
28069,"Hiruela, La",Madrid,28,"Madrid, Comunidad de"
28070,Horcajo de la Sierra-Aoslos,Madrid,28,"Madrid, Comunidad de"
28071,Horcajuelo de la Sierra,Madrid,28,"Madrid, Comunidad de"
28072,Hoyo de Manzanares,Madrid,28,"Madrid, Comunidad de"
28073,Humanes de Madrid,Madrid,28,"Madrid, Comunidad de"
28074,Leganés,Madrid,28,"Madrid, Comunidad de"
28075,Loeches,Madrid,28,"Madrid, Comunidad de"
28076,Lozoya,Madrid,28,"Madrid, Comunidad de"
28901,Lozoyuela-Navas-Sieteiglesias,Madrid,28,"Madrid, Comunidad de"
28078,Madarcos,Madrid,28,"Madrid, Comunidad de"
28079,Madrid,Madrid,28,"Madrid, Comunidad de"
28080,Majadahonda,Madrid,28,"Madrid, Comunidad de"
28082,Manzanares el Real,Madrid,28,"Madrid, Comunidad de"
28083,Meco,Madrid,28,"Madrid, Comunidad de"
28084,Mejorada del Campo,Madrid,28,"Madrid, Comunidad de"
28085,Miraflores de la Sierra,Madrid,28,"Madrid, Comunidad de"
28086,"Molar, El",Madrid,28,"Madrid, Comunidad de"
28087,"Molinos, Los",Madrid,28,"Madrid, Comunidad de"
28088,Montejo de la Sierra,Madrid,28,"Madrid, Comunidad de"
28089,Moraleja de Enmedio,Madrid,28,"Madrid, Comunidad de"
28090,Moralzarzal,Madrid,28,"Madrid, Comunidad de"
28091,Morata de Tajuña,Madrid,28,"Madrid, Comunidad de"
28092,Móstoles,Madrid,28,"Madrid, Comunidad de"
28093,Navacerrada,Madrid,28,"Madrid, Comunidad de"
28094,Navalafuente,Madrid,28,"Madrid, Comunidad de"
28095,Navalagamella,Madrid,28,"Madrid, Comunidad de"
28096,Navalcarnero,Madrid,28,"Madrid, Comunidad de"
28097,Navarredonda y San Mamés,Madrid,28,"Madrid, Comunidad de"
28099,Navas del Rey,Madrid,28,"Madrid, Comunidad de"
28100,Nuevo Baztán,Madrid,28,"Madrid, Comunidad de"
28101,Olmeda de las Fuentes,Madrid,28,"Madrid, Comunidad de"
28102,Orusco de Tajuña,Madrid,28,"Madrid, Comunidad de"
28104,Paracuellos de Jarama,Madrid,28,"Madrid, Comunidad de"
28106,Parla,Madrid,28,"Madrid, Comunidad de"
28107,Patones,Madrid,28,"Madrid, Comunidad de"
28108,Pedrezuela,Madrid,28,"Madrid, Comunidad de"
28109,Pelayos de la Presa,Madrid,28,"Madrid, Comunidad de"
28110,Perales de Tajuña,Madrid,28,"Madrid, Comunidad de"
28111,Pezuela de las Torres,Madrid,28,"Madrid, Comunidad de"
28112,Pinilla del Valle,Madrid,28,"Madrid, Comunidad de"
28113,Pinto,Madrid,28,"Madrid, Comunidad de"
28114,Piñuécar-Gandullas,Madrid,28,"Madrid, Comunidad de"
28115,Pozuelo de Alarcón,Madrid,28,"Madrid, Comunidad de"
28116,Pozuelo del Rey,Madrid,28,"Madrid, Comunidad de"
28117,Prádena del Rincón,Madrid,28,"Madrid, Comunidad de"
28118,Puebla de la Sierra,Madrid,28,"Madrid, Comunidad de"
28902,Puentes Viejas,Madrid,28,"Madrid, Comunidad de"
28119,Quijorna,Madrid,28,"Madrid, Comunidad de"
28120,Rascafría,Madrid,28,"Madrid, Comunidad de"
28121,Redueña,Madrid,28,"Madrid, Comunidad de"
28122,Ribatejada,Madrid,28,"Madrid, Comunidad de"
28123,Rivas-Vaciamadrid,Madrid,28,"Madrid, Comunidad de"
28124,Robledillo de la Jara,Madrid,28,"Madrid, Comunidad de"
28125,Robledo de Chavela,Madrid,28,"Madrid, Comunidad de"
28126,Robregordo,Madrid,28,"Madrid, Comunidad de"
28127,"Rozas de Madrid, Las",Madrid,28,"Madrid, Comunidad de"
28128,Rozas de Puerto Real,Madrid,28,"Madrid, Comunidad de"
28129,San Agustín del Guadalix,Madrid,28,"Madrid, Comunidad de"
28130,San Fernando de Henares,Madrid,28,"Madrid, Comunidad de"
28131,San Lorenzo de El Escorial,Madrid,28,"Madrid, Comunidad de"
28132,San Martín de la Vega,Madrid,28,"Madrid, Comunidad de"
28133,San Martín de Valdeiglesias,Madrid,28,"Madrid, Comunidad de"
28134,San Sebastián de los Reyes,Madrid,28,"Madrid, Comunidad de"
28135,Santa María de la Alameda,Madrid,28,"Madrid, Comunidad de"
28136,Santorcaz,Madrid,28,"Madrid, Comunidad de"
28137,"Santos de la Humosa, Los",Madrid,28,"Madrid, Comunidad de"
28138,"Serna del Monte, La",Madrid,28,"Madrid, Comunidad de"
28140,Serranillos del Valle,Madrid,28,"Madrid, Comunidad de"
28141,Sevilla la Nueva,Madrid,28,"Madrid, Comunidad de"
28143,Somosierra,Madrid,28,"Madrid, Comunidad de"
28144,Soto del Real,Madrid,28,"Madrid, Comunidad de"
28145,Talamanca de Jarama,Madrid,28,"Madrid, Comunidad de"
28146,Tielmes,Madrid,28,"Madrid, Comunidad de"
28147,Titulcia,Madrid,28,"Madrid, Comunidad de"
28148,Torrejón de Ardoz,Madrid,28,"Madrid, Comunidad de"
28149,Torrejón de la Calzada,Madrid,28,"Madrid, Comunidad de"
28150,Torrejón de Velasco,Madrid,28,"Madrid, Comunidad de"
28151,Torrelaguna,Madrid,28,"Madrid, Comunidad de"
28152,Torrelodones,Madrid,28,"Madrid, Comunidad de"
28153,Torremocha de Jarama,Madrid,28,"Madrid, Comunidad de"
28154,Torres de la Alameda,Madrid,28,"Madrid, Comunidad de"
28903,Tres Cantos,Madrid,28,"Madrid, Comunidad de"
28155,Valdaracete,Madrid,28,"Madrid, Comunidad de"
28156,Valdeavero,Madrid,28,"Madrid, Comunidad de"
28157,Valdelaguna,Madrid,28,"Madrid, Comunidad de"
28158,Valdemanco,Madrid,28,"Madrid, Comunidad de"
28159,Valdemaqueda,Madrid,28,"Madrid, Comunidad de"
28160,Valdemorillo,Madrid,28,"Madrid, Comunidad de"
28161,Valdemoro,Madrid,28,"Madrid, Comunidad de"
28162,Valdeolmos-Alalpardo,Madrid,28,"Madrid, Comunidad de"
28163,Valdepiélagos,Madrid,28,"Madrid, Comunidad de"
28164,Valdetorres de Jarama,Madrid,28,"Madrid, Comunidad de"
28165,Valdilecha,Madrid,28,"Madrid, Comunidad de"
28166,Valverde de Alcalá,Madrid,28,"Madrid, Comunidad de"
28167,Velilla de San Antonio,Madrid,28,"Madrid, Comunidad de"
28168,"Vellón, El",Madrid,28,"Madrid, Comunidad de"
28169,Venturada,Madrid,28,"Madrid, Comunidad de"
28171,Villa del Prado,Madrid,28,"Madrid, Comunidad de"
28170,Villaconejos,Madrid,28,"Madrid, Comunidad de"
28172,Villalbilla,Madrid,28,"Madrid, Comunidad de"
28173,Villamanrique de Tajo,Madrid,28,"Madrid, Comunidad de"
28174,Villamanta,Madrid,28,"Madrid, Comunidad de"
28175,Villamantilla,Madrid,28,"Madrid, Comunidad de"
28176,Villanueva de la Cañada,Madrid,28,"Madrid, Comunidad de"
28178,Villanueva de Perales,Madrid,28,"Madrid, Comunidad de"
28177,Villanueva del Pardillo,Madrid,28,"Madrid, Comunidad de"
28179,Villar del Olmo,Madrid,28,"Madrid, Comunidad de"
28180,Villarejo de Salvanés,Madrid,28,"Madrid, Comunidad de"
28181,Villaviciosa de Odón,Madrid,28,"Madrid, Comunidad de"
28182,Villavieja del Lozoya,Madrid,28,"Madrid, Comunidad de"
28183,Zarzalejo,Madrid,28,"Madrid, Comunidad de"
29001,Alameda,Málaga,29,Andalucía
29002,Alcaucín,Málaga,29,Andalucía
29003,Alfarnate,Málaga,29,Andalucía
29004,Alfarnatejo,Málaga,29,Andalucía
29005,Algarrobo,Málaga,29,Andalucía
29006,Algatocín,Málaga,29,Andalucía
29007,Alhaurín de la Torre,Málaga,29,Andalucía
29008,Alhaurín el Grande,Málaga,29,Andalucía
29009,Almáchar,Málaga,29,Andalucía
29010,Almargen,Málaga,29,Andalucía
29011,Almogía,Málaga,29,Andalucía
29012,Álora,Málaga,29,Andalucía
29013,Alozaina,Málaga,29,Andalucía
29014,Alpandeire,Málaga,29,Andalucía
29015,Antequera,Málaga,29,Andalucía
29016,Árchez,Málaga,29,Andalucía
29017,Archidona,Málaga,29,Andalucía
29018,Ardales,Málaga,29,Andalucía
29019,Arenas,Málaga,29,Andalucía
29020,Arriate,Málaga,29,Andalucía
29021,Atajate,Málaga,29,Andalucía
29022,Benadalid,Málaga,29,Andalucía
29023,Benahavís,Málaga,29,Andalucía
29024,Benalauría,Málaga,29,Andalucía
29025,Benalmádena,Málaga,29,Andalucía
29026,Benamargosa,Málaga,29,Andalucía
29027,Benamocarra,Málaga,29,Andalucía
29028,Benaoján,Málaga,29,Andalucía
29029,Benarrabá,Málaga,29,Andalucía
29030,"Borge, El",Málaga,29,Andalucía
29031,"Burgo, El",Málaga,29,Andalucía
29032,Campillos,Málaga,29,Andalucía
29033,Canillas de Aceituno,Málaga,29,Andalucía
29034,Canillas de Albaida,Málaga,29,Andalucía
29035,Cañete la Real,Málaga,29,Andalucía
29036,Carratraca,Málaga,29,Andalucía
29037,Cartajima,Málaga,29,Andalucía
29038,Cártama,Málaga,29,Andalucía
29039,Casabermeja,Málaga,29,Andalucía
29040,Casarabonela,Málaga,29,Andalucía
29041,Casares,Málaga,29,Andalucía
29042,Coín,Málaga,29,Andalucía
29043,Colmenar,Málaga,29,Andalucía
29044,Comares,Málaga,29,Andalucía
29045,Cómpeta,Málaga,29,Andalucía
29046,Cortes de la Frontera,Málaga,29,Andalucía
29047,Cuevas Bajas,Málaga,29,Andalucía
29049,Cuevas de San Marcos,Málaga,29,Andalucía
29048,Cuevas del Becerro,Málaga,29,Andalucía
29050,Cútar,Málaga,29,Andalucía
29051,Estepona,Málaga,29,Andalucía
29052,Faraján,Málaga,29,Andalucía
29053,Frigiliana,Málaga,29,Andalucía
29054,Fuengirola,Málaga,29,Andalucía
29055,Fuente de Piedra,Málaga,29,Andalucía
29056,Gaucín,Málaga,29,Andalucía
29057,Genalguacil,Málaga,29,Andalucía
29058,Guaro,Málaga,29,Andalucía
29059,Humilladero,Málaga,29,Andalucía
29060,Igualeja,Málaga,29,Andalucía
29061,Istán,Málaga,29,Andalucía
29062,Iznate,Málaga,29,Andalucía
29063,Jimera de Líbar,Málaga,29,Andalucía
29064,Jubrique,Málaga,29,Andalucía
29065,Júzcar,Málaga,29,Andalucía
29066,Macharaviaya,Málaga,29,Andalucía
29067,Málaga,Málaga,29,Andalucía
29068,Manilva,Málaga,29,Andalucía
29069,Marbella,Málaga,29,Andalucía
29070,Mijas,Málaga,29,Andalucía
29071,Moclinejo,Málaga,29,Andalucía
29072,Mollina,Málaga,29,Andalucía
29073,Monda,Málaga,29,Andalucía
29903,Montecorto,Málaga,29,Andalucía
29074,Montejaque,Málaga,29,Andalucía
29075,Nerja,Málaga,29,Andalucía
29076,Ojén,Málaga,29,Andalucía
29077,Parauta,Málaga,29,Andalucía
29079,Periana,Málaga,29,Andalucía
29080,Pizarra,Málaga,29,Andalucía
29081,Pujerra,Málaga,29,Andalucía
29082,Rincón de la Victoria,Málaga,29,Andalucía
29083,Riogordo,Málaga,29,Andalucía
29084,Ronda,Málaga,29,Andalucía
29085,Salares,Málaga,29,Andalucía
29086,Sayalonga,Málaga,29,Andalucía
29087,Sedella,Málaga,29,Andalucía
29904,Serrato,Málaga,29,Andalucía
29088,Sierra de Yeguas,Málaga,29,Andalucía
29089,Teba,Málaga,29,Andalucía
29090,Tolox,Málaga,29,Andalucía
29901,Torremolinos,Málaga,29,Andalucía
29091,Torrox,Málaga,29,Andalucía
29092,Totalán,Málaga,29,Andalucía
29093,Valle de Abdalajís,Málaga,29,Andalucía
29094,Vélez-Málaga,Málaga,29,Andalucía
29095,Villanueva de Algaidas,Málaga,29,Andalucía
29902,Villanueva de la Concepción,Málaga,29,Andalucía
29098,Villanueva de Tapia,Málaga,29,Andalucía
29096,Villanueva del Rosario,Málaga,29,Andalucía
29097,Villanueva del Trabuco,Málaga,29,Andalucía
29099,Viñuela,Málaga,29,Andalucía
29100,Yunquera,Málaga,29,Andalucía
30001,Abanilla,Murcia,30,"Murcia, Región de"
30002,Abarán,Murcia,30,"Murcia, Región de"
30003,Águilas,Murcia,30,"Murcia, Región de"
30004,Albudeite,Murcia,30,"Murcia, Región de"
30005,Alcantarilla,Murcia,30,"Murcia, Región de"
30902,"Alcázares, Los",Murcia,30,"Murcia, Región de"
30006,Aledo,Murcia,30,"Murcia, Región de"
30007,Alguazas,Murcia,30,"Murcia, Región de"
30008,Alhama de Murcia,Murcia,30,"Murcia, Región de"
30009,Archena,Murcia,30,"Murcia, Región de"
30010,Beniel,Murcia,30,"Murcia, Región de"
30011,Blanca,Murcia,30,"Murcia, Región de"
30012,Bullas,Murcia,30,"Murcia, Región de"
30013,Calasparra,Murcia,30,"Murcia, Región de"
30014,Campos del Río,Murcia,30,"Murcia, Región de"
30015,Caravaca de la Cruz,Murcia,30,"Murcia, Región de"
30016,Cartagena,Murcia,30,"Murcia, Región de"
30017,Cehegín,Murcia,30,"Murcia, Región de"
30018,Ceutí,Murcia,30,"Murcia, Región de"
30019,Cieza,Murcia,30,"Murcia, Región de"
30020,Fortuna,Murcia,30,"Murcia, Región de"
30021,Fuente Álamo de Murcia,Murcia,30,"Murcia, Región de"
30022,Jumilla,Murcia,30,"Murcia, Región de"
30023,Librilla,Murcia,30,"Murcia, Región de"
30024,Lorca,Murcia,30,"Murcia, Región de"
30025,Lorquí,Murcia,30,"Murcia, Región de"
30026,Mazarrón,Murcia,30,"Murcia, Región de"
30027,Molina de Segura,Murcia,30,"Murcia, Región de"
30028,Moratalla,Murcia,30,"Murcia, Región de"
30029,Mula,Murcia,30,"Murcia, Región de"
30030,Murcia,Murcia,30,"Murcia, Región de"
30031,Ojós,Murcia,30,"Murcia, Región de"
30032,Pliego,Murcia,30,"Murcia, Región de"
30033,Puerto Lumbreras,Murcia,30,"Murcia, Región de"
30034,Ricote,Murcia,30,"Murcia, Región de"
30035,San Javier,Murcia,30,"Murcia, Región de"
30036,San Pedro del Pinatar,Murcia,30,"Murcia, Región de"
30901,Santomera,Murcia,30,"Murcia, Región de"
30037,Torre-Pacheco,Murcia,30,"Murcia, Región de"
30038,"Torres de Cotillas, Las",Murcia,30,"Murcia, Región de"
30039,Totana,Murcia,30,"Murcia, Región de"
30040,Ulea,Murcia,30,"Murcia, Región de"
30041,"Unión, La",Murcia,30,"Murcia, Región de"
30042,Villanueva del Río Segura,Murcia,30,"Murcia, Región de"
30043,Yecla,Murcia,30,"Murcia, Región de"
31001,Abáigar,Navarra,31,"Navarra, Comunidad Foral de"
31002,Abárzuza/Abartzuza,Navarra,31,"Navarra, Comunidad Foral de"
31003,Abaurregaina/Abaurrea Alta,Navarra,31,"Navarra, Comunidad Foral de"
31004,Abaurrepea/Abaurrea Baja,Navarra,31,"Navarra, Comunidad Foral de"
31005,Aberin,Navarra,31,"Navarra, Comunidad Foral de"
31006,Ablitas,Navarra,31,"Navarra, Comunidad Foral de"
31007,Adiós,Navarra,31,"Navarra, Comunidad Foral de"
31008,Aguilar de Codés,Navarra,31,"Navarra, Comunidad Foral de"
31009,Aibar/Oibar,Navarra,31,"Navarra, Comunidad Foral de"
31011,Allín/Allin,Navarra,31,"Navarra, Comunidad Foral de"
31012,Allo,Navarra,31,"Navarra, Comunidad Foral de"
31010,Altsasu/Alsasua,Navarra,31,"Navarra, Comunidad Foral de"
31013,Améscoa Baja,Navarra,31,"Navarra, Comunidad Foral de"
31014,Ancín/Antzin,Navarra,31,"Navarra, Comunidad Foral de"
31015,Andosilla,Navarra,31,"Navarra, Comunidad Foral de"
31016,Ansoáin/Antsoain,Navarra,31,"Navarra, Comunidad Foral de"
31017,Anue,Navarra,31,"Navarra, Comunidad Foral de"
31018,Añorbe,Navarra,31,"Navarra, Comunidad Foral de"
31019,Aoiz/Agoitz,Navarra,31,"Navarra, Comunidad Foral de"
31020,Araitz,Navarra,31,"Navarra, Comunidad Foral de"
31025,Arakil,Navarra,31,"Navarra, Comunidad Foral de"
31021,Aranarache/Aranaratxe,Navarra,31,"Navarra, Comunidad Foral de"
31023,Aranguren,Navarra,31,"Navarra, Comunidad Foral de"
31024,Arano,Navarra,31,"Navarra, Comunidad Foral de"
31022,Arantza,Navarra,31,"Navarra, Comunidad Foral de"
31026,Aras,Navarra,31,"Navarra, Comunidad Foral de"
31027,Arbizu,Navarra,31,"Navarra, Comunidad Foral de"
31028,Arce/Artzi,Navarra,31,"Navarra, Comunidad Foral de"
31029,"Arcos, Los",Navarra,31,"Navarra, Comunidad Foral de"
31030,Arellano,Navarra,31,"Navarra, Comunidad Foral de"
31031,Areso,Navarra,31,"Navarra, Comunidad Foral de"
31032,Arguedas,Navarra,31,"Navarra, Comunidad Foral de"
31033,Aria,Navarra,31,"Navarra, Comunidad Foral de"
31034,Aribe,Navarra,31,"Navarra, Comunidad Foral de"
31035,Armañanzas,Navarra,31,"Navarra, Comunidad Foral de"
31036,Arróniz,Navarra,31,"Navarra, Comunidad Foral de"
31037,Arruazu,Navarra,31,"Navarra, Comunidad Foral de"
31038,Artajona,Navarra,31,"Navarra, Comunidad Foral de"
31039,Artazu,Navarra,31,"Navarra, Comunidad Foral de"
31040,Atetz,Navarra,31,"Navarra, Comunidad Foral de"
31058,Auritz/Burguete,Navarra,31,"Navarra, Comunidad Foral de"
31041,Ayegui/Aiegi,Navarra,31,"Navarra, Comunidad Foral de"
31042,Azagra,Navarra,31,"Navarra, Comunidad Foral de"
31043,Azuelo,Navarra,31,"Navarra, Comunidad Foral de"
31044,Bakaiku,Navarra,31,"Navarra, Comunidad Foral de"
31901,Barañáin/Barañain,Navarra,31,"Navarra, Comunidad Foral de"
31045,Barásoain,Navarra,31,"Navarra, Comunidad Foral de"
31046,Barbarin,Navarra,31,"Navarra, Comunidad Foral de"
31047,Bargota,Navarra,31,"Navarra, Comunidad Foral de"
31048,Barillas,Navarra,31,"Navarra, Comunidad Foral de"
31049,Basaburua,Navarra,31,"Navarra, Comunidad Foral de"
31050,Baztan,Navarra,31,"Navarra, Comunidad Foral de"
31137,Beintza-Labaien,Navarra,31,"Navarra, Comunidad Foral de"
31051,Beire,Navarra,31,"Navarra, Comunidad Foral de"
31052,Belascoáin,Navarra,31,"Navarra, Comunidad Foral de"
31250,Bera,Navarra,31,"Navarra, Comunidad Foral de"
31053,Berbinzana,Navarra,31,"Navarra, Comunidad Foral de"
31905,Beriáin,Navarra,31,"Navarra, Comunidad Foral de"
31902,Berrioplano/Berriobeiti,Navarra,31,"Navarra, Comunidad Foral de"
31903,Berriozar,Navarra,31,"Navarra, Comunidad Foral de"
31054,Bertizarana,Navarra,31,"Navarra, Comunidad Foral de"
31055,Betelu,Navarra,31,"Navarra, Comunidad Foral de"
31253,Bidaurreta,Navarra,31,"Navarra, Comunidad Foral de"
31056,Biurrun-Olcoz,Navarra,31,"Navarra, Comunidad Foral de"
31057,Buñuel,Navarra,31,"Navarra, Comunidad Foral de"
31059,Burgui/Burgi,Navarra,31,"Navarra, Comunidad Foral de"
31060,Burlada/Burlata,Navarra,31,"Navarra, Comunidad Foral de"
31061,"Busto, El",Navarra,31,"Navarra, Comunidad Foral de"
31062,Cabanillas,Navarra,31,"Navarra, Comunidad Foral de"
31063,Cabredo,Navarra,31,"Navarra, Comunidad Foral de"
31064,Cadreita,Navarra,31,"Navarra, Comunidad Foral de"
31065,Caparroso,Navarra,31,"Navarra, Comunidad Foral de"
31066,Cárcar,Navarra,31,"Navarra, Comunidad Foral de"
31067,Carcastillo,Navarra,31,"Navarra, Comunidad Foral de"
31068,Cascante,Navarra,31,"Navarra, Comunidad Foral de"
31069,Cáseda,Navarra,31,"Navarra, Comunidad Foral de"
31070,Castejón,Navarra,31,"Navarra, Comunidad Foral de"
31071,Castillonuevo/Gazteluberri,Navarra,31,"Navarra, Comunidad Foral de"
31193,Cendea de Olza/Oltza Zendea,Navarra,31,"Navarra, Comunidad Foral de"
31072,Cintruénigo,Navarra,31,"Navarra, Comunidad Foral de"
31074,Cirauqui/Zirauki,Navarra,31,"Navarra, Comunidad Foral de"
31075,Ciriza/Ziritza,Navarra,31,"Navarra, Comunidad Foral de"
31076,Cizur,Navarra,31,"Navarra, Comunidad Foral de"
31077,Corella,Navarra,31,"Navarra, Comunidad Foral de"
31078,Cortes,Navarra,31,"Navarra, Comunidad Foral de"
31079,Desojo,Navarra,31,"Navarra, Comunidad Foral de"
31080,Dicastillo,Navarra,31,"Navarra, Comunidad Foral de"
31081,Donamaria,Navarra,31,"Navarra, Comunidad Foral de"
31221,Doneztebe/Santesteban,Navarra,31,"Navarra, Comunidad Foral de"
31083,Echarri/Etxarri,Navarra,31,"Navarra, Comunidad Foral de"
31087,Elgorriaga,Navarra,31,"Navarra, Comunidad Foral de"
31089,Enériz/Eneritz,Navarra,31,"Navarra, Comunidad Foral de"
31090,Eratsun,Navarra,31,"Navarra, Comunidad Foral de"
31091,Ergoiena,Navarra,31,"Navarra, Comunidad Foral de"
31092,Erro,Navarra,31,"Navarra, Comunidad Foral de"
31094,Eslava,Navarra,31,"Navarra, Comunidad Foral de"
31095,Esparza de Salazar/Espartza Zaraitzu,Navarra,31,"Navarra, Comunidad Foral de"
31096,Espronceda,Navarra,31,"Navarra, Comunidad Foral de"
31097,Estella-Lizarra,Navarra,31,"Navarra, Comunidad Foral de"
31098,Esteribar,Navarra,31,"Navarra, Comunidad Foral de"
31099,Etayo,Navarra,31,"Navarra, Comunidad Foral de"
31082,Etxalar,Navarra,31,"Navarra, Comunidad Foral de"
31084,Etxarri Aranatz,Navarra,31,"Navarra, Comunidad Foral de"
31085,Etxauri,Navarra,31,"Navarra, Comunidad Foral de"
31100,Eulate,Navarra,31,"Navarra, Comunidad Foral de"
31101,Ezcabarte,Navarra,31,"Navarra, Comunidad Foral de"
31093,Ezcároz/Ezkaroze,Navarra,31,"Navarra, Comunidad Foral de"
31102,Ezkurra,Navarra,31,"Navarra, Comunidad Foral de"
31103,Ezprogui,Navarra,31,"Navarra, Comunidad Foral de"
31104,Falces,Navarra,31,"Navarra, Comunidad Foral de"
31105,Fitero,Navarra,31,"Navarra, Comunidad Foral de"
31106,Fontellas,Navarra,31,"Navarra, Comunidad Foral de"
31107,Funes,Navarra,31,"Navarra, Comunidad Foral de"
31108,Fustiñana,Navarra,31,"Navarra, Comunidad Foral de"
31109,Galar,Navarra,31,"Navarra, Comunidad Foral de"
31110,Gallipienzo/Galipentzu,Navarra,31,"Navarra, Comunidad Foral de"
31111,Gallués/Galoze,Navarra,31,"Navarra, Comunidad Foral de"
31112,Garaioa,Navarra,31,"Navarra, Comunidad Foral de"
31113,Garde,Navarra,31,"Navarra, Comunidad Foral de"
31114,Garínoain,Navarra,31,"Navarra, Comunidad Foral de"
31115,Garralda,Navarra,31,"Navarra, Comunidad Foral de"
31116,Genevilla,Navarra,31,"Navarra, Comunidad Foral de"
31117,Goizueta,Navarra,31,"Navarra, Comunidad Foral de"
31119,Güesa/Gorza,Navarra,31,"Navarra, Comunidad Foral de"
31120,Guesálaz/Gesalatz,Navarra,31,"Navarra, Comunidad Foral de"
31121,Guirguillano,Navarra,31,"Navarra, Comunidad Foral de"
31256,Hiriberri/Villanueva de Aezkoa,Navarra,31,"Navarra, Comunidad Foral de"
31122,Huarte/Uharte,Navarra,31,"Navarra, Comunidad Foral de"
31124,Ibargoiti,Navarra,31,"Navarra, Comunidad Foral de"
31259,Igantzi,Navarra,31,"Navarra, Comunidad Foral de"
31125,Igúzquiza,Navarra,31,"Navarra, Comunidad Foral de"
31126,Imotz,Navarra,31,"Navarra, Comunidad Foral de"
31127,Irañeta,Navarra,31,"Navarra, Comunidad Foral de"
31904,Irurtzun,Navarra,31,"Navarra, Comunidad Foral de"
31128,Isaba/Izaba,Navarra,31,"Navarra, Comunidad Foral de"
31129,Ituren,Navarra,31,"Navarra, Comunidad Foral de"
31130,Iturmendi,Navarra,31,"Navarra, Comunidad Foral de"
31131,Iza/Itza,Navarra,31,"Navarra, Comunidad Foral de"
31132,Izagaondoa,Navarra,31,"Navarra, Comunidad Foral de"
31133,Izalzu/Itzaltzu,Navarra,31,"Navarra, Comunidad Foral de"
31134,Jaurrieta,Navarra,31,"Navarra, Comunidad Foral de"
31135,Javier,Navarra,31,"Navarra, Comunidad Foral de"
31136,Juslapeña/Txulapain,Navarra,31,"Navarra, Comunidad Foral de"
31138,Lakuntza,Navarra,31,"Navarra, Comunidad Foral de"
31139,Lana,Navarra,31,"Navarra, Comunidad Foral de"
31140,Lantz,Navarra,31,"Navarra, Comunidad Foral de"
31141,Lapoblación,Navarra,31,"Navarra, Comunidad Foral de"
31142,Larraga,Navarra,31,"Navarra, Comunidad Foral de"
31143,Larraona,Navarra,31,"Navarra, Comunidad Foral de"
31144,Larraun,Navarra,31,"Navarra, Comunidad Foral de"
31145,Lazagurría,Navarra,31,"Navarra, Comunidad Foral de"
31146,Leache/Leatxe,Navarra,31,"Navarra, Comunidad Foral de"
31147,Legarda,Navarra,31,"Navarra, Comunidad Foral de"
31148,Legaria,Navarra,31,"Navarra, Comunidad Foral de"
31149,Leitza,Navarra,31,"Navarra, Comunidad Foral de"
31908,Lekunberri,Navarra,31,"Navarra, Comunidad Foral de"
31150,Leoz/Leotz,Navarra,31,"Navarra, Comunidad Foral de"
31151,Lerga,Navarra,31,"Navarra, Comunidad Foral de"
31152,Lerín,Navarra,31,"Navarra, Comunidad Foral de"
31153,Lesaka,Navarra,31,"Navarra, Comunidad Foral de"
31154,Lezaun,Navarra,31,"Navarra, Comunidad Foral de"
31155,Liédena,Navarra,31,"Navarra, Comunidad Foral de"
31156,Lizoain-Arriasgoiti/Lizoainibar-Arriasgoiti,Navarra,31,"Navarra, Comunidad Foral de"
31157,Lodosa,Navarra,31,"Navarra, Comunidad Foral de"
31158,Lónguida/Longida,Navarra,31,"Navarra, Comunidad Foral de"
31159,Lumbier,Navarra,31,"Navarra, Comunidad Foral de"
31160,Luquin,Navarra,31,"Navarra, Comunidad Foral de"
31248,Luzaide/Valcarlos,Navarra,31,"Navarra, Comunidad Foral de"
31161,Mañeru,Navarra,31,"Navarra, Comunidad Foral de"
31162,Marañón,Navarra,31,"Navarra, Comunidad Foral de"
31163,Marcilla,Navarra,31,"Navarra, Comunidad Foral de"
31164,Mélida,Navarra,31,"Navarra, Comunidad Foral de"
31165,Mendavia,Navarra,31,"Navarra, Comunidad Foral de"
31166,Mendaza,Navarra,31,"Navarra, Comunidad Foral de"
31167,Mendigorria,Navarra,31,"Navarra, Comunidad Foral de"
31168,Metauten,Navarra,31,"Navarra, Comunidad Foral de"
31169,Milagro,Navarra,31,"Navarra, Comunidad Foral de"
31170,Mirafuentes,Navarra,31,"Navarra, Comunidad Foral de"
31171,Miranda de Arga,Navarra,31,"Navarra, Comunidad Foral de"
31172,Monreal/Elo,Navarra,31,"Navarra, Comunidad Foral de"
31173,Monteagudo,Navarra,31,"Navarra, Comunidad Foral de"
31174,Morentin,Navarra,31,"Navarra, Comunidad Foral de"
31175,Mues,Navarra,31,"Navarra, Comunidad Foral de"
31176,Murchante,Navarra,31,"Navarra, Comunidad Foral de"
31177,Murieta,Navarra,31,"Navarra, Comunidad Foral de"
31178,Murillo el Cuende,Navarra,31,"Navarra, Comunidad Foral de"
31179,Murillo el Fruto,Navarra,31,"Navarra, Comunidad Foral de"
31180,Muruzábal,Navarra,31,"Navarra, Comunidad Foral de"
31181,Navascués/Nabaskoze,Navarra,31,"Navarra, Comunidad Foral de"
31182,Nazar,Navarra,31,"Navarra, Comunidad Foral de"
31183,Obanos,Navarra,31,"Navarra, Comunidad Foral de"
31185,Ochagavía/Otsagabia,Navarra,31,"Navarra, Comunidad Foral de"
31184,Oco,Navarra,31,"Navarra, Comunidad Foral de"
31186,Odieta,Navarra,31,"Navarra, Comunidad Foral de"
31187,Oiz,Navarra,31,"Navarra, Comunidad Foral de"
31188,Olaibar,Navarra,31,"Navarra, Comunidad Foral de"
31189,Olazti/Olazagutía,Navarra,31,"Navarra, Comunidad Foral de"
31190,Olejua,Navarra,31,"Navarra, Comunidad Foral de"
31191,Olite/Erriberri,Navarra,31,"Navarra, Comunidad Foral de"
31192,Olóriz/Oloritz,Navarra,31,"Navarra, Comunidad Foral de"
31195,Orbaizeta,Navarra,31,"Navarra, Comunidad Foral de"
31196,Orbara,Navarra,31,"Navarra, Comunidad Foral de"
31197,Orísoain,Navarra,31,"Navarra, Comunidad Foral de"
31906,Orkoien,Navarra,31,"Navarra, Comunidad Foral de"
31198,Oronz/Orontze,Navarra,31,"Navarra, Comunidad Foral de"
31199,Oroz-Betelu/Orotz-Betelu,Navarra,31,"Navarra, Comunidad Foral de"
31211,Orreaga/Roncesvalles,Navarra,31,"Navarra, Comunidad Foral de"
31200,Oteiza,Navarra,31,"Navarra, Comunidad Foral de"
31201,Pamplona/Iruña,Navarra,31,"Navarra, Comunidad Foral de"
31202,Peralta/Azkoien,Navarra,31,"Navarra, Comunidad Foral de"
31203,Petilla de Aragón,Navarra,31,"Navarra, Comunidad Foral de"
31204,Piedramillera,Navarra,31,"Navarra, Comunidad Foral de"
31205,Pitillas,Navarra,31,"Navarra, Comunidad Foral de"
31206,Puente la Reina/Gares,Navarra,31,"Navarra, Comunidad Foral de"
31207,Pueyo/Puiu,Navarra,31,"Navarra, Comunidad Foral de"
31208,Ribaforada,Navarra,31,"Navarra, Comunidad Foral de"
31209,Romanzado/Erromantzatua,Navarra,31,"Navarra, Comunidad Foral de"
31210,Roncal/Erronkari,Navarra,31,"Navarra, Comunidad Foral de"
31212,Sada,Navarra,31,"Navarra, Comunidad Foral de"
31213,Saldías,Navarra,31,"Navarra, Comunidad Foral de"
31214,Salinas de Oro/Jaitz,Navarra,31,"Navarra, Comunidad Foral de"
31215,San Adrián,Navarra,31,"Navarra, Comunidad Foral de"
31217,San Martín de Unx,Navarra,31,"Navarra, Comunidad Foral de"
31216,Sangüesa/Zangoza,Navarra,31,"Navarra, Comunidad Foral de"
31219,Sansol,Navarra,31,"Navarra, Comunidad Foral de"
31220,Santacara,Navarra,31,"Navarra, Comunidad Foral de"
31222,Sarriés/Sartze,Navarra,31,"Navarra, Comunidad Foral de"
31223,Sartaguda,Navarra,31,"Navarra, Comunidad Foral de"
31224,Sesma,Navarra,31,"Navarra, Comunidad Foral de"
31225,Sorlada,Navarra,31,"Navarra, Comunidad Foral de"
31226,Sunbilla,Navarra,31,"Navarra, Comunidad Foral de"
31227,Tafalla,Navarra,31,"Navarra, Comunidad Foral de"
31228,Tiebas-Muruarte de Reta,Navarra,31,"Navarra, Comunidad Foral de"
31229,Tirapu,Navarra,31,"Navarra, Comunidad Foral de"
31230,Torralba del Río,Navarra,31,"Navarra, Comunidad Foral de"
31231,Torres del Río,Navarra,31,"Navarra, Comunidad Foral de"
31232,Tudela,Navarra,31,"Navarra, Comunidad Foral de"
31233,Tulebras,Navarra,31,"Navarra, Comunidad Foral de"
31234,Ucar,Navarra,31,"Navarra, Comunidad Foral de"
31123,Uharte Arakil,Navarra,31,"Navarra, Comunidad Foral de"
31235,Ujué/Uxue,Navarra,31,"Navarra, Comunidad Foral de"
31236,Ultzama,Navarra,31,"Navarra, Comunidad Foral de"
31237,Unciti,Navarra,31,"Navarra, Comunidad Foral de"
31238,Unzué/Untzue,Navarra,31,"Navarra, Comunidad Foral de"
31239,Urdazubi/Urdax,Navarra,31,"Navarra, Comunidad Foral de"
31240,Urdiain,Navarra,31,"Navarra, Comunidad Foral de"
31241,Urraul Alto,Navarra,31,"Navarra, Comunidad Foral de"
31242,Urraul Bajo,Navarra,31,"Navarra, Comunidad Foral de"
31244,Urroz,Navarra,31,"Navarra, Comunidad Foral de"
31243,Urroz-Villa,Navarra,31,"Navarra, Comunidad Foral de"
31245,Urzainqui/Urzainki,Navarra,31,"Navarra, Comunidad Foral de"
31246,Uterga,Navarra,31,"Navarra, Comunidad Foral de"
31247,Uztárroz/Uztarroze,Navarra,31,"Navarra, Comunidad Foral de"
31118,Val de Goñi/Goñerri,Navarra,31,"Navarra, Comunidad Foral de"
31086,Valle de Egüés/Eguesibar,Navarra,31,"Navarra, Comunidad Foral de"
31088,Valle de Elorz/Elortzibar,Navarra,31,"Navarra, Comunidad Foral de"
31194,Valle de Ollo/Ollaran,Navarra,31,"Navarra, Comunidad Foral de"
31260,Valle de Yerri/Deierri,Navarra,31,"Navarra, Comunidad Foral de"
31249,Valtierra,Navarra,31,"Navarra, Comunidad Foral de"
31251,Viana,Navarra,31,"Navarra, Comunidad Foral de"
31252,Vidángoz/Bidankoze,Navarra,31,"Navarra, Comunidad Foral de"
31254,Villafranca,Navarra,31,"Navarra, Comunidad Foral de"
31255,Villamayor de Monjardín,Navarra,31,"Navarra, Comunidad Foral de"
31257,Villatuerta,Navarra,31,"Navarra, Comunidad Foral de"
31258,Villava/Atarrabia,Navarra,31,"Navarra, Comunidad Foral de"
31261,Yesa,Navarra,31,"Navarra, Comunidad Foral de"
31262,Zabalza/Zabaltza,Navarra,31,"Navarra, Comunidad Foral de"
31073,Ziordia,Navarra,31,"Navarra, Comunidad Foral de"
31907,Zizur Mayor/Zizur Nagusia,Navarra,31,"Navarra, Comunidad Foral de"
31263,Zubieta,Navarra,31,"Navarra, Comunidad Foral de"
31264,Zugarramurdi,Navarra,31,"Navarra, Comunidad Foral de"
31265,Zúñiga,Navarra,31,"Navarra, Comunidad Foral de"
32001,Allariz,Ourense,32,Galicia
32002,Amoeiro,Ourense,32,Galicia
32003,"Arnoia, A",Ourense,32,Galicia
32004,Avión,Ourense,32,Galicia
32005,Baltar,Ourense,32,Galicia
32006,Bande,Ourense,32,Galicia
32007,Baños de Molgas,Ourense,32,Galicia
32008,Barbadás,Ourense,32,Galicia
32009,"Barco de Valdeorras, O",Ourense,32,Galicia
32010,Beade,Ourense,32,Galicia
32011,Beariz,Ourense,32,Galicia
32012,"Blancos, Os",Ourense,32,Galicia
32013,Boborás,Ourense,32,Galicia
32014,"Bola, A",Ourense,32,Galicia
32015,"Bolo, O",Ourense,32,Galicia
32016,Calvos de Randín,Ourense,32,Galicia
32018,Carballeda de Avia,Ourense,32,Galicia
32017,Carballeda de Valdeorras,Ourense,32,Galicia
32019,"Carballiño, O",Ourense,32,Galicia
32020,Cartelle,Ourense,32,Galicia
32022,Castrelo de Miño,Ourense,32,Galicia
32021,Castrelo do Val,Ourense,32,Galicia
32023,Castro Caldelas,Ourense,32,Galicia
32024,Celanova,Ourense,32,Galicia
32025,Cenlle,Ourense,32,Galicia
32029,Chandrexa de Queixa,Ourense,32,Galicia
32026,Coles,Ourense,32,Galicia
32027,Cortegada,Ourense,32,Galicia
32028,Cualedro,Ourense,32,Galicia
32030,Entrimo,Ourense,32,Galicia
32031,Esgos,Ourense,32,Galicia
32033,Gomesende,Ourense,32,Galicia
32034,"Gudiña, A",Ourense,32,Galicia
32035,"Irixo, O",Ourense,32,Galicia
32038,Larouco,Ourense,32,Galicia
32039,Laza,Ourense,32,Galicia
32040,Leiro,Ourense,32,Galicia
32041,Lobeira,Ourense,32,Galicia
32042,Lobios,Ourense,32,Galicia
32043,Maceda,Ourense,32,Galicia
32044,Manzaneda,Ourense,32,Galicia
32045,Maside,Ourense,32,Galicia
32046,Melón,Ourense,32,Galicia
32047,"Merca, A",Ourense,32,Galicia
32048,"Mezquita, A",Ourense,32,Galicia
32049,Montederramo,Ourense,32,Galicia
32050,Monterrei,Ourense,32,Galicia
32051,Muíños,Ourense,32,Galicia
32052,Nogueira de Ramuín,Ourense,32,Galicia
32053,Oímbra,Ourense,32,Galicia
32054,Ourense,Ourense,32,Galicia
32055,Paderne de Allariz,Ourense,32,Galicia
32056,Padrenda,Ourense,32,Galicia
32057,Parada de Sil,Ourense,32,Galicia
32058,"Pereiro de Aguiar, O",Ourense,32,Galicia
32059,"Peroxa, A",Ourense,32,Galicia
32060,Petín,Ourense,32,Galicia
32061,Piñor,Ourense,32,Galicia
32063,"Pobra de Trives, A",Ourense,32,Galicia
32064,Pontedeva,Ourense,32,Galicia
32062,Porqueira,Ourense,32,Galicia
32065,Punxín,Ourense,32,Galicia
32066,Quintela de Leirado,Ourense,32,Galicia
32067,Rairiz de Veiga,Ourense,32,Galicia
32068,Ramirás,Ourense,32,Galicia
32069,Ribadavia,Ourense,32,Galicia
32071,Riós,Ourense,32,Galicia
32072,"Rúa, A",Ourense,32,Galicia
32073,Rubiá,Ourense,32,Galicia
32074,San Amaro,Ourense,32,Galicia
32075,San Cibrao das Viñas,Ourense,32,Galicia
32076,San Cristovo de Cea,Ourense,32,Galicia
32070,San Xoán de Río,Ourense,32,Galicia
32077,Sandiás,Ourense,32,Galicia
32078,Sarreaus,Ourense,32,Galicia
32079,Taboadela,Ourense,32,Galicia
32080,"Teixeira, A",Ourense,32,Galicia
32081,Toén,Ourense,32,Galicia
32082,Trasmiras,Ourense,32,Galicia
32083,"Veiga, A",Ourense,32,Galicia
32084,Verea,Ourense,32,Galicia
32085,Verín,Ourense,32,Galicia
32086,Viana do Bolo,Ourense,32,Galicia
32087,Vilamarín,Ourense,32,Galicia
32088,Vilamartín de Valdeorras,Ourense,32,Galicia
32089,Vilar de Barrio,Ourense,32,Galicia
32090,Vilar de Santos,Ourense,32,Galicia
32091,Vilardevós,Ourense,32,Galicia
32092,Vilariño de Conso,Ourense,32,Galicia
32032,Xinzo de Limia,Ourense,32,Galicia
32036,Xunqueira de Ambía,Ourense,32,Galicia
32037,Xunqueira de Espadanedo,Ourense,32,Galicia
33001,Allande,Asturias,33,"Asturias, Principado de"
33002,Aller,Asturias,33,"Asturias, Principado de"
33003,Amieva,Asturias,33,"Asturias, Principado de"
33004,Avilés,Asturias,33,"Asturias, Principado de"
33005,Belmonte de Miranda,Asturias,33,"Asturias, Principado de"
33006,Bimenes,Asturias,33,"Asturias, Principado de"
33007,Boal,Asturias,33,"Asturias, Principado de"
33008,Cabrales,Asturias,33,"Asturias, Principado de"
33009,Cabranes,Asturias,33,"Asturias, Principado de"
33010,Candamo,Asturias,33,"Asturias, Principado de"
33012,Cangas de Onís,Asturias,33,"Asturias, Principado de"
33011,Cangas del Narcea,Asturias,33,"Asturias, Principado de"
33013,Caravia,Asturias,33,"Asturias, Principado de"
33014,Carreño,Asturias,33,"Asturias, Principado de"
33015,Caso,Asturias,33,"Asturias, Principado de"
33016,Castrillón,Asturias,33,"Asturias, Principado de"
33017,Castropol,Asturias,33,"Asturias, Principado de"
33018,Coaña,Asturias,33,"Asturias, Principado de"
33019,Colunga,Asturias,33,"Asturias, Principado de"
33020,Corvera de Asturias,Asturias,33,"Asturias, Principado de"
33021,Cudillero,Asturias,33,"Asturias, Principado de"
33022,Degaña,Asturias,33,"Asturias, Principado de"
33023,"Franco, El",Asturias,33,"Asturias, Principado de"
33024,Gijón,Asturias,33,"Asturias, Principado de"
33025,Gozón,Asturias,33,"Asturias, Principado de"
33026,Grado,Asturias,33,"Asturias, Principado de"
33027,Grandas de Salime,Asturias,33,"Asturias, Principado de"
33028,Ibias,Asturias,33,"Asturias, Principado de"
33029,Illano,Asturias,33,"Asturias, Principado de"
33030,Illas,Asturias,33,"Asturias, Principado de"
33031,Langreo,Asturias,33,"Asturias, Principado de"
33032,Laviana,Asturias,33,"Asturias, Principado de"
33033,Lena,Asturias,33,"Asturias, Principado de"
33035,Llanera,Asturias,33,"Asturias, Principado de"
33036,Llanes,Asturias,33,"Asturias, Principado de"
33037,Mieres,Asturias,33,"Asturias, Principado de"
33038,Morcín,Asturias,33,"Asturias, Principado de"
33039,Muros de Nalón,Asturias,33,"Asturias, Principado de"
33040,Nava,Asturias,33,"Asturias, Principado de"
33041,Navia,Asturias,33,"Asturias, Principado de"
33042,Noreña,Asturias,33,"Asturias, Principado de"
33043,Onís,Asturias,33,"Asturias, Principado de"
33044,Oviedo,Asturias,33,"Asturias, Principado de"
33045,Parres,Asturias,33,"Asturias, Principado de"
33046,Peñamellera Alta,Asturias,33,"Asturias, Principado de"
33047,Peñamellera Baja,Asturias,33,"Asturias, Principado de"
33048,Pesoz,Asturias,33,"Asturias, Principado de"
33049,Piloña,Asturias,33,"Asturias, Principado de"
33050,Ponga,Asturias,33,"Asturias, Principado de"
33051,Pravia,Asturias,33,"Asturias, Principado de"
33052,Proaza,Asturias,33,"Asturias, Principado de"
33053,Quirós,Asturias,33,"Asturias, Principado de"
33054,"Regueras, Las",Asturias,33,"Asturias, Principado de"
33055,Ribadedeva,Asturias,33,"Asturias, Principado de"
33056,Ribadesella,Asturias,33,"Asturias, Principado de"
33057,Ribera de Arriba,Asturias,33,"Asturias, Principado de"
33058,Riosa,Asturias,33,"Asturias, Principado de"
33059,Salas,Asturias,33,"Asturias, Principado de"
33061,San Martín de Oscos,Asturias,33,"Asturias, Principado de"
33060,San Martín del Rey Aurelio,Asturias,33,"Asturias, Principado de"
33063,San Tirso de Abres,Asturias,33,"Asturias, Principado de"
33062,Santa Eulalia de Oscos,Asturias,33,"Asturias, Principado de"
33064,Santo Adriano,Asturias,33,"Asturias, Principado de"
33065,Sariego,Asturias,33,"Asturias, Principado de"
33066,Siero,Asturias,33,"Asturias, Principado de"
33067,Sobrescobio,Asturias,33,"Asturias, Principado de"
33068,Somiedo,Asturias,33,"Asturias, Principado de"
33069,Soto del Barco,Asturias,33,"Asturias, Principado de"
33070,Tapia de Casariego,Asturias,33,"Asturias, Principado de"
33071,Taramundi,Asturias,33,"Asturias, Principado de"
33072,Teverga,Asturias,33,"Asturias, Principado de"
33073,Tineo,Asturias,33,"Asturias, Principado de"
33034,Valdés,Asturias,33,"Asturias, Principado de"
33074,Vegadeo,Asturias,33,"Asturias, Principado de"
33075,Villanueva de Oscos,Asturias,33,"Asturias, Principado de"
33076,Villaviciosa,Asturias,33,"Asturias, Principado de"
33077,Villayón,Asturias,33,"Asturias, Principado de"
33078,Yernes y Tameza,Asturias,33,"Asturias, Principado de"
34001,Abarca de Campos,Palencia,34,Castilla y León
34003,Abia de las Torres,Palencia,34,Castilla y León
34004,Aguilar de Campoo,Palencia,34,Castilla y León
34005,Alar del Rey,Palencia,34,Castilla y León
34006,Alba de Cerrato,Palencia,34,Castilla y León
34009,Amayuelas de Arriba,Palencia,34,Castilla y León
34010,Ampudia,Palencia,34,Castilla y León
34011,Amusco,Palencia,34,Castilla y León
34012,Antigüedad,Palencia,34,Castilla y León
34015,Arconada,Palencia,34,Castilla y León
34017,Astudillo,Palencia,34,Castilla y León
34018,Autilla del Pino,Palencia,34,Castilla y León
34019,Autillo de Campos,Palencia,34,Castilla y León
34020,Ayuela,Palencia,34,Castilla y León
34022,Baltanás,Palencia,34,Castilla y León
34024,Baquerín de Campos,Palencia,34,Castilla y León
34025,Bárcena de Campos,Palencia,34,Castilla y León
34027,Barruelo de Santullán,Palencia,34,Castilla y León
34028,Báscones de Ojeda,Palencia,34,Castilla y León
34029,Becerril de Campos,Palencia,34,Castilla y León
34031,Belmonte de Campos,Palencia,34,Castilla y León
34032,Berzosilla,Palencia,34,Castilla y León
34033,Boada de Campos,Palencia,34,Castilla y León
34035,Boadilla de Rioseco,Palencia,34,Castilla y León
34034,Boadilla del Camino,Palencia,34,Castilla y León
34036,Brañosera,Palencia,34,Castilla y León
34037,Buenavista de Valdavia,Palencia,34,Castilla y León
34038,Bustillo de la Vega,Palencia,34,Castilla y León
34039,Bustillo del Páramo de Carrión,Palencia,34,Castilla y León
34041,Calahorra de Boedo,Palencia,34,Castilla y León
34042,Calzada de los Molinos,Palencia,34,Castilla y León
34045,Capillas,Palencia,34,Castilla y León
34046,Cardeñosa de Volpejera,Palencia,34,Castilla y León
34047,Carrión de los Condes,Palencia,34,Castilla y León
34048,Castil de Vela,Palencia,34,Castilla y León
34049,Castrejón de la Peña,Palencia,34,Castilla y León
34050,Castrillo de Don Juan,Palencia,34,Castilla y León
34051,Castrillo de Onielo,Palencia,34,Castilla y León
34052,Castrillo de Villavega,Palencia,34,Castilla y León
34053,Castromocho,Palencia,34,Castilla y León
34055,Cervatos de la Cueza,Palencia,34,Castilla y León
34056,Cervera de Pisuerga,Palencia,34,Castilla y León
34057,Cevico de la Torre,Palencia,34,Castilla y León
34058,Cevico Navero,Palencia,34,Castilla y León
34059,Cisneros,Palencia,34,Castilla y León
34060,Cobos de Cerrato,Palencia,34,Castilla y León
34061,Collazos de Boedo,Palencia,34,Castilla y León
34062,Congosto de Valdavia,Palencia,34,Castilla y León
34063,Cordovilla la Real,Palencia,34,Castilla y León
34066,Cubillas de Cerrato,Palencia,34,Castilla y León
34067,Dehesa de Montejo,Palencia,34,Castilla y León
34068,Dehesa de Romanos,Palencia,34,Castilla y León
34069,Dueñas,Palencia,34,Castilla y León
34070,Espinosa de Cerrato,Palencia,34,Castilla y León
34071,Espinosa de Villagonzalo,Palencia,34,Castilla y León
34072,Frechilla,Palencia,34,Castilla y León
34073,Fresno del Río,Palencia,34,Castilla y León
34074,Frómista,Palencia,34,Castilla y León
34076,Fuentes de Nava,Palencia,34,Castilla y León
34077,Fuentes de Valdepero,Palencia,34,Castilla y León
34079,Grijota,Palencia,34,Castilla y León
34080,Guardo,Palencia,34,Castilla y León
34081,Guaza de Campos,Palencia,34,Castilla y León
34082,Hérmedes de Cerrato,Palencia,34,Castilla y León
34083,Herrera de Pisuerga,Palencia,34,Castilla y León
34084,Herrera de Valdecañas,Palencia,34,Castilla y León
34086,Hontoria de Cerrato,Palencia,34,Castilla y León
34087,Hornillos de Cerrato,Palencia,34,Castilla y León
34088,Husillos,Palencia,34,Castilla y León
34089,Itero de la Vega,Palencia,34,Castilla y León
34091,Lagartos,Palencia,34,Castilla y León
34092,Lantadilla,Palencia,34,Castilla y León
34094,Ledigos,Palencia,34,Castilla y León
34903,Loma de Ucieza,Palencia,34,Castilla y León
34096,Lomas,Palencia,34,Castilla y León
34098,Magaz de Pisuerga,Palencia,34,Castilla y León
34099,Manquillos,Palencia,34,Castilla y León
34100,Mantinos,Palencia,34,Castilla y León
34101,Marcilla de Campos,Palencia,34,Castilla y León
34102,Mazariegos,Palencia,34,Castilla y León
34103,Mazuecos de Valdeginate,Palencia,34,Castilla y León
34104,Melgar de Yuso,Palencia,34,Castilla y León
34106,Meneses de Campos,Palencia,34,Castilla y León
34107,Micieces de Ojeda,Palencia,34,Castilla y León
34108,Monzón de Campos,Palencia,34,Castilla y León
34109,Moratinos,Palencia,34,Castilla y León
34110,Mudá,Palencia,34,Castilla y León
34112,Nogal de las Huertas,Palencia,34,Castilla y León
34113,Olea de Boedo,Palencia,34,Castilla y León
34114,Olmos de Ojeda,Palencia,34,Castilla y León
34116,Osornillo,Palencia,34,Castilla y León
34901,Osorno la Mayor,Palencia,34,Castilla y León
34120,Palencia,Palencia,34,Castilla y León
34121,Palenzuela,Palencia,34,Castilla y León
34122,Páramo de Boedo,Palencia,34,Castilla y León
34123,Paredes de Nava,Palencia,34,Castilla y León
34124,Payo de Ojeda,Palencia,34,Castilla y León
34125,Pedraza de Campos,Palencia,34,Castilla y León
34126,Pedrosa de la Vega,Palencia,34,Castilla y León
34127,Perales,Palencia,34,Castilla y León
34904,"Pernía, La",Palencia,34,Castilla y León
34129,Pino del Río,Palencia,34,Castilla y León
34130,Piña de Campos,Palencia,34,Castilla y León
34131,Población de Arroyo,Palencia,34,Castilla y León
34132,Población de Campos,Palencia,34,Castilla y León
34133,Población de Cerrato,Palencia,34,Castilla y León
34134,Polentinos,Palencia,34,Castilla y León
34135,Pomar de Valdivia,Palencia,34,Castilla y León
34136,Poza de la Vega,Palencia,34,Castilla y León
34137,Pozo de Urama,Palencia,34,Castilla y León
34139,Prádanos de Ojeda,Palencia,34,Castilla y León
34140,"Puebla de Valdavia, La",Palencia,34,Castilla y León
34141,Quintana del Puente,Palencia,34,Castilla y León
34143,Quintanilla de Onsoña,Palencia,34,Castilla y León
34146,Reinoso de Cerrato,Palencia,34,Castilla y León
34147,Renedo de la Vega,Palencia,34,Castilla y León
34149,Requena de Campos,Palencia,34,Castilla y León
34151,Respenda de la Peña,Palencia,34,Castilla y León
34152,Revenga de Campos,Palencia,34,Castilla y León
34154,Revilla de Collazos,Palencia,34,Castilla y León
34155,Ribas de Campos,Palencia,34,Castilla y León
34156,Riberos de la Cueza,Palencia,34,Castilla y León
34157,Saldaña,Palencia,34,Castilla y León
34158,Salinas de Pisuerga,Palencia,34,Castilla y León
34159,San Cebrián de Campos,Palencia,34,Castilla y León
34160,San Cebrián de Mudá,Palencia,34,Castilla y León
34161,San Cristóbal de Boedo,Palencia,34,Castilla y León
34163,San Mamés de Campos,Palencia,34,Castilla y León
34165,San Román de la Cuba,Palencia,34,Castilla y León
34167,Santa Cecilia del Alcor,Palencia,34,Castilla y León
34168,Santa Cruz de Boedo,Palencia,34,Castilla y León
34169,Santervás de la Vega,Palencia,34,Castilla y León
34170,Santibáñez de Ecla,Palencia,34,Castilla y León
34171,Santibáñez de la Peña,Palencia,34,Castilla y León
34174,Santoyo,Palencia,34,Castilla y León
34175,"Serna, La",Palencia,34,Castilla y León
34177,Soto de Cerrato,Palencia,34,Castilla y León
34176,Sotobañado y Priorato,Palencia,34,Castilla y León
34178,Tabanera de Cerrato,Palencia,34,Castilla y León
34179,Tabanera de Valdavia,Palencia,34,Castilla y León
34180,Támara de Campos,Palencia,34,Castilla y León
34181,Tariego de Cerrato,Palencia,34,Castilla y León
34182,Torquemada,Palencia,34,Castilla y León
34184,Torremormojón,Palencia,34,Castilla y León
34185,Triollo,Palencia,34,Castilla y León
34186,Valbuena de Pisuerga,Palencia,34,Castilla y León
34189,Valdeolmillos,Palencia,34,Castilla y León
34190,Valderrábano,Palencia,34,Castilla y León
34192,Valde-Ucieza,Palencia,34,Castilla y León
34196,Valle de Cerrato,Palencia,34,Castilla y León
34902,Valle del Retortillo,Palencia,34,Castilla y León
34199,Velilla del Río Carrión,Palencia,34,Castilla y León
34023,Venta de Baños,Palencia,34,Castilla y León
34201,Vertavillo,Palencia,34,Castilla y León
34093,"Vid de Ojeda, La",Palencia,34,Castilla y León
34202,Villabasta de Valdavia,Palencia,34,Castilla y León
34204,Villacidaler,Palencia,34,Castilla y León
34205,Villaconancio,Palencia,34,Castilla y León
34206,Villada,Palencia,34,Castilla y León
34208,Villaeles de Valdavia,Palencia,34,Castilla y León
34210,Villahán,Palencia,34,Castilla y León
34211,Villaherreros,Palencia,34,Castilla y León
34213,Villalaco,Palencia,34,Castilla y León
34214,Villalba de Guardo,Palencia,34,Castilla y León
34215,Villalcázar de Sirga,Palencia,34,Castilla y León
34216,Villalcón,Palencia,34,Castilla y León
34217,Villalobón,Palencia,34,Castilla y León
34218,Villaluenga de la Vega,Palencia,34,Castilla y León
34220,Villamartín de Campos,Palencia,34,Castilla y León
34221,Villamediana,Palencia,34,Castilla y León
34222,Villameriel,Palencia,34,Castilla y León
34223,Villamoronta,Palencia,34,Castilla y León
34224,Villamuera de la Cueza,Palencia,34,Castilla y León
34225,Villamuriel de Cerrato,Palencia,34,Castilla y León
34227,Villanueva del Rebollar,Palencia,34,Castilla y León
34228,Villanuño de Valdavia,Palencia,34,Castilla y León
34229,Villaprovedo,Palencia,34,Castilla y León
34230,Villarmentero de Campos,Palencia,34,Castilla y León
34231,Villarrabé,Palencia,34,Castilla y León
34232,Villarramiel,Palencia,34,Castilla y León
34233,Villasarracino,Palencia,34,Castilla y León
34234,Villasila de Valdavia,Palencia,34,Castilla y León
34236,Villaturde,Palencia,34,Castilla y León
34237,Villaumbrales,Palencia,34,Castilla y León
34238,Villaviudas,Palencia,34,Castilla y León
34240,Villerías de Campos,Palencia,34,Castilla y León
34241,Villodre,Palencia,34,Castilla y León
34242,Villodrigo,Palencia,34,Castilla y León
34243,Villoldo,Palencia,34,Castilla y León
34245,Villota del Páramo,Palencia,34,Castilla y León
34246,Villovieco,Palencia,34,Castilla y León
35001,Agaete,Las Palmas,35,Canarias
35002,Agüimes,Las Palmas,35,Canarias
35020,"Aldea de San Nicolás, La",Las Palmas,35,Canarias
35003,Antigua,Las Palmas,35,Canarias
35004,Arrecife,Las Palmas,35,Canarias
35005,Artenara,Las Palmas,35,Canarias
35006,Arucas,Las Palmas,35,Canarias
35007,Betancuria,Las Palmas,35,Canarias
35008,Firgas,Las Palmas,35,Canarias
35009,Gáldar,Las Palmas,35,Canarias
35010,Haría,Las Palmas,35,Canarias
35011,Ingenio,Las Palmas,35,Canarias
35012,Mogán,Las Palmas,35,Canarias
35013,Moya,Las Palmas,35,Canarias
35014,"Oliva, La",Las Palmas,35,Canarias
35015,Pájara,Las Palmas,35,Canarias
35016,"Palmas de Gran Canaria, Las",Las Palmas,35,Canarias
35017,Puerto del Rosario,Las Palmas,35,Canarias
35018,San Bartolomé,Las Palmas,35,Canarias
35019,San Bartolomé de Tirajana,Las Palmas,35,Canarias
35021,Santa Brígida,Las Palmas,35,Canarias
35022,Santa Lucía de Tirajana,Las Palmas,35,Canarias
35023,Santa María de Guía de Gran Canaria,Las Palmas,35,Canarias
35024,Teguise,Las Palmas,35,Canarias
35025,Tejeda,Las Palmas,35,Canarias
35026,Telde,Las Palmas,35,Canarias
35027,Teror,Las Palmas,35,Canarias
35028,Tías,Las Palmas,35,Canarias
35029,Tinajo,Las Palmas,35,Canarias
35030,Tuineje,Las Palmas,35,Canarias
35032,Valleseco,Las Palmas,35,Canarias
35031,Valsequillo de Gran Canaria,Las Palmas,35,Canarias
35033,Vega de San Mateo,Las Palmas,35,Canarias
35034,Yaiza,Las Palmas,35,Canarias
36020,Agolada,Pontevedra,36,Galicia
36001,Arbo,Pontevedra,36,Galicia
36003,Baiona,Pontevedra,36,Galicia
36002,Barro,Pontevedra,36,Galicia
36004,Bueu,Pontevedra,36,Galicia
36005,Caldas de Reis,Pontevedra,36,Galicia
36006,Cambados,Pontevedra,36,Galicia
36007,Campo Lameiro,Pontevedra,36,Galicia
36008,Cangas,Pontevedra,36,Galicia
36009,"Cañiza, A",Pontevedra,36,Galicia
36010,Catoira,Pontevedra,36,Galicia
36902,Cerdedo-Cotobade,Pontevedra,36,Galicia
36013,Covelo,Pontevedra,36,Galicia
36014,Crecente,Pontevedra,36,Galicia
36015,Cuntis,Pontevedra,36,Galicia
36016,Dozón,Pontevedra,36,Galicia
36017,"Estrada, A",Pontevedra,36,Galicia
36018,Forcarei,Pontevedra,36,Galicia
36019,Fornelos de Montes,Pontevedra,36,Galicia
36021,Gondomar,Pontevedra,36,Galicia
36022,"Grove, O",Pontevedra,36,Galicia
36023,"Guarda, A",Pontevedra,36,Galicia
36901,"Illa de Arousa, A",Pontevedra,36,Galicia
36024,Lalín,Pontevedra,36,Galicia
36025,"Lama, A",Pontevedra,36,Galicia
36026,Marín,Pontevedra,36,Galicia
36027,Meaño,Pontevedra,36,Galicia
36028,Meis,Pontevedra,36,Galicia
36029,Moaña,Pontevedra,36,Galicia
36030,Mondariz,Pontevedra,36,Galicia
36031,Mondariz-Balneario,Pontevedra,36,Galicia
36032,Moraña,Pontevedra,36,Galicia
36033,Mos,Pontevedra,36,Galicia
36034,"Neves, As",Pontevedra,36,Galicia
36035,Nigrán,Pontevedra,36,Galicia
36036,Oia,Pontevedra,36,Galicia
36037,Pazos de Borbén,Pontevedra,36,Galicia
36041,Poio,Pontevedra,36,Galicia
36043,Ponte Caldelas,Pontevedra,36,Galicia
36042,Ponteareas,Pontevedra,36,Galicia
36044,Pontecesures,Pontevedra,36,Galicia
36038,Pontevedra,Pontevedra,36,Galicia
36039,"Porriño, O",Pontevedra,36,Galicia
36040,Portas,Pontevedra,36,Galicia
36045,Redondela,Pontevedra,36,Galicia
36046,Ribadumia,Pontevedra,36,Galicia
36047,Rodeiro,Pontevedra,36,Galicia
36048,"Rosal, O",Pontevedra,36,Galicia
36049,Salceda de Caselas,Pontevedra,36,Galicia
36050,Salvaterra de Miño,Pontevedra,36,Galicia
36051,Sanxenxo,Pontevedra,36,Galicia
36052,Silleda,Pontevedra,36,Galicia
36053,Soutomaior,Pontevedra,36,Galicia
36054,Tomiño,Pontevedra,36,Galicia
36055,Tui,Pontevedra,36,Galicia
36056,Valga,Pontevedra,36,Galicia
36057,Vigo,Pontevedra,36,Galicia
36059,Vila de Cruces,Pontevedra,36,Galicia
36058,Vilaboa,Pontevedra,36,Galicia
36060,Vilagarcía de Arousa,Pontevedra,36,Galicia
36061,Vilanova de Arousa,Pontevedra,36,Galicia
37001,Abusejo,Salamanca,37,Castilla y León
37002,Agallas,Salamanca,37,Castilla y León
37003,Ahigal de los Aceiteros,Salamanca,37,Castilla y León
37004,Ahigal de Villarino,Salamanca,37,Castilla y León
37005,"Alameda de Gardón, La",Salamanca,37,Castilla y León
37006,"Alamedilla, La",Salamanca,37,Castilla y León
37007,Alaraz,Salamanca,37,Castilla y León
37008,Alba de Tormes,Salamanca,37,Castilla y León
37009,Alba de Yeltes,Salamanca,37,Castilla y León
37010,"Alberca, La",Salamanca,37,Castilla y León
37011,"Alberguería de Argañán, La",Salamanca,37,Castilla y León
37012,Alconada,Salamanca,37,Castilla y León
37015,Aldea del Obispo,Salamanca,37,Castilla y León
37013,Aldeacipreste,Salamanca,37,Castilla y León
37014,Aldeadávila de la Ribera,Salamanca,37,Castilla y León
37016,Aldealengua,Salamanca,37,Castilla y León
37017,Aldeanueva de Figueroa,Salamanca,37,Castilla y León
37018,Aldeanueva de la Sierra,Salamanca,37,Castilla y León
37019,Aldearrodrigo,Salamanca,37,Castilla y León
37020,Aldearrubia,Salamanca,37,Castilla y León
37021,Aldeaseca de Alba,Salamanca,37,Castilla y León
37022,Aldeaseca de la Frontera,Salamanca,37,Castilla y León
37023,Aldeatejada,Salamanca,37,Castilla y León
37024,Aldeavieja de Tormes,Salamanca,37,Castilla y León
37025,Aldehuela de la Bóveda,Salamanca,37,Castilla y León
37026,Aldehuela de Yeltes,Salamanca,37,Castilla y León
37027,Almenara de Tormes,Salamanca,37,Castilla y León
37028,Almendra,Salamanca,37,Castilla y León
37029,Anaya de Alba,Salamanca,37,Castilla y León
37030,Añover de Tormes,Salamanca,37,Castilla y León
37031,Arabayona de Mógica,Salamanca,37,Castilla y León
37032,Arapiles,Salamanca,37,Castilla y León
37033,Arcediano,Salamanca,37,Castilla y León
37034,"Arco, El",Salamanca,37,Castilla y León
37035,Armenteros,Salamanca,37,Castilla y León
37037,"Atalaya, La",Salamanca,37,Castilla y León
37038,Babilafuente,Salamanca,37,Castilla y León
37039,Bañobárez,Salamanca,37,Castilla y León
37040,Barbadillo,Salamanca,37,Castilla y León
37041,Barbalos,Salamanca,37,Castilla y León
37042,Barceo,Salamanca,37,Castilla y León
37044,Barruecopardo,Salamanca,37,Castilla y León
37045,"Bastida, La",Salamanca,37,Castilla y León
37046,Béjar,Salamanca,37,Castilla y León
37047,Beleña,Salamanca,37,Castilla y León
37049,Bermellar,Salamanca,37,Castilla y León
37050,Berrocal de Huebra,Salamanca,37,Castilla y León
37051,Berrocal de Salvatierra,Salamanca,37,Castilla y León
37052,Boada,Salamanca,37,Castilla y León
37054,"Bodón, El",Salamanca,37,Castilla y León
37055,Bogajo,Salamanca,37,Castilla y León
37056,"Bouza, La",Salamanca,37,Castilla y León
37057,Bóveda del Río Almar,Salamanca,37,Castilla y León
37058,Brincones,Salamanca,37,Castilla y León
37059,Buenamadre,Salamanca,37,Castilla y León
37060,Buenavista,Salamanca,37,Castilla y León
37061,"Cabaco, El",Salamanca,37,Castilla y León
37063,"Cabeza de Béjar, La",Salamanca,37,Castilla y León
37065,Cabeza del Caballo,Salamanca,37,Castilla y León
37062,Cabezabellosa de la Calzada,Salamanca,37,Castilla y León
37067,Cabrerizos,Salamanca,37,Castilla y León
37068,Cabrillas,Salamanca,37,Castilla y León
37069,Calvarrasa de Abajo,Salamanca,37,Castilla y León
37070,Calvarrasa de Arriba,Salamanca,37,Castilla y León
37071,"Calzada de Béjar, La",Salamanca,37,Castilla y León
37072,Calzada de Don Diego,Salamanca,37,Castilla y León
37073,Calzada de Valdunciel,Salamanca,37,Castilla y León
37074,Campillo de Azaba,Salamanca,37,Castilla y León
37077,"Campo de Peñaranda, El",Salamanca,37,Castilla y León
37078,Candelario,Salamanca,37,Castilla y León
37079,Canillas de Abajo,Salamanca,37,Castilla y León
37080,Cantagallo,Salamanca,37,Castilla y León
37081,Cantalapiedra,Salamanca,37,Castilla y León
37082,Cantalpino,Salamanca,37,Castilla y León
37083,Cantaracillo,Salamanca,37,Castilla y León
37085,Carbajosa de la Sagrada,Salamanca,37,Castilla y León
37086,Carpio de Azaba,Salamanca,37,Castilla y León
37087,Carrascal de Barregas,Salamanca,37,Castilla y León
37088,Carrascal del Obispo,Salamanca,37,Castilla y León
37089,Casafranca,Salamanca,37,Castilla y León
37090,"Casas del Conde, Las",Salamanca,37,Castilla y León
37091,Casillas de Flores,Salamanca,37,Castilla y León
37092,Castellanos de Moriscos,Salamanca,37,Castilla y León
37185,Castellanos de Villiquera,Salamanca,37,Castilla y León
37096,Castillejo de Martín Viejo,Salamanca,37,Castilla y León
37097,Castraz,Salamanca,37,Castilla y León
37098,Cepeda,Salamanca,37,Castilla y León
37099,Cereceda de la Sierra,Salamanca,37,Castilla y León
37100,Cerezal de Peñahorcada,Salamanca,37,Castilla y León
37101,Cerralbo,Salamanca,37,Castilla y León
37102,"Cerro, El",Salamanca,37,Castilla y León
37103,Cespedosa de Tormes,Salamanca,37,Castilla y León
37114,Chagarcía Medianero,Salamanca,37,Castilla y León
37104,Cilleros de la Bastida,Salamanca,37,Castilla y León
37106,Cipérez,Salamanca,37,Castilla y León
37107,Ciudad Rodrigo,Salamanca,37,Castilla y León
37108,Coca de Alba,Salamanca,37,Castilla y León
37109,Colmenar de Montemayor,Salamanca,37,Castilla y León
37110,Cordovilla,Salamanca,37,Castilla y León
37112,Cristóbal,Salamanca,37,Castilla y León
37113,"Cubo de Don Sancho, El",Salamanca,37,Castilla y León
37115,Dios le Guarde,Salamanca,37,Castilla y León
37116,Doñinos de Ledesma,Salamanca,37,Castilla y León
37117,Doñinos de Salamanca,Salamanca,37,Castilla y León
37118,Éjeme,Salamanca,37,Castilla y León
37120,Encina de San Silvestre,Salamanca,37,Castilla y León
37119,"Encina, La",Salamanca,37,Castilla y León
37121,Encinas de Abajo,Salamanca,37,Castilla y León
37122,Encinas de Arriba,Salamanca,37,Castilla y León
37123,Encinasola de los Comendadores,Salamanca,37,Castilla y León
37124,Endrinal,Salamanca,37,Castilla y León
37125,Escurial de la Sierra,Salamanca,37,Castilla y León
37126,Espadaña,Salamanca,37,Castilla y León
37127,Espeja,Salamanca,37,Castilla y León
37128,Espino de la Orbada,Salamanca,37,Castilla y León
37129,Florida de Liébana,Salamanca,37,Castilla y León
37130,Forfoleda,Salamanca,37,Castilla y León
37131,Frades de la Sierra,Salamanca,37,Castilla y León
37132,"Fregeneda, La",Salamanca,37,Castilla y León
37133,Fresnedoso,Salamanca,37,Castilla y León
37134,Fresno Alhándiga,Salamanca,37,Castilla y León
37135,"Fuente de San Esteban, La",Salamanca,37,Castilla y León
37136,Fuenteguinaldo,Salamanca,37,Castilla y León
37137,Fuenteliante,Salamanca,37,Castilla y León
37138,Fuenterroble de Salvatierra,Salamanca,37,Castilla y León
37139,Fuentes de Béjar,Salamanca,37,Castilla y León
37140,Fuentes de Oñoro,Salamanca,37,Castilla y León
37141,Gajates,Salamanca,37,Castilla y León
37142,Galindo y Perahuy,Salamanca,37,Castilla y León
37143,Galinduste,Salamanca,37,Castilla y León
37144,Galisancho,Salamanca,37,Castilla y León
37145,Gallegos de Argañán,Salamanca,37,Castilla y León
37146,Gallegos de Solmirón,Salamanca,37,Castilla y León
37147,Garcibuey,Salamanca,37,Castilla y León
37148,Garcihernández,Salamanca,37,Castilla y León
37149,Garcirrey,Salamanca,37,Castilla y León
37150,Gejuelo del Barro,Salamanca,37,Castilla y León
37151,Golpejas,Salamanca,37,Castilla y León
37152,Gomecello,Salamanca,37,Castilla y León
37154,Guadramiro,Salamanca,37,Castilla y León
37155,Guijo de Ávila,Salamanca,37,Castilla y León
37156,Guijuelo,Salamanca,37,Castilla y León
37157,Herguijuela de Ciudad Rodrigo,Salamanca,37,Castilla y León
37158,Herguijuela de la Sierra,Salamanca,37,Castilla y León
37159,Herguijuela del Campo,Salamanca,37,Castilla y León
37160,Hinojosa de Duero,Salamanca,37,Castilla y León
37161,Horcajo de Montemayor,Salamanca,37,Castilla y León
37162,Horcajo Medianero,Salamanca,37,Castilla y León
37163,"Hoya, La",Salamanca,37,Castilla y León
37164,Huerta,Salamanca,37,Castilla y León
37165,Iruelos,Salamanca,37,Castilla y León
37166,Ituero de Azaba,Salamanca,37,Castilla y León
37167,Juzbado,Salamanca,37,Castilla y León
37168,Lagunilla,Salamanca,37,Castilla y León
37169,Larrodrigo,Salamanca,37,Castilla y León
37170,Ledesma,Salamanca,37,Castilla y León
37171,Ledrada,Salamanca,37,Castilla y León
37172,Linares de Riofrío,Salamanca,37,Castilla y León
37173,Lumbrales,Salamanca,37,Castilla y León
37175,Machacón,Salamanca,37,Castilla y León
37174,Macotera,Salamanca,37,Castilla y León
37176,Madroñal,Salamanca,37,Castilla y León
37177,"Maíllo, El",Salamanca,37,Castilla y León
37178,Malpartida,Salamanca,37,Castilla y León
37179,Mancera de Abajo,Salamanca,37,Castilla y León
37180,"Manzano, El",Salamanca,37,Castilla y León
37181,Martiago,Salamanca,37,Castilla y León
37183,Martín de Yeltes,Salamanca,37,Castilla y León
37182,Martinamor,Salamanca,37,Castilla y León
37184,Masueco,Salamanca,37,Castilla y León
37186,"Mata de Ledesma, La",Salamanca,37,Castilla y León
37187,Matilla de los Caños del Río,Salamanca,37,Castilla y León
37188,"Maya, La",Salamanca,37,Castilla y León
37189,Membribe de la Sierra,Salamanca,37,Castilla y León
37190,Mieza,Salamanca,37,Castilla y León
37191,"Milano, El",Salamanca,37,Castilla y León
37192,Miranda de Azán,Salamanca,37,Castilla y León
37193,Miranda del Castañar,Salamanca,37,Castilla y León
37194,Mogarraz,Salamanca,37,Castilla y León
37195,Molinillo,Salamanca,37,Castilla y León
37196,Monforte de la Sierra,Salamanca,37,Castilla y León
37197,Monleón,Salamanca,37,Castilla y León
37198,Monleras,Salamanca,37,Castilla y León
37199,Monsagro,Salamanca,37,Castilla y León
37200,Montejo,Salamanca,37,Castilla y León
37201,Montemayor del Río,Salamanca,37,Castilla y León
37202,Monterrubio de Armuña,Salamanca,37,Castilla y León
37203,Monterrubio de la Sierra,Salamanca,37,Castilla y León
37204,Morasverdes,Salamanca,37,Castilla y León
37205,Morille,Salamanca,37,Castilla y León
37206,Moríñigo,Salamanca,37,Castilla y León
37207,Moriscos,Salamanca,37,Castilla y León
37208,Moronta,Salamanca,37,Castilla y León
37209,Mozárbez,Salamanca,37,Castilla y León
37211,Narros de Matalayegua,Salamanca,37,Castilla y León
37213,Nava de Béjar,Salamanca,37,Castilla y León
37214,Nava de Francia,Salamanca,37,Castilla y León
37215,Nava de Sotrobal,Salamanca,37,Castilla y León
37212,Navacarros,Salamanca,37,Castilla y León
37216,Navales,Salamanca,37,Castilla y León
37217,Navalmoral de Béjar,Salamanca,37,Castilla y León
37218,Navamorales,Salamanca,37,Castilla y León
37219,Navarredonda de la Rinconada,Salamanca,37,Castilla y León
37221,Navasfrías,Salamanca,37,Castilla y León
37222,Negrilla de Palencia,Salamanca,37,Castilla y León
37223,Olmedo de Camaces,Salamanca,37,Castilla y León
37224,"Orbada, La",Salamanca,37,Castilla y León
37225,Pajares de la Laguna,Salamanca,37,Castilla y León
37226,Palacios del Arzobispo,Salamanca,37,Castilla y León
37228,Palaciosrubios,Salamanca,37,Castilla y León
37229,Palencia de Negrilla,Salamanca,37,Castilla y León
37230,Parada de Arriba,Salamanca,37,Castilla y León
37231,Parada de Rubiales,Salamanca,37,Castilla y León
37232,Paradinas de San Juan,Salamanca,37,Castilla y León
37233,Pastores,Salamanca,37,Castilla y León
37234,"Payo, El",Salamanca,37,Castilla y León
37235,Pedraza de Alba,Salamanca,37,Castilla y León
37236,Pedrosillo de Alba,Salamanca,37,Castilla y León
37237,Pedrosillo de los Aires,Salamanca,37,Castilla y León
37238,Pedrosillo el Ralo,Salamanca,37,Castilla y León
37239,"Pedroso de la Armuña, El",Salamanca,37,Castilla y León
37240,Pelabravo,Salamanca,37,Castilla y León
37241,Pelarrodríguez,Salamanca,37,Castilla y León
37242,Pelayos,Salamanca,37,Castilla y León
37243,"Peña, La",Salamanca,37,Castilla y León
37244,Peñacaballera,Salamanca,37,Castilla y León
37245,Peñaparda,Salamanca,37,Castilla y León
37246,Peñaranda de Bracamonte,Salamanca,37,Castilla y León
37247,Peñarandilla,Salamanca,37,Castilla y León
37248,Peralejos de Abajo,Salamanca,37,Castilla y León
37249,Peralejos de Arriba,Salamanca,37,Castilla y León
37250,Pereña de la Ribera,Salamanca,37,Castilla y León
37251,Peromingo,Salamanca,37,Castilla y León
37252,Pinedas,Salamanca,37,Castilla y León
37253,"Pino de Tormes, El",Salamanca,37,Castilla y León
37254,Pitiegua,Salamanca,37,Castilla y León
37255,Pizarral,Salamanca,37,Castilla y León
37256,Poveda de las Cintas,Salamanca,37,Castilla y León
37257,Pozos de Hinojo,Salamanca,37,Castilla y León
37258,Puebla de Azaba,Salamanca,37,Castilla y León
37259,Puebla de San Medel,Salamanca,37,Castilla y León
37260,Puebla de Yeltes,Salamanca,37,Castilla y León
37261,Puente del Congosto,Salamanca,37,Castilla y León
37262,Puertas,Salamanca,37,Castilla y León
37263,Puerto de Béjar,Salamanca,37,Castilla y León
37264,Puerto Seguro,Salamanca,37,Castilla y León
37265,Rágama,Salamanca,37,Castilla y León
37266,"Redonda, La",Salamanca,37,Castilla y León
37267,Retortillo,Salamanca,37,Castilla y León
37268,"Rinconada de la Sierra, La",Salamanca,37,Castilla y León
37269,Robleda,Salamanca,37,Castilla y León
37270,Robliza de Cojos,Salamanca,37,Castilla y León
37271,Rollán,Salamanca,37,Castilla y León
37272,Saelices el Chico,Salamanca,37,Castilla y León
37273,"Sagrada, La",Salamanca,37,Castilla y León
37303,"Sahugo, El",Salamanca,37,Castilla y León
37274,Salamanca,Salamanca,37,Castilla y León
37275,Saldeana,Salamanca,37,Castilla y León
37276,Salmoral,Salamanca,37,Castilla y León
37277,Salvatierra de Tormes,Salamanca,37,Castilla y León
37278,San Cristóbal de la Cuesta,Salamanca,37,Castilla y León
37284,San Esteban de la Sierra,Salamanca,37,Castilla y León
37285,San Felices de los Gallegos,Salamanca,37,Castilla y León
37286,San Martín del Castañar,Salamanca,37,Castilla y León
37287,San Miguel de Valero,Salamanca,37,Castilla y León
37036,San Miguel del Robledo,Salamanca,37,Castilla y León
37288,San Morales,Salamanca,37,Castilla y León
37289,San Muñoz,Salamanca,37,Castilla y León
37291,San Pedro de Rozados,Salamanca,37,Castilla y León
37290,San Pedro del Valle,Salamanca,37,Castilla y León
37292,San Pelayo de Guareña,Salamanca,37,Castilla y León
37280,Sanchón de la Ribera,Salamanca,37,Castilla y León
37281,Sanchón de la Sagrada,Salamanca,37,Castilla y León
37282,Sanchotello,Salamanca,37,Castilla y León
37279,Sancti-Spíritus,Salamanca,37,Castilla y León
37283,Sando,Salamanca,37,Castilla y León
37293,Santa María de Sando,Salamanca,37,Castilla y León
37294,Santa Marta de Tormes,Salamanca,37,Castilla y León
37296,Santiago de la Puebla,Salamanca,37,Castilla y León
37297,Santibáñez de Béjar,Salamanca,37,Castilla y León
37298,Santibáñez de la Sierra,Salamanca,37,Castilla y León
37299,Santiz,Salamanca,37,Castilla y León
37300,"Santos, Los",Salamanca,37,Castilla y León
37301,Sardón de los Frailes,Salamanca,37,Castilla y León
37302,Saucelle,Salamanca,37,Castilla y León
37304,Sepulcro-Hilario,Salamanca,37,Castilla y León
37305,Sequeros,Salamanca,37,Castilla y León
37306,Serradilla del Arroyo,Salamanca,37,Castilla y León
37307,Serradilla del Llano,Salamanca,37,Castilla y León
37309,"Sierpe, La",Salamanca,37,Castilla y León
37310,Sieteiglesias de Tormes,Salamanca,37,Castilla y León
37311,Sobradillo,Salamanca,37,Castilla y León
37312,Sorihuela,Salamanca,37,Castilla y León
37313,Sotoserrano,Salamanca,37,Castilla y León
37314,Tabera de Abajo,Salamanca,37,Castilla y León
37315,"Tala, La",Salamanca,37,Castilla y León
37316,Tamames,Salamanca,37,Castilla y León
37317,Tarazona de Guareña,Salamanca,37,Castilla y León
37318,Tardáguila,Salamanca,37,Castilla y León
37319,"Tejado, El",Salamanca,37,Castilla y León
37320,Tejeda y Segoyuela,Salamanca,37,Castilla y León
37321,Tenebrón,Salamanca,37,Castilla y León
37322,Terradillos,Salamanca,37,Castilla y León
37323,Topas,Salamanca,37,Castilla y León
37324,Tordillos,Salamanca,37,Castilla y León
37325,"Tornadizo, El",Salamanca,37,Castilla y León
37327,Torresmenudas,Salamanca,37,Castilla y León
37328,Trabanca,Salamanca,37,Castilla y León
37329,Tremedal de Tormes,Salamanca,37,Castilla y León
37330,Valdecarros,Salamanca,37,Castilla y León
37331,Valdefuentes de Sangusín,Salamanca,37,Castilla y León
37332,Valdehijaderos,Salamanca,37,Castilla y León
37333,Valdelacasa,Salamanca,37,Castilla y León
37334,Valdelageve,Salamanca,37,Castilla y León
37335,Valdelosa,Salamanca,37,Castilla y León
37336,Valdemierque,Salamanca,37,Castilla y León
37337,Valderrodrigo,Salamanca,37,Castilla y León
37338,Valdunciel,Salamanca,37,Castilla y León
37339,Valero,Salamanca,37,Castilla y León
37343,Vallejera de Riofrío,Salamanca,37,Castilla y León
37340,Valsalabroso,Salamanca,37,Castilla y León
37341,Valverde de Valdelacasa,Salamanca,37,Castilla y León
37342,Valverdón,Salamanca,37,Castilla y León
37344,Vecinos,Salamanca,37,Castilla y León
37345,Vega de Tirados,Salamanca,37,Castilla y León
37346,"Veguillas, Las",Salamanca,37,Castilla y León
37347,"Vellés, La",Salamanca,37,Castilla y León
37348,Ventosa del Río Almar,Salamanca,37,Castilla y León
37349,"Vídola, La",Salamanca,37,Castilla y León
37351,Villaflores,Salamanca,37,Castilla y León
37352,Villagonzalo de Tormes,Salamanca,37,Castilla y León
37353,Villalba de los Llanos,Salamanca,37,Castilla y León
37354,Villamayor,Salamanca,37,Castilla y León
37355,Villanueva del Conde,Salamanca,37,Castilla y León
37356,Villar de Argañán,Salamanca,37,Castilla y León
37357,Villar de Ciervo,Salamanca,37,Castilla y León
37358,Villar de Gallimazo,Salamanca,37,Castilla y León
37359,Villar de la Yegua,Salamanca,37,Castilla y León
37360,Villar de Peralonso,Salamanca,37,Castilla y León
37361,Villar de Samaniego,Salamanca,37,Castilla y León
37362,Villares de la Reina,Salamanca,37,Castilla y León
37363,Villares de Yeltes,Salamanca,37,Castilla y León
37364,Villarino de los Aires,Salamanca,37,Castilla y León
37365,Villarmayor,Salamanca,37,Castilla y León
37366,Villarmuerto,Salamanca,37,Castilla y León
37367,Villasbuenas,Salamanca,37,Castilla y León
37368,Villasdardo,Salamanca,37,Castilla y León
37369,Villaseco de los Gamitos,Salamanca,37,Castilla y León
37370,Villaseco de los Reyes,Salamanca,37,Castilla y León
37371,Villasrubias,Salamanca,37,Castilla y León
37372,Villaverde de Guareña,Salamanca,37,Castilla y León
37373,Villavieja de Yeltes,Salamanca,37,Castilla y León
37374,Villoria,Salamanca,37,Castilla y León
37375,Villoruela,Salamanca,37,Castilla y León
37350,Vilvestre,Salamanca,37,Castilla y León
37376,Vitigudino,Salamanca,37,Castilla y León
37377,Yecla de Yeltes,Salamanca,37,Castilla y León
37378,Zamarra,Salamanca,37,Castilla y León
37379,Zamayón,Salamanca,37,Castilla y León
37380,Zarapicos,Salamanca,37,Castilla y León
37381,"Zarza de Pumareda, La",Salamanca,37,Castilla y León
37382,Zorita de la Frontera,Salamanca,37,Castilla y León
38001,Adeje,Santa Cruz de Tenerife,38,Canarias
38002,Agulo,Santa Cruz de Tenerife,38,Canarias
38003,Alajeró,Santa Cruz de Tenerife,38,Canarias
38004,Arafo,Santa Cruz de Tenerife,38,Canarias
38005,Arico,Santa Cruz de Tenerife,38,Canarias
38006,Arona,Santa Cruz de Tenerife,38,Canarias
38007,Barlovento,Santa Cruz de Tenerife,38,Canarias
38008,Breña Alta,Santa Cruz de Tenerife,38,Canarias
38009,Breña Baja,Santa Cruz de Tenerife,38,Canarias
38010,Buenavista del Norte,Santa Cruz de Tenerife,38,Canarias
38011,Candelaria,Santa Cruz de Tenerife,38,Canarias
38012,Fasnia,Santa Cruz de Tenerife,38,Canarias
38013,Frontera,Santa Cruz de Tenerife,38,Canarias
38014,Fuencaliente de la Palma,Santa Cruz de Tenerife,38,Canarias
38015,Garachico,Santa Cruz de Tenerife,38,Canarias
38016,Garafía,Santa Cruz de Tenerife,38,Canarias
38017,Granadilla de Abona,Santa Cruz de Tenerife,38,Canarias
38018,"Guancha, La",Santa Cruz de Tenerife,38,Canarias
38019,Guía de Isora,Santa Cruz de Tenerife,38,Canarias
38020,Güímar,Santa Cruz de Tenerife,38,Canarias
38021,Hermigua,Santa Cruz de Tenerife,38,Canarias
38022,Icod de los Vinos,Santa Cruz de Tenerife,38,Canarias
38024,"Llanos de Aridane, Los",Santa Cruz de Tenerife,38,Canarias
38025,"Matanza de Acentejo, La",Santa Cruz de Tenerife,38,Canarias
38026,"Orotava, La",Santa Cruz de Tenerife,38,Canarias
38027,"Paso, El",Santa Cruz de Tenerife,38,Canarias
38901,"Pinar de El Hierro, El",Santa Cruz de Tenerife,38,Canarias
38028,Puerto de la Cruz,Santa Cruz de Tenerife,38,Canarias
38029,Puntagorda,Santa Cruz de Tenerife,38,Canarias
38030,Puntallana,Santa Cruz de Tenerife,38,Canarias
38031,"Realejos, Los",Santa Cruz de Tenerife,38,Canarias
38032,"Rosario, El",Santa Cruz de Tenerife,38,Canarias
38033,San Andrés y Sauces,Santa Cruz de Tenerife,38,Canarias
38023,San Cristóbal de La Laguna,Santa Cruz de Tenerife,38,Canarias
38034,San Juan de la Rambla,Santa Cruz de Tenerife,38,Canarias
38035,San Miguel de Abona,Santa Cruz de Tenerife,38,Canarias
38036,San Sebastián de la Gomera,Santa Cruz de Tenerife,38,Canarias
38037,Santa Cruz de la Palma,Santa Cruz de Tenerife,38,Canarias
38038,Santa Cruz de Tenerife,Santa Cruz de Tenerife,38,Canarias
38039,Santa Úrsula,Santa Cruz de Tenerife,38,Canarias
38040,Santiago del Teide,Santa Cruz de Tenerife,38,Canarias
38041,"Sauzal, El",Santa Cruz de Tenerife,38,Canarias
38042,"Silos, Los",Santa Cruz de Tenerife,38,Canarias
38043,Tacoronte,Santa Cruz de Tenerife,38,Canarias
38044,"Tanque, El",Santa Cruz de Tenerife,38,Canarias
38045,Tazacorte,Santa Cruz de Tenerife,38,Canarias
38046,Tegueste,Santa Cruz de Tenerife,38,Canarias
38047,Tijarafe,Santa Cruz de Tenerife,38,Canarias
38049,Valle Gran Rey,Santa Cruz de Tenerife,38,Canarias
38050,Vallehermoso,Santa Cruz de Tenerife,38,Canarias
38048,Valverde,Santa Cruz de Tenerife,38,Canarias
38051,"Victoria de Acentejo, La",Santa Cruz de Tenerife,38,Canarias
38052,Vilaflor de Chasna,Santa Cruz de Tenerife,38,Canarias
38053,Villa de Mazo,Santa Cruz de Tenerife,38,Canarias
39001,Alfoz de Lloredo,Cantabria,39,Cantabria
39002,Ampuero,Cantabria,39,Cantabria
39003,Anievas,Cantabria,39,Cantabria
39004,Arenas de Iguña,Cantabria,39,Cantabria
39005,Argoños,Cantabria,39,Cantabria
39006,Arnuero,Cantabria,39,Cantabria
39007,Arredondo,Cantabria,39,Cantabria
39008,"Astillero, El",Cantabria,39,Cantabria
39009,Bárcena de Cicero,Cantabria,39,Cantabria
39010,Bárcena de Pie de Concha,Cantabria,39,Cantabria
39011,Bareyo,Cantabria,39,Cantabria
39012,Cabezón de la Sal,Cantabria,39,Cantabria
39013,Cabezón de Liébana,Cantabria,39,Cantabria
39014,Cabuérniga,Cantabria,39,Cantabria
39015,Camaleño,Cantabria,39,Cantabria
39016,Camargo,Cantabria,39,Cantabria
39027,Campoo de Enmedio,Cantabria,39,Cantabria
39017,Campoo de Yuso,Cantabria,39,Cantabria
39018,Cartes,Cantabria,39,Cantabria
39019,Castañeda,Cantabria,39,Cantabria
39020,Castro-Urdiales,Cantabria,39,Cantabria
39021,Cieza,Cantabria,39,Cantabria
39022,Cillorigo de Liébana,Cantabria,39,Cantabria
39023,Colindres,Cantabria,39,Cantabria
39024,Comillas,Cantabria,39,Cantabria
39025,"Corrales de Buelna, Los",Cantabria,39,Cantabria
39026,Corvera de Toranzo,Cantabria,39,Cantabria
39028,Entrambasaguas,Cantabria,39,Cantabria
39029,Escalante,Cantabria,39,Cantabria
39030,Guriezo,Cantabria,39,Cantabria
39031,Hazas de Cesto,Cantabria,39,Cantabria
39032,Hermandad de Campoo de Suso,Cantabria,39,Cantabria
39033,Herrerías,Cantabria,39,Cantabria
39034,Lamasón,Cantabria,39,Cantabria
39035,Laredo,Cantabria,39,Cantabria
39036,Liendo,Cantabria,39,Cantabria
39037,Liérganes,Cantabria,39,Cantabria
39038,Limpias,Cantabria,39,Cantabria
39039,Luena,Cantabria,39,Cantabria
39040,Marina de Cudeyo,Cantabria,39,Cantabria
39041,Mazcuerras,Cantabria,39,Cantabria
39042,Medio Cudeyo,Cantabria,39,Cantabria
39043,Meruelo,Cantabria,39,Cantabria
39044,Miengo,Cantabria,39,Cantabria
39045,Miera,Cantabria,39,Cantabria
39046,Molledo,Cantabria,39,Cantabria
39047,Noja,Cantabria,39,Cantabria
39048,Penagos,Cantabria,39,Cantabria
39049,Peñarrubia,Cantabria,39,Cantabria
39050,Pesaguero,Cantabria,39,Cantabria
39051,Pesquera,Cantabria,39,Cantabria
39052,Piélagos,Cantabria,39,Cantabria
39053,Polaciones,Cantabria,39,Cantabria
39054,Polanco,Cantabria,39,Cantabria
39055,Potes,Cantabria,39,Cantabria
39056,Puente Viesgo,Cantabria,39,Cantabria
39057,Ramales de la Victoria,Cantabria,39,Cantabria
39058,Rasines,Cantabria,39,Cantabria
39059,Reinosa,Cantabria,39,Cantabria
39060,Reocín,Cantabria,39,Cantabria
39061,Ribamontán al Mar,Cantabria,39,Cantabria
39062,Ribamontán al Monte,Cantabria,39,Cantabria
39063,Rionansa,Cantabria,39,Cantabria
39064,Riotuerto,Cantabria,39,Cantabria
39065,"Rozas de Valdearroyo, Las",Cantabria,39,Cantabria
39066,Ruente,Cantabria,39,Cantabria
39067,Ruesga,Cantabria,39,Cantabria
39068,Ruiloba,Cantabria,39,Cantabria
39069,San Felices de Buelna,Cantabria,39,Cantabria
39070,San Miguel de Aguayo,Cantabria,39,Cantabria
39071,San Pedro del Romeral,Cantabria,39,Cantabria
39072,San Roque de Riomiera,Cantabria,39,Cantabria
39080,San Vicente de la Barquera,Cantabria,39,Cantabria
39073,Santa Cruz de Bezana,Cantabria,39,Cantabria
39074,Santa María de Cayón,Cantabria,39,Cantabria
39075,Santander,Cantabria,39,Cantabria
39076,Santillana del Mar,Cantabria,39,Cantabria
39077,Santiurde de Reinosa,Cantabria,39,Cantabria
39078,Santiurde de Toranzo,Cantabria,39,Cantabria
39079,Santoña,Cantabria,39,Cantabria
39081,Saro,Cantabria,39,Cantabria
39082,Selaya,Cantabria,39,Cantabria
39083,Soba,Cantabria,39,Cantabria
39084,Solórzano,Cantabria,39,Cantabria
39085,Suances,Cantabria,39,Cantabria
39086,"Tojos, Los",Cantabria,39,Cantabria
39087,Torrelavega,Cantabria,39,Cantabria
39088,Tresviso,Cantabria,39,Cantabria
39089,Tudanca,Cantabria,39,Cantabria
39090,Udías,Cantabria,39,Cantabria
39095,Val de San Vicente,Cantabria,39,Cantabria
39091,Valdáliga,Cantabria,39,Cantabria
39092,Valdeolea,Cantabria,39,Cantabria
39093,Valdeprado del Río,Cantabria,39,Cantabria
39094,Valderredible,Cantabria,39,Cantabria
39101,Valle de Villaverde,Cantabria,39,Cantabria
39096,Vega de Liébana,Cantabria,39,Cantabria
39097,Vega de Pas,Cantabria,39,Cantabria
39098,Villacarriedo,Cantabria,39,Cantabria
39099,Villaescusa,Cantabria,39,Cantabria
39100,Villafufre,Cantabria,39,Cantabria
39102,Voto,Cantabria,39,Cantabria
40001,Abades,Segovia,40,Castilla y León
40002,Adrada de Pirón,Segovia,40,Castilla y León
40003,Adrados,Segovia,40,Castilla y León
40004,Aguilafuente,Segovia,40,Castilla y León
40005,Alconada de Maderuelo,Segovia,40,Castilla y León
40012,Aldea Real,Segovia,40,Castilla y León
40006,Aldealcorvo,Segovia,40,Castilla y León
40007,Aldealengua de Pedraza,Segovia,40,Castilla y León
40008,Aldealengua de Santa María,Segovia,40,Castilla y León
40009,Aldeanueva de la Serrezuela,Segovia,40,Castilla y León
40010,Aldeanueva del Codonal,Segovia,40,Castilla y León
40013,Aldeasoña,Segovia,40,Castilla y León
40014,Aldehorno,Segovia,40,Castilla y León
40015,Aldehuela del Codonal,Segovia,40,Castilla y León
40016,Aldeonte,Segovia,40,Castilla y León
40017,Anaya,Segovia,40,Castilla y León
40018,Añe,Segovia,40,Castilla y León
40019,Arahuetes,Segovia,40,Castilla y León
40020,Arcones,Segovia,40,Castilla y León
40021,Arevalillo de Cega,Segovia,40,Castilla y León
40022,Armuña,Segovia,40,Castilla y León
40024,Ayllón,Segovia,40,Castilla y León
40025,Barbolla,Segovia,40,Castilla y León
40026,Basardilla,Segovia,40,Castilla y León
40028,Bercial,Segovia,40,Castilla y León
40029,Bercimuel,Segovia,40,Castilla y León
40030,Bernardos,Segovia,40,Castilla y León
40031,Bernuy de Porreros,Segovia,40,Castilla y León
40032,Boceguillas,Segovia,40,Castilla y León
40033,Brieva,Segovia,40,Castilla y León
40034,Caballar,Segovia,40,Castilla y León
40035,Cabañas de Polendos,Segovia,40,Castilla y León
40036,Cabezuela,Segovia,40,Castilla y León
40037,Calabazas de Fuentidueña,Segovia,40,Castilla y León
40039,Campo de San Pedro,Segovia,40,Castilla y León
40040,Cantalejo,Segovia,40,Castilla y León
40041,Cantimpalos,Segovia,40,Castilla y León
40161,Carabias,Segovia,40,Castilla y León
40043,Carbonero el Mayor,Segovia,40,Castilla y León
40044,Carrascal del Río,Segovia,40,Castilla y León
40045,Casla,Segovia,40,Castilla y León
40046,Castillejo de Mesleón,Segovia,40,Castilla y León
40047,Castro de Fuentidueña,Segovia,40,Castilla y León
40048,Castrojimeno,Segovia,40,Castilla y León
40049,Castroserna de Abajo,Segovia,40,Castilla y León
40051,Castroserracín,Segovia,40,Castilla y León
40052,Cedillo de la Torre,Segovia,40,Castilla y León
40053,Cerezo de Abajo,Segovia,40,Castilla y León
40054,Cerezo de Arriba,Segovia,40,Castilla y León
40065,Chañe,Segovia,40,Castilla y León
40055,Cilleruelo de San Mamés,Segovia,40,Castilla y León
40056,Cobos de Fuentidueña,Segovia,40,Castilla y León
40057,Coca,Segovia,40,Castilla y León
40058,Codorniz,Segovia,40,Castilla y León
40059,Collado Hermoso,Segovia,40,Castilla y León
40060,Condado de Castilnovo,Segovia,40,Castilla y León
40061,Corral de Ayllón,Segovia,40,Castilla y León
40902,Cozuelos de Fuentidueña,Segovia,40,Castilla y León
40062,Cubillo,Segovia,40,Castilla y León
40063,Cuéllar,Segovia,40,Castilla y León
40905,Cuevas de Provanco,Segovia,40,Castilla y León
40068,Domingo García,Segovia,40,Castilla y León
40069,Donhierro,Segovia,40,Castilla y León
40070,Duruelo,Segovia,40,Castilla y León
40071,Encinas,Segovia,40,Castilla y León
40072,Encinillas,Segovia,40,Castilla y León
40073,Escalona del Prado,Segovia,40,Castilla y León
40074,Escarabajosa de Cabezas,Segovia,40,Castilla y León
40075,Escobar de Polendos,Segovia,40,Castilla y León
40076,"Espinar, El",Segovia,40,Castilla y León
40077,Espirdo,Segovia,40,Castilla y León
40078,Fresneda de Cuéllar,Segovia,40,Castilla y León
40079,Fresno de Cantespino,Segovia,40,Castilla y León
40080,Fresno de la Fuente,Segovia,40,Castilla y León
40081,Frumales,Segovia,40,Castilla y León
40082,Fuente de Santa Cruz,Segovia,40,Castilla y León
40083,Fuente el Olmo de Fuentidueña,Segovia,40,Castilla y León
40084,Fuente el Olmo de Íscar,Segovia,40,Castilla y León
40086,Fuentepelayo,Segovia,40,Castilla y León
40087,Fuentepiñel,Segovia,40,Castilla y León
40088,Fuenterrebollo,Segovia,40,Castilla y León
40089,Fuentesaúco de Fuentidueña,Segovia,40,Castilla y León
40091,Fuentesoto,Segovia,40,Castilla y León
40092,Fuentidueña,Segovia,40,Castilla y León
40093,Gallegos,Segovia,40,Castilla y León
40094,Garcillán,Segovia,40,Castilla y León
40095,Gomezserracín,Segovia,40,Castilla y León
40097,Grajera,Segovia,40,Castilla y León
40099,Honrubia de la Cuesta,Segovia,40,Castilla y León
40100,Hontalbilla,Segovia,40,Castilla y León
40101,Hontanares de Eresma,Segovia,40,Castilla y León
40103,"Huertos, Los",Segovia,40,Castilla y León
40104,Ituero y Lama,Segovia,40,Castilla y León
40105,Juarros de Riomoros,Segovia,40,Castilla y León
40106,Juarros de Voltoya,Segovia,40,Castilla y León
40107,Labajos,Segovia,40,Castilla y León
40108,Laguna de Contreras,Segovia,40,Castilla y León
40109,Languilla,Segovia,40,Castilla y León
40110,Lastras de Cuéllar,Segovia,40,Castilla y León
40111,Lastras del Pozo,Segovia,40,Castilla y León
40112,"Lastrilla, La",Segovia,40,Castilla y León
40113,"Losa, La",Segovia,40,Castilla y León
40115,Maderuelo,Segovia,40,Castilla y León
40903,Marazoleja,Segovia,40,Castilla y León
40118,Marazuela,Segovia,40,Castilla y León
40119,Martín Miguel,Segovia,40,Castilla y León
40120,Martín Muñoz de la Dehesa,Segovia,40,Castilla y León
40121,Martín Muñoz de las Posadas,Segovia,40,Castilla y León
40122,Marugán,Segovia,40,Castilla y León
40124,Mata de Cuéllar,Segovia,40,Castilla y León
40123,Matabuena,Segovia,40,Castilla y León
40125,"Matilla, La",Segovia,40,Castilla y León
40126,Melque de Cercos,Segovia,40,Castilla y León
40127,Membibre de la Hoz,Segovia,40,Castilla y León
40128,Migueláñez,Segovia,40,Castilla y León
40129,Montejo de Arévalo,Segovia,40,Castilla y León
40130,Montejo de la Vega de la Serrezuela,Segovia,40,Castilla y León
40131,Monterrubio,Segovia,40,Castilla y León
40132,Moral de Hornuez,Segovia,40,Castilla y León
40134,Mozoncillo,Segovia,40,Castilla y León
40135,Muñopedro,Segovia,40,Castilla y León
40136,Muñoveros,Segovia,40,Castilla y León
40138,Nava de la Asunción,Segovia,40,Castilla y León
40139,Navafría,Segovia,40,Castilla y León
40140,Navalilla,Segovia,40,Castilla y León
40141,Navalmanzano,Segovia,40,Castilla y León
40142,Navares de Ayuso,Segovia,40,Castilla y León
40143,Navares de Enmedio,Segovia,40,Castilla y León
40144,Navares de las Cuevas,Segovia,40,Castilla y León
40145,Navas de Oro,Segovia,40,Castilla y León
40904,Navas de Riofrío,Segovia,40,Castilla y León
40146,Navas de San Antonio,Segovia,40,Castilla y León
40148,Nieva,Segovia,40,Castilla y León
40149,Olombrada,Segovia,40,Castilla y León
40150,Orejana,Segovia,40,Castilla y León
40151,Ortigosa de Pestaño,Segovia,40,Castilla y León
40901,Ortigosa del Monte,Segovia,40,Castilla y León
40152,Otero de Herreros,Segovia,40,Castilla y León
40154,Pajarejos,Segovia,40,Castilla y León
40155,Palazuelos de Eresma,Segovia,40,Castilla y León
40156,Pedraza,Segovia,40,Castilla y León
40157,Pelayos del Arroyo,Segovia,40,Castilla y León
40158,Perosillo,Segovia,40,Castilla y León
40159,Pinarejos,Segovia,40,Castilla y León
40160,Pinarnegrillo,Segovia,40,Castilla y León
40162,Prádena,Segovia,40,Castilla y León
40163,Puebla de Pedraza,Segovia,40,Castilla y León
40164,Rapariegos,Segovia,40,Castilla y León
40181,Real Sitio de San Ildefonso,Segovia,40,Castilla y León
40165,Rebollo,Segovia,40,Castilla y León
40166,Remondo,Segovia,40,Castilla y León
40168,Riaguas de San Bartolomé,Segovia,40,Castilla y León
40170,Riaza,Segovia,40,Castilla y León
40171,Ribota,Segovia,40,Castilla y León
40172,Riofrío de Riaza,Segovia,40,Castilla y León
40173,Roda de Eresma,Segovia,40,Castilla y León
40174,Sacramenia,Segovia,40,Castilla y León
40176,Samboal,Segovia,40,Castilla y León
40177,San Cristóbal de Cuéllar,Segovia,40,Castilla y León
40178,San Cristóbal de la Vega,Segovia,40,Castilla y León
40906,San Cristóbal de Segovia,Segovia,40,Castilla y León
40182,San Martín y Mudrián,Segovia,40,Castilla y León
40183,San Miguel de Bernuy,Segovia,40,Castilla y León
40184,San Pedro de Gaíllos,Segovia,40,Castilla y León
40179,Sanchonuño,Segovia,40,Castilla y León
40180,Sangarcía,Segovia,40,Castilla y León
40185,Santa María la Real de Nieva,Segovia,40,Castilla y León
40186,Santa Marta del Cerro,Segovia,40,Castilla y León
40188,Santiuste de Pedraza,Segovia,40,Castilla y León
40189,Santiuste de San Juan Bautista,Segovia,40,Castilla y León
40190,Santo Domingo de Pirón,Segovia,40,Castilla y León
40191,Santo Tomé del Puerto,Segovia,40,Castilla y León
40192,Sauquillo de Cabezas,Segovia,40,Castilla y León
40193,Sebúlcor,Segovia,40,Castilla y León
40194,Segovia,Segovia,40,Castilla y León
40195,Sepúlveda,Segovia,40,Castilla y León
40196,Sequera de Fresno,Segovia,40,Castilla y León
40198,Sotillo,Segovia,40,Castilla y León
40199,Sotosalbos,Segovia,40,Castilla y León
40200,Tabanera la Luenga,Segovia,40,Castilla y León
40201,Tolocirio,Segovia,40,Castilla y León
40206,Torre Val de San Pedro,Segovia,40,Castilla y León
40202,Torreadrada,Segovia,40,Castilla y León
40203,Torrecaballeros,Segovia,40,Castilla y León
40204,Torrecilla del Pinar,Segovia,40,Castilla y León
40205,Torreiglesias,Segovia,40,Castilla y León
40207,Trescasas,Segovia,40,Castilla y León
40208,Turégano,Segovia,40,Castilla y León
40210,Urueñas,Segovia,40,Castilla y León
40211,Valdeprados,Segovia,40,Castilla y León
40212,Valdevacas de Montejo,Segovia,40,Castilla y León
40213,Valdevacas y Guijar,Segovia,40,Castilla y León
40218,Valle de Tabladillo,Segovia,40,Castilla y León
40219,Vallelado,Segovia,40,Castilla y León
40220,Valleruela de Pedraza,Segovia,40,Castilla y León
40221,Valleruela de Sepúlveda,Segovia,40,Castilla y León
40214,Valseca,Segovia,40,Castilla y León
40215,Valtiendas,Segovia,40,Castilla y León
40216,Valverde del Majano,Segovia,40,Castilla y León
40222,Veganzones,Segovia,40,Castilla y León
40223,Vegas de Matute,Segovia,40,Castilla y León
40224,Ventosilla y Tejadilla,Segovia,40,Castilla y León
40225,Villacastín,Segovia,40,Castilla y León
40228,Villaverde de Íscar,Segovia,40,Castilla y León
40229,Villaverde de Montejo,Segovia,40,Castilla y León
40230,Villeguillo,Segovia,40,Castilla y León
40231,Yanguas de Eresma,Segovia,40,Castilla y León
40233,Zarzuela del Monte,Segovia,40,Castilla y León
40234,Zarzuela del Pinar,Segovia,40,Castilla y León
41001,Aguadulce,Sevilla,41,Andalucía
41002,Alanís,Sevilla,41,Andalucía
41003,Albaida del Aljarafe,Sevilla,41,Andalucía
41004,Alcalá de Guadaíra,Sevilla,41,Andalucía
41005,Alcalá del Río,Sevilla,41,Andalucía
41006,Alcolea del Río,Sevilla,41,Andalucía
41007,"Algaba, La",Sevilla,41,Andalucía
41008,Algámitas,Sevilla,41,Andalucía
41009,Almadén de la Plata,Sevilla,41,Andalucía
41010,Almensilla,Sevilla,41,Andalucía
41011,Arahal,Sevilla,41,Andalucía
41012,Aznalcázar,Sevilla,41,Andalucía
41013,Aznalcóllar,Sevilla,41,Andalucía
41014,Badolatosa,Sevilla,41,Andalucía
41015,Benacazón,Sevilla,41,Andalucía
41016,Bollullos de la Mitación,Sevilla,41,Andalucía
41017,Bormujos,Sevilla,41,Andalucía
41018,Brenes,Sevilla,41,Andalucía
41019,Burguillos,Sevilla,41,Andalucía
41020,"Cabezas de San Juan, Las",Sevilla,41,Andalucía
41021,Camas,Sevilla,41,Andalucía
41022,"Campana, La",Sevilla,41,Andalucía
41023,Cantillana,Sevilla,41,Andalucía
41901,Cañada Rosal,Sevilla,41,Andalucía
41024,Carmona,Sevilla,41,Andalucía
41025,Carrión de los Céspedes,Sevilla,41,Andalucía
41026,Casariche,Sevilla,41,Andalucía
41027,Castilblanco de los Arroyos,Sevilla,41,Andalucía
41028,Castilleja de Guzmán,Sevilla,41,Andalucía
41029,Castilleja de la Cuesta,Sevilla,41,Andalucía
41030,Castilleja del Campo,Sevilla,41,Andalucía
41031,"Castillo de las Guardas, El",Sevilla,41,Andalucía
41032,Cazalla de la Sierra,Sevilla,41,Andalucía
41033,Constantina,Sevilla,41,Andalucía
41034,Coria del Río,Sevilla,41,Andalucía
41035,Coripe,Sevilla,41,Andalucía
41036,"Coronil, El",Sevilla,41,Andalucía
41037,"Corrales, Los",Sevilla,41,Andalucía
41903,"Cuervo de Sevilla, El",Sevilla,41,Andalucía
41038,Dos Hermanas,Sevilla,41,Andalucía
41039,Écija,Sevilla,41,Andalucía
41040,Espartinas,Sevilla,41,Andalucía
41041,Estepa,Sevilla,41,Andalucía
41042,Fuentes de Andalucía,Sevilla,41,Andalucía
41043,"Garrobo, El",Sevilla,41,Andalucía
41044,Gelves,Sevilla,41,Andalucía
41045,Gerena,Sevilla,41,Andalucía
41046,Gilena,Sevilla,41,Andalucía
41047,Gines,Sevilla,41,Andalucía
41048,Guadalcanal,Sevilla,41,Andalucía
41049,Guillena,Sevilla,41,Andalucía
41050,Herrera,Sevilla,41,Andalucía
41051,Huévar del Aljarafe,Sevilla,41,Andalucía
41902,Isla Mayor,Sevilla,41,Andalucía
41052,Lantejuela,Sevilla,41,Andalucía
41053,Lebrija,Sevilla,41,Andalucía
41054,Lora de Estepa,Sevilla,41,Andalucía
41055,Lora del Río,Sevilla,41,Andalucía
41056,"Luisiana, La",Sevilla,41,Andalucía
41057,"Madroño, El",Sevilla,41,Andalucía
41058,Mairena del Alcor,Sevilla,41,Andalucía
41059,Mairena del Aljarafe,Sevilla,41,Andalucía
41060,Marchena,Sevilla,41,Andalucía
41061,Marinaleda,Sevilla,41,Andalucía
41062,Martín de la Jara,Sevilla,41,Andalucía
41063,"Molares, Los",Sevilla,41,Andalucía
41064,Montellano,Sevilla,41,Andalucía
41065,Morón de la Frontera,Sevilla,41,Andalucía
41066,"Navas de la Concepción, Las",Sevilla,41,Andalucía
41067,Olivares,Sevilla,41,Andalucía
41068,Osuna,Sevilla,41,Andalucía
41069,"Palacios y Villafranca, Los",Sevilla,41,Andalucía
41904,"Palmar de Troya, El",Sevilla,41,Andalucía
41070,Palomares del Río,Sevilla,41,Andalucía
41071,Paradas,Sevilla,41,Andalucía
41072,Pedrera,Sevilla,41,Andalucía
41073,"Pedroso, El",Sevilla,41,Andalucía
41074,Peñaflor,Sevilla,41,Andalucía
41075,Pilas,Sevilla,41,Andalucía
41076,Pruna,Sevilla,41,Andalucía
41077,"Puebla de Cazalla, La",Sevilla,41,Andalucía
41078,"Puebla de los Infantes, La",Sevilla,41,Andalucía
41079,"Puebla del Río, La",Sevilla,41,Andalucía
41080,"Real de la Jara, El",Sevilla,41,Andalucía
41081,"Rinconada, La",Sevilla,41,Andalucía
41082,"Roda de Andalucía, La",Sevilla,41,Andalucía
41083,"Ronquillo, El",Sevilla,41,Andalucía
41084,"Rubio, El",Sevilla,41,Andalucía
41085,Salteras,Sevilla,41,Andalucía
41086,San Juan de Aznalfarache,Sevilla,41,Andalucía
41088,San Nicolás del Puerto,Sevilla,41,Andalucía
41087,Sanlúcar la Mayor,Sevilla,41,Andalucía
41089,Santiponce,Sevilla,41,Andalucía
41090,"Saucejo, El",Sevilla,41,Andalucía
41091,Sevilla,Sevilla,41,Andalucía
41092,Tocina,Sevilla,41,Andalucía
41093,Tomares,Sevilla,41,Andalucía
41094,Umbrete,Sevilla,41,Andalucía
41095,Utrera,Sevilla,41,Andalucía
41096,Valencina de la Concepción,Sevilla,41,Andalucía
41097,Villamanrique de la Condesa,Sevilla,41,Andalucía
41100,Villanueva de San Juan,Sevilla,41,Andalucía
41098,Villanueva del Ariscal,Sevilla,41,Andalucía
41099,Villanueva del Río y Minas,Sevilla,41,Andalucía
41101,Villaverde del Río,Sevilla,41,Andalucía
41102,"Viso del Alcor, El",Sevilla,41,Andalucía
42001,Abejar,Soria,42,Castilla y León
42003,Adradas,Soria,42,Castilla y León
42004,Ágreda,Soria,42,Castilla y León
42006,Alconaba,Soria,42,Castilla y León
42007,Alcubilla de Avellaneda,Soria,42,Castilla y León
42008,Alcubilla de las Peñas,Soria,42,Castilla y León
42009,Aldealafuente,Soria,42,Castilla y León
42010,Aldealices,Soria,42,Castilla y León
42011,Aldealpozo,Soria,42,Castilla y León
42012,Aldealseñor,Soria,42,Castilla y León
42013,Aldehuela de Periáñez,Soria,42,Castilla y León
42014,"Aldehuelas, Las",Soria,42,Castilla y León
42015,Alentisque,Soria,42,Castilla y León
42016,Aliud,Soria,42,Castilla y León
42017,Almajano,Soria,42,Castilla y León
42018,Almaluez,Soria,42,Castilla y León
42019,Almarza,Soria,42,Castilla y León
42020,Almazán,Soria,42,Castilla y León
42021,Almazul,Soria,42,Castilla y León
42022,Almenar de Soria,Soria,42,Castilla y León
42023,Alpanseque,Soria,42,Castilla y León
42024,Arancón,Soria,42,Castilla y León
42025,Arcos de Jalón,Soria,42,Castilla y León
42026,Arenillas,Soria,42,Castilla y León
42027,Arévalo de la Sierra,Soria,42,Castilla y León
42028,Ausejo de la Sierra,Soria,42,Castilla y León
42029,Baraona,Soria,42,Castilla y León
42030,Barca,Soria,42,Castilla y León
42031,Barcones,Soria,42,Castilla y León
42032,Bayubas de Abajo,Soria,42,Castilla y León
42033,Bayubas de Arriba,Soria,42,Castilla y León
42034,Beratón,Soria,42,Castilla y León
42035,Berlanga de Duero,Soria,42,Castilla y León
42036,Blacos,Soria,42,Castilla y León
42037,Bliecos,Soria,42,Castilla y León
42038,Borjabad,Soria,42,Castilla y León
42039,Borobia,Soria,42,Castilla y León
42041,Buberos,Soria,42,Castilla y León
42042,Buitrago,Soria,42,Castilla y León
42043,Burgo de Osma-Ciudad de Osma,Soria,42,Castilla y León
42044,Cabrejas del Campo,Soria,42,Castilla y León
42045,Cabrejas del Pinar,Soria,42,Castilla y León
42046,Calatañazor,Soria,42,Castilla y León
42048,Caltojar,Soria,42,Castilla y León
42049,Candilichera,Soria,42,Castilla y León
42050,Cañamaque,Soria,42,Castilla y León
42051,Carabantes,Soria,42,Castilla y León
42052,Caracena,Soria,42,Castilla y León
42053,Carrascosa de Abajo,Soria,42,Castilla y León
42054,Carrascosa de la Sierra,Soria,42,Castilla y León
42055,Casarejos,Soria,42,Castilla y León
42056,Castilfrío de la Sierra,Soria,42,Castilla y León
42058,Castillejo de Robledo,Soria,42,Castilla y León
42057,Castilruiz,Soria,42,Castilla y León
42059,Centenera de Andaluz,Soria,42,Castilla y León
42060,Cerbón,Soria,42,Castilla y León
42061,Cidones,Soria,42,Castilla y León
42062,Cigudosa,Soria,42,Castilla y León
42063,Cihuela,Soria,42,Castilla y León
42064,Ciria,Soria,42,Castilla y León
42065,Cirujales del Río,Soria,42,Castilla y León
42068,Coscurita,Soria,42,Castilla y León
42069,Covaleda,Soria,42,Castilla y León
42070,Cubilla,Soria,42,Castilla y León
42071,Cubo de la Solana,Soria,42,Castilla y León
42073,Cueva de Ágreda,Soria,42,Castilla y León
42075,Dévanos,Soria,42,Castilla y León
42076,Deza,Soria,42,Castilla y León
42078,Duruelo de la Sierra,Soria,42,Castilla y León
42079,Escobosa de Almazán,Soria,42,Castilla y León
42080,Espeja de San Marcelino,Soria,42,Castilla y León
42081,Espejón,Soria,42,Castilla y León
42082,Estepa de San Juan,Soria,42,Castilla y León
42083,Frechilla de Almazán,Soria,42,Castilla y León
42084,Fresno de Caracena,Soria,42,Castilla y León
42085,Fuentearmegil,Soria,42,Castilla y León
42086,Fuentecambrón,Soria,42,Castilla y León
42087,Fuentecantos,Soria,42,Castilla y León
42088,Fuentelmonge,Soria,42,Castilla y León
42089,Fuentelsaz de Soria,Soria,42,Castilla y León
42090,Fuentepinilla,Soria,42,Castilla y León
42092,Fuentes de Magaña,Soria,42,Castilla y León
42093,Fuentestrún,Soria,42,Castilla y León
42094,Garray,Soria,42,Castilla y León
42095,Golmayo,Soria,42,Castilla y León
42096,Gómara,Soria,42,Castilla y León
42097,Gormaz,Soria,42,Castilla y León
42098,Herrera de Soria,Soria,42,Castilla y León
42100,Hinojosa del Campo,Soria,42,Castilla y León
42103,Langa de Duero,Soria,42,Castilla y León
42105,Liceras,Soria,42,Castilla y León
42106,"Losilla, La",Soria,42,Castilla y León
42107,Magaña,Soria,42,Castilla y León
42108,Maján,Soria,42,Castilla y León
42110,Matalebreras,Soria,42,Castilla y León
42111,Matamala de Almazán,Soria,42,Castilla y León
42113,Medinaceli,Soria,42,Castilla y León
42115,Miño de Medinaceli,Soria,42,Castilla y León
42116,Miño de San Esteban,Soria,42,Castilla y León
42117,Molinos de Duero,Soria,42,Castilla y León
42118,Momblona,Soria,42,Castilla y León
42119,Monteagudo de las Vicarías,Soria,42,Castilla y León
42120,Montejo de Tiermes,Soria,42,Castilla y León
42121,Montenegro de Cameros,Soria,42,Castilla y León
42123,Morón de Almazán,Soria,42,Castilla y León
42124,Muriel de la Fuente,Soria,42,Castilla y León
42125,Muriel Viejo,Soria,42,Castilla y León
42127,Nafría de Ucero,Soria,42,Castilla y León
42128,Narros,Soria,42,Castilla y León
42129,Navaleno,Soria,42,Castilla y León
42130,Nepas,Soria,42,Castilla y León
42131,Nolay,Soria,42,Castilla y León
42132,Noviercas,Soria,42,Castilla y León
42134,Ólvega,Soria,42,Castilla y León
42135,Oncala,Soria,42,Castilla y León
42139,Pinilla del Campo,Soria,42,Castilla y León
42140,Portillo de Soria,Soria,42,Castilla y León
42141,"Póveda de Soria, La",Soria,42,Castilla y León
42142,Pozalmuro,Soria,42,Castilla y León
42144,Quintana Redonda,Soria,42,Castilla y León
42145,Quintanas de Gormaz,Soria,42,Castilla y León
42148,Quiñonería,Soria,42,Castilla y León
42149,"Rábanos, Los",Soria,42,Castilla y León
42151,Rebollar,Soria,42,Castilla y León
42152,Recuerda,Soria,42,Castilla y León
42153,Rello,Soria,42,Castilla y León
42154,Renieblas,Soria,42,Castilla y León
42155,Retortillo de Soria,Soria,42,Castilla y León
42156,Reznos,Soria,42,Castilla y León
42157,"Riba de Escalote, La",Soria,42,Castilla y León
42158,Rioseco de Soria,Soria,42,Castilla y León
42159,Rollamienta,Soria,42,Castilla y León
42160,"Royo, El",Soria,42,Castilla y León
42161,Salduero,Soria,42,Castilla y León
42162,San Esteban de Gormaz,Soria,42,Castilla y León
42163,San Felices,Soria,42,Castilla y León
42164,San Leonardo de Yagüe,Soria,42,Castilla y León
42165,San Pedro Manrique,Soria,42,Castilla y León
42166,Santa Cruz de Yanguas,Soria,42,Castilla y León
42167,Santa María de Huerta,Soria,42,Castilla y León
42168,Santa María de las Hoyas,Soria,42,Castilla y León
42171,Serón de Nágima,Soria,42,Castilla y León
42172,Soliedra,Soria,42,Castilla y León
42173,Soria,Soria,42,Castilla y León
42174,Sotillo del Rincón,Soria,42,Castilla y León
42175,Suellacabras,Soria,42,Castilla y León
42176,Tajahuerce,Soria,42,Castilla y León
42177,Tajueco,Soria,42,Castilla y León
42178,Talveila,Soria,42,Castilla y León
42181,Tardelcuende,Soria,42,Castilla y León
42182,Taroda,Soria,42,Castilla y León
42183,Tejado,Soria,42,Castilla y León
42184,Torlengua,Soria,42,Castilla y León
42185,Torreblacos,Soria,42,Castilla y León
42187,Torrubia de Soria,Soria,42,Castilla y León
42188,Trévago,Soria,42,Castilla y León
42189,Ucero,Soria,42,Castilla y León
42190,Vadillo,Soria,42,Castilla y León
42191,Valdeavellano de Tera,Soria,42,Castilla y León
42192,Valdegeña,Soria,42,Castilla y León
42193,Valdelagua del Cerro,Soria,42,Castilla y León
42194,Valdemaluque,Soria,42,Castilla y León
42195,Valdenebro,Soria,42,Castilla y León
42196,Valdeprado,Soria,42,Castilla y León
42197,Valderrodilla,Soria,42,Castilla y León
42198,Valtajeros,Soria,42,Castilla y León
42200,Velamazán,Soria,42,Castilla y León
42201,Velilla de la Sierra,Soria,42,Castilla y León
42202,Velilla de los Ajos,Soria,42,Castilla y León
42204,Viana de Duero,Soria,42,Castilla y León
42205,Villaciervos,Soria,42,Castilla y León
42206,Villanueva de Gormaz,Soria,42,Castilla y León
42207,Villar del Ala,Soria,42,Castilla y León
42208,Villar del Campo,Soria,42,Castilla y León
42209,Villar del Río,Soria,42,Castilla y León
42211,"Villares de Soria, Los",Soria,42,Castilla y León
42212,Villasayas,Soria,42,Castilla y León
42213,Villaseca de Arciel,Soria,42,Castilla y León
42215,Vinuesa,Soria,42,Castilla y León
42216,Vizmanos,Soria,42,Castilla y León
42217,Vozmediano,Soria,42,Castilla y León
42218,Yanguas,Soria,42,Castilla y León
42219,Yelo,Soria,42,Castilla y León
43001,Aiguamúrcia,Tarragona,43,Cataluña
43002,Albinyana,Tarragona,43,Cataluña
43003,"Albiol, L'",Tarragona,43,Cataluña
43004,Alcanar,Tarragona,43,Cataluña
43005,Alcover,Tarragona,43,Cataluña
43904,"Aldea, L'",Tarragona,43,Cataluña
43006,Aldover,Tarragona,43,Cataluña
43007,"Aleixar, L'",Tarragona,43,Cataluña
43008,Alfara de Carles,Tarragona,43,Cataluña
43009,Alforja,Tarragona,43,Cataluña
43010,Alió,Tarragona,43,Cataluña
43011,Almoster,Tarragona,43,Cataluña
43012,Altafulla,Tarragona,43,Cataluña
43013,"Ametlla de Mar, L'",Tarragona,43,Cataluña
43906,"Ampolla, L'",Tarragona,43,Cataluña
43014,Amposta,Tarragona,43,Cataluña
43016,"Arboç, L'",Tarragona,43,Cataluña
43015,Arbolí,Tarragona,43,Cataluña
43017,"Argentera, L'",Tarragona,43,Cataluña
43018,Arnes,Tarragona,43,Cataluña
43019,Ascó,Tarragona,43,Cataluña
43020,Banyeres del Penedès,Tarragona,43,Cataluña
43021,Barberà de la Conca,Tarragona,43,Cataluña
43022,Batea,Tarragona,43,Cataluña
43023,Bellmunt del Priorat,Tarragona,43,Cataluña
43024,Bellvei,Tarragona,43,Cataluña
43025,Benifallet,Tarragona,43,Cataluña
43026,Benissanet,Tarragona,43,Cataluña
43027,"Bisbal de Montsant, La",Tarragona,43,Cataluña
43028,"Bisbal del Penedès, La",Tarragona,43,Cataluña
43029,Blancafort,Tarragona,43,Cataluña
43030,Bonastre,Tarragona,43,Cataluña
43031,"Borges del Camp, Les",Tarragona,43,Cataluña
43032,Bot,Tarragona,43,Cataluña
43033,Botarell,Tarragona,43,Cataluña
43034,Bràfim,Tarragona,43,Cataluña
43035,Cabacés,Tarragona,43,Cataluña
43036,Cabra del Camp,Tarragona,43,Cataluña
43037,Calafell,Tarragona,43,Cataluña
43903,Camarles,Tarragona,43,Cataluña
43038,Cambrils,Tarragona,43,Cataluña
43907,"Canonja, La",Tarragona,43,Cataluña
43039,Capafonts,Tarragona,43,Cataluña
43040,Capçanes,Tarragona,43,Cataluña
43041,Caseres,Tarragona,43,Cataluña
43042,Castellvell del Camp,Tarragona,43,Cataluña
43043,"Catllar, El",Tarragona,43,Cataluña
43045,Colldejou,Tarragona,43,Cataluña
43046,Conesa,Tarragona,43,Cataluña
43047,Constantí,Tarragona,43,Cataluña
43048,Corbera d'Ebre,Tarragona,43,Cataluña
43049,Cornudella de Montsant,Tarragona,43,Cataluña
43050,Creixell,Tarragona,43,Cataluña
43051,Cunit,Tarragona,43,Cataluña
43901,Deltebre,Tarragona,43,Cataluña
43053,Duesaigües,Tarragona,43,Cataluña
43054,"Espluga de Francolí, L'",Tarragona,43,Cataluña
43055,Falset,Tarragona,43,Cataluña
43056,"Fatarella, La",Tarragona,43,Cataluña
43057,"Febró, La",Tarragona,43,Cataluña
43058,"Figuera, La",Tarragona,43,Cataluña
43059,Figuerola del Camp,Tarragona,43,Cataluña
43060,Flix,Tarragona,43,Cataluña
43061,Forès,Tarragona,43,Cataluña
43062,Freginals,Tarragona,43,Cataluña
43063,"Galera, La",Tarragona,43,Cataluña
43064,Gandesa,Tarragona,43,Cataluña
43065,Garcia,Tarragona,43,Cataluña
43066,"Garidells, Els",Tarragona,43,Cataluña
43067,Ginestar,Tarragona,43,Cataluña
43068,Godall,Tarragona,43,Cataluña
43069,Gratallops,Tarragona,43,Cataluña
43070,"Guiamets, Els",Tarragona,43,Cataluña
43071,Horta de Sant Joan,Tarragona,43,Cataluña
43072,"Lloar, El",Tarragona,43,Cataluña
43073,Llorac,Tarragona,43,Cataluña
43074,Llorenç del Penedès,Tarragona,43,Cataluña
43076,Marçà,Tarragona,43,Cataluña
43075,Margalef,Tarragona,43,Cataluña
43077,Mas de Barberans,Tarragona,43,Cataluña
43078,Masdenverge,Tarragona,43,Cataluña
43079,Masllorenç,Tarragona,43,Cataluña
43080,"Masó, La",Tarragona,43,Cataluña
43081,Maspujols,Tarragona,43,Cataluña
43082,"Masroig, El",Tarragona,43,Cataluña
43083,"Milà, El",Tarragona,43,Cataluña
43084,Miravet,Tarragona,43,Cataluña
43085,"Molar, El",Tarragona,43,Cataluña
43086,Montblanc,Tarragona,43,Cataluña
43088,Montbrió del Camp,Tarragona,43,Cataluña
43089,Montferri,Tarragona,43,Cataluña
43090,"Montmell, El",Tarragona,43,Cataluña
43091,Mont-ral,Tarragona,43,Cataluña
43092,Mont-roig del Camp,Tarragona,43,Cataluña
43093,Móra d'Ebre,Tarragona,43,Cataluña
43094,Móra la Nova,Tarragona,43,Cataluña
43095,"Morell, El",Tarragona,43,Cataluña
43096,"Morera de Montsant, La",Tarragona,43,Cataluña
43097,"Nou de Gaià, La",Tarragona,43,Cataluña
43098,Nulles,Tarragona,43,Cataluña
43100,"Pallaresos, Els",Tarragona,43,Cataluña
43099,"Palma d'Ebre, La",Tarragona,43,Cataluña
43101,Passanant i Belltall,Tarragona,43,Cataluña
43102,Paüls,Tarragona,43,Cataluña
43103,Perafort,Tarragona,43,Cataluña
43104,"Perelló, El",Tarragona,43,Cataluña
43105,"Piles, Les",Tarragona,43,Cataluña
43106,"Pinell de Brai, El",Tarragona,43,Cataluña
43107,Pira,Tarragona,43,Cataluña
43108,"Pla de Santa Maria, El",Tarragona,43,Cataluña
43109,"Pobla de Mafumet, La",Tarragona,43,Cataluña
43110,"Pobla de Massaluca, La",Tarragona,43,Cataluña
43111,"Pobla de Montornès, La",Tarragona,43,Cataluña
43112,Poboleda,Tarragona,43,Cataluña
43113,"Pont d'Armentera, El",Tarragona,43,Cataluña
43141,Pontils,Tarragona,43,Cataluña
43114,Porrera,Tarragona,43,Cataluña
43115,Pradell de la Teixeta,Tarragona,43,Cataluña
43116,Prades,Tarragona,43,Cataluña
43117,Prat de Comte,Tarragona,43,Cataluña
43118,Pratdip,Tarragona,43,Cataluña
43119,Puigpelat,Tarragona,43,Cataluña
43120,Querol,Tarragona,43,Cataluña
43136,"Ràpita, La",Tarragona,43,Cataluña
43121,Rasquera,Tarragona,43,Cataluña
43122,Renau,Tarragona,43,Cataluña
43123,Reus,Tarragona,43,Cataluña
43124,"Riba, La",Tarragona,43,Cataluña
43125,Riba-roja d'Ebre,Tarragona,43,Cataluña
43126,"Riera de Gaià, La",Tarragona,43,Cataluña
43127,Riudecanyes,Tarragona,43,Cataluña
43128,Riudecols,Tarragona,43,Cataluña
43129,Riudoms,Tarragona,43,Cataluña
43130,Rocafort de Queralt,Tarragona,43,Cataluña
43131,Roda de Berà,Tarragona,43,Cataluña
43132,Rodonyà,Tarragona,43,Cataluña
43133,Roquetes,Tarragona,43,Cataluña
43134,"Rourell, El",Tarragona,43,Cataluña
43135,Salomó,Tarragona,43,Cataluña
43905,Salou,Tarragona,43,Cataluña
43137,Sant Jaume dels Domenys,Tarragona,43,Cataluña
43902,Sant Jaume d'Enveja,Tarragona,43,Cataluña
43138,Santa Bàrbara,Tarragona,43,Cataluña
43139,Santa Coloma de Queralt,Tarragona,43,Cataluña
43140,Santa Oliva,Tarragona,43,Cataluña
43142,Sarral,Tarragona,43,Cataluña
43143,Savallà del Comtat,Tarragona,43,Cataluña
43144,"Secuita, La",Tarragona,43,Cataluña
43145,"Selva del Camp, La",Tarragona,43,Cataluña
43146,Senan,Tarragona,43,Cataluña
43044,"Sénia, La",Tarragona,43,Cataluña
43147,Solivella,Tarragona,43,Cataluña
43148,Tarragona,Tarragona,43,Cataluña
43149,Tivenys,Tarragona,43,Cataluña
43150,Tivissa,Tarragona,43,Cataluña
43151,"Torre de Fontaubella, La",Tarragona,43,Cataluña
43152,"Torre de l'Espanyol, La",Tarragona,43,Cataluña
43153,Torredembarra,Tarragona,43,Cataluña
43154,Torroja del Priorat,Tarragona,43,Cataluña
43155,Tortosa,Tarragona,43,Cataluña
43156,Ulldecona,Tarragona,43,Cataluña
43157,Ulldemolins,Tarragona,43,Cataluña
43158,Vallclara,Tarragona,43,Cataluña
43159,Vallfogona de Riucorb,Tarragona,43,Cataluña
43160,Vallmoll,Tarragona,43,Cataluña
43161,Valls,Tarragona,43,Cataluña
43162,Vandellòs i l'Hospitalet de l'Infant,Tarragona,43,Cataluña
43163,"Vendrell, El",Tarragona,43,Cataluña
43164,Vespella de Gaià,Tarragona,43,Cataluña
43165,Vilabella,Tarragona,43,Cataluña
43175,Vilalba dels Arcs,Tarragona,43,Cataluña
43166,Vilallonga del Camp,Tarragona,43,Cataluña
43168,Vilanova de Prades,Tarragona,43,Cataluña
43167,Vilanova d'Escornalbou,Tarragona,43,Cataluña
43169,Vilaplana,Tarragona,43,Cataluña
43170,Vila-rodona,Tarragona,43,Cataluña
43171,Vila-seca,Tarragona,43,Cataluña
43172,Vilaverd,Tarragona,43,Cataluña
43173,"Vilella Alta, La",Tarragona,43,Cataluña
43174,"Vilella Baixa, La",Tarragona,43,Cataluña
43176,Vimbodí i Poblet,Tarragona,43,Cataluña
43177,Vinebre,Tarragona,43,Cataluña
43178,Vinyols i els Arcs,Tarragona,43,Cataluña
43052,Xerta,Tarragona,43,Cataluña
44001,Ababuj,Teruel,44,Aragón
44002,Abejuela,Teruel,44,Aragón
44003,Aguatón,Teruel,44,Aragón
44004,Aguaviva,Teruel,44,Aragón
44005,Aguilar del Alfambra,Teruel,44,Aragón
44006,Alacón,Teruel,44,Aragón
44007,Alba,Teruel,44,Aragón
44008,Albalate del Arzobispo,Teruel,44,Aragón
44009,Albarracín,Teruel,44,Aragón
44010,Albentosa,Teruel,44,Aragón
44011,Alcaine,Teruel,44,Aragón
44012,Alcalá de la Selva,Teruel,44,Aragón
44013,Alcañiz,Teruel,44,Aragón
44014,Alcorisa,Teruel,44,Aragón
44016,Alfambra,Teruel,44,Aragón
44017,Aliaga,Teruel,44,Aragón
44021,Allepuz,Teruel,44,Aragón
44022,Alloza,Teruel,44,Aragón
44023,Allueva,Teruel,44,Aragón
44018,Almohaja,Teruel,44,Aragón
44019,Alobras,Teruel,44,Aragón
44020,Alpeñés,Teruel,44,Aragón
44024,Anadón,Teruel,44,Aragón
44025,Andorra,Teruel,44,Aragón
44026,Arcos de las Salinas,Teruel,44,Aragón
44027,Arens de Lledó,Teruel,44,Aragón
44028,Argente,Teruel,44,Aragón
44029,Ariño,Teruel,44,Aragón
44031,Azaila,Teruel,44,Aragón
44032,Bádenas,Teruel,44,Aragón
44033,Báguena,Teruel,44,Aragón
44034,Bañón,Teruel,44,Aragón
44035,Barrachina,Teruel,44,Aragón
44036,Bea,Teruel,44,Aragón
44037,Beceite,Teruel,44,Aragón
44039,Bello,Teruel,44,Aragón
44038,Belmonte de San José,Teruel,44,Aragón
44040,Berge,Teruel,44,Aragón
44041,Bezas,Teruel,44,Aragón
44042,Blancas,Teruel,44,Aragón
44043,Blesa,Teruel,44,Aragón
44044,Bordón,Teruel,44,Aragón
44045,Bronchales,Teruel,44,Aragón
44046,Bueña,Teruel,44,Aragón
44047,Burbáguena,Teruel,44,Aragón
44048,Cabra de Mora,Teruel,44,Aragón
44049,Calaceite,Teruel,44,Aragón
44050,Calamocha,Teruel,44,Aragón
44051,Calanda,Teruel,44,Aragón
44052,Calomarde,Teruel,44,Aragón
44053,Camañas,Teruel,44,Aragón
44054,Camarena de la Sierra,Teruel,44,Aragón
44055,Camarillas,Teruel,44,Aragón
44056,Caminreal,Teruel,44,Aragón
44059,Cantavieja,Teruel,44,Aragón
44060,Cañada de Benatanduz,Teruel,44,Aragón
44061,"Cañada de Verich, La",Teruel,44,Aragón
44062,Cañada Vellida,Teruel,44,Aragón
44063,Cañizar del Olivar,Teruel,44,Aragón
44064,Cascante del Río,Teruel,44,Aragón
44065,Castejón de Tornos,Teruel,44,Aragón
44066,Castel de Cabra,Teruel,44,Aragón
44070,"Castellar, El",Teruel,44,Aragón
44071,Castellote,Teruel,44,Aragón
44067,Castelnou,Teruel,44,Aragón
44068,Castelserás,Teruel,44,Aragón
44074,Cedrillas,Teruel,44,Aragón
44075,Celadas,Teruel,44,Aragón
44076,Cella,Teruel,44,Aragón
44077,"Cerollera, La",Teruel,44,Aragón
44080,"Codoñera, La",Teruel,44,Aragón
44082,Corbalán,Teruel,44,Aragón
44084,Cortes de Aragón,Teruel,44,Aragón
44085,Cosa,Teruel,44,Aragón
44086,Cretas,Teruel,44,Aragón
44087,Crivillén,Teruel,44,Aragón
44088,"Cuba, La",Teruel,44,Aragón
44089,Cubla,Teruel,44,Aragón
44090,Cucalón,Teruel,44,Aragón
44092,"Cuervo, El",Teruel,44,Aragón
44093,Cuevas de Almudén,Teruel,44,Aragón
44094,Cuevas Labradas,Teruel,44,Aragón
44096,Ejulve,Teruel,44,Aragón
44097,Escorihuela,Teruel,44,Aragón
44099,Escucha,Teruel,44,Aragón
44100,Estercuel,Teruel,44,Aragón
44101,Ferreruela de Huerva,Teruel,44,Aragón
44102,Fonfría,Teruel,44,Aragón
44103,Formiche Alto,Teruel,44,Aragón
44105,Fórnoles,Teruel,44,Aragón
44106,Fortanete,Teruel,44,Aragón
44107,Foz-Calanda,Teruel,44,Aragón
44108,"Fresneda, La",Teruel,44,Aragón
44109,Frías de Albarracín,Teruel,44,Aragón
44110,Fuenferrada,Teruel,44,Aragón
44111,Fuentes Calientes,Teruel,44,Aragón
44112,Fuentes Claras,Teruel,44,Aragón
44113,Fuentes de Rubielos,Teruel,44,Aragón
44114,Fuentespalda,Teruel,44,Aragón
44115,Galve,Teruel,44,Aragón
44116,Gargallo,Teruel,44,Aragón
44117,Gea de Albarracín,Teruel,44,Aragón
44118,"Ginebrosa, La",Teruel,44,Aragón
44119,Griegos,Teruel,44,Aragón
44120,Guadalaviar,Teruel,44,Aragón
44121,Gúdar,Teruel,44,Aragón
44122,Híjar,Teruel,44,Aragón
44123,Hinojosa de Jarque,Teruel,44,Aragón
44124,"Hoz de la Vieja, La",Teruel,44,Aragón
44125,Huesa del Común,Teruel,44,Aragón
44126,"Iglesuela del Cid, La",Teruel,44,Aragón
44127,Jabaloyas,Teruel,44,Aragón
44128,Jarque de la Val,Teruel,44,Aragón
44129,Jatiel,Teruel,44,Aragón
44130,Jorcas,Teruel,44,Aragón
44131,Josa,Teruel,44,Aragón
44132,Lagueruela,Teruel,44,Aragón
44133,Lanzuela,Teruel,44,Aragón
44135,Libros,Teruel,44,Aragón
44136,Lidón,Teruel,44,Aragón
44137,Linares de Mora,Teruel,44,Aragón
44141,Lledó,Teruel,44,Aragón
44138,Loscos,Teruel,44,Aragón
44142,Maicas,Teruel,44,Aragón
44143,Manzanera,Teruel,44,Aragón
44144,Martín del Río,Teruel,44,Aragón
44145,Mas de las Matas,Teruel,44,Aragón
44146,"Mata de los Olmos, La",Teruel,44,Aragón
44147,Mazaleón,Teruel,44,Aragón
44148,Mezquita de Jarque,Teruel,44,Aragón
44149,Mirambel,Teruel,44,Aragón
44150,Miravete de la Sierra,Teruel,44,Aragón
44151,Molinos,Teruel,44,Aragón
44152,Monforte de Moyuela,Teruel,44,Aragón
44153,Monreal del Campo,Teruel,44,Aragón
44154,Monroyo,Teruel,44,Aragón
44155,Montalbán,Teruel,44,Aragón
44156,Monteagudo del Castillo,Teruel,44,Aragón
44157,Monterde de Albarracín,Teruel,44,Aragón
44158,Mora de Rubielos,Teruel,44,Aragón
44159,Moscardón,Teruel,44,Aragón
44160,Mosqueruela,Teruel,44,Aragón
44161,Muniesa,Teruel,44,Aragón
44163,Noguera de Albarracín,Teruel,44,Aragón
44164,Nogueras,Teruel,44,Aragón
44165,Nogueruelas,Teruel,44,Aragón
44167,Obón,Teruel,44,Aragón
44168,Odón,Teruel,44,Aragón
44169,Ojos Negros,Teruel,44,Aragón
44171,Olba,Teruel,44,Aragón
44172,Oliete,Teruel,44,Aragón
44173,"Olmos, Los",Teruel,44,Aragón
44174,Orihuela del Tremedal,Teruel,44,Aragón
44175,Orrios,Teruel,44,Aragón
44176,Palomar de Arroyos,Teruel,44,Aragón
44177,Pancrudo,Teruel,44,Aragón
44178,"Parras de Castellote, Las",Teruel,44,Aragón
44179,Peñarroya de Tastavins,Teruel,44,Aragón
44180,Peracense,Teruel,44,Aragón
44181,Peralejos,Teruel,44,Aragón
44182,Perales del Alfambra,Teruel,44,Aragón
44183,Pitarque,Teruel,44,Aragón
44184,Plou,Teruel,44,Aragón
44185,"Pobo, El",Teruel,44,Aragón
44187,"Portellada, La",Teruel,44,Aragón
44189,Pozondón,Teruel,44,Aragón
44190,Pozuel del Campo,Teruel,44,Aragón
44191,"Puebla de Híjar, La",Teruel,44,Aragón
44192,"Puebla de Valverde, La",Teruel,44,Aragón
44193,Puertomingalvo,Teruel,44,Aragón
44194,Ráfales,Teruel,44,Aragón
44195,Rillo,Teruel,44,Aragón
44196,Riodeva,Teruel,44,Aragón
44197,Ródenas,Teruel,44,Aragón
44198,Royuela,Teruel,44,Aragón
44199,Rubiales,Teruel,44,Aragón
44200,Rubielos de la Cérida,Teruel,44,Aragón
44201,Rubielos de Mora,Teruel,44,Aragón
44203,Salcedillo,Teruel,44,Aragón
44204,Saldón,Teruel,44,Aragón
44205,Samper de Calanda,Teruel,44,Aragón
44206,San Agustín,Teruel,44,Aragón
44207,San Martín del Río,Teruel,44,Aragón
44208,Santa Cruz de Nogueras,Teruel,44,Aragón
44209,Santa Eulalia,Teruel,44,Aragón
44210,Sarrión,Teruel,44,Aragón
44211,Segura de los Baños,Teruel,44,Aragón
44212,Seno,Teruel,44,Aragón
44213,Singra,Teruel,44,Aragón
44215,Terriente,Teruel,44,Aragón
44216,Teruel,Teruel,44,Aragón
44217,Toril y Masegoso,Teruel,44,Aragón
44218,Tormón,Teruel,44,Aragón
44219,Tornos,Teruel,44,Aragón
44220,Torralba de los Sisones,Teruel,44,Aragón
44223,Torre de Arcas,Teruel,44,Aragón
44224,Torre de las Arcas,Teruel,44,Aragón
44225,Torre del Compte,Teruel,44,Aragón
44227,Torre los Negros,Teruel,44,Aragón
44221,Torrecilla de Alcañiz,Teruel,44,Aragón
44222,Torrecilla del Rebollar,Teruel,44,Aragón
44226,Torrelacárcel,Teruel,44,Aragón
44228,Torremocha de Jiloca,Teruel,44,Aragón
44229,Torres de Albarracín,Teruel,44,Aragón
44230,Torrevelilla,Teruel,44,Aragón
44231,Torrijas,Teruel,44,Aragón
44232,Torrijo del Campo,Teruel,44,Aragón
44234,Tramacastiel,Teruel,44,Aragón
44235,Tramacastilla,Teruel,44,Aragón
44236,Tronchón,Teruel,44,Aragón
44237,Urrea de Gaén,Teruel,44,Aragón
44238,Utrillas,Teruel,44,Aragón
44239,Valacloche,Teruel,44,Aragón
44240,Valbona,Teruel,44,Aragón
44241,Valdealgorfa,Teruel,44,Aragón
44243,Valdecuenca,Teruel,44,Aragón
44244,Valdelinares,Teruel,44,Aragón
44245,Valdeltormo,Teruel,44,Aragón
44246,Valderrobres,Teruel,44,Aragón
44247,Valjunquera,Teruel,44,Aragón
44249,"Vallecillo, El",Teruel,44,Aragón
44250,Veguillas de la Sierra,Teruel,44,Aragón
44251,Villafranca del Campo,Teruel,44,Aragón
44252,Villahermosa del Campo,Teruel,44,Aragón
44256,Villanueva del Rebollar de la Sierra,Teruel,44,Aragón
44257,Villar del Cobo,Teruel,44,Aragón
44258,Villar del Salz,Teruel,44,Aragón
44260,Villarluengo,Teruel,44,Aragón
44261,Villarquemado,Teruel,44,Aragón
44262,Villarroya de los Pinares,Teruel,44,Aragón
44263,Villastar,Teruel,44,Aragón
44264,Villel,Teruel,44,Aragón
44265,Vinaceite,Teruel,44,Aragón
44266,Visiedo,Teruel,44,Aragón
44267,Vivel del Río Martín,Teruel,44,Aragón
44268,"Zoma, La",Teruel,44,Aragón
45001,Ajofrín,Toledo,45,Castilla-La Mancha
45002,Alameda de la Sagra,Toledo,45,Castilla-La Mancha
45003,Albarreal de Tajo,Toledo,45,Castilla-La Mancha
45004,Alcabón,Toledo,45,Castilla-La Mancha
45005,Alcañizo,Toledo,45,Castilla-La Mancha
45006,Alcaudete de la Jara,Toledo,45,Castilla-La Mancha
45007,Alcolea de Tajo,Toledo,45,Castilla-La Mancha
45008,Aldea en Cabo,Toledo,45,Castilla-La Mancha
45009,Aldeanueva de Barbarroya,Toledo,45,Castilla-La Mancha
45010,Aldeanueva de San Bartolomé,Toledo,45,Castilla-La Mancha
45011,Almendral de la Cañada,Toledo,45,Castilla-La Mancha
45012,Almonacid de Toledo,Toledo,45,Castilla-La Mancha
45013,Almorox,Toledo,45,Castilla-La Mancha
45014,Añover de Tajo,Toledo,45,Castilla-La Mancha
45015,Arcicóllar,Toledo,45,Castilla-La Mancha
45016,Argés,Toledo,45,Castilla-La Mancha
45017,Azután,Toledo,45,Castilla-La Mancha
45018,Barcience,Toledo,45,Castilla-La Mancha
45019,Bargas,Toledo,45,Castilla-La Mancha
45020,Belvís de la Jara,Toledo,45,Castilla-La Mancha
45021,Borox,Toledo,45,Castilla-La Mancha
45022,Buenaventura,Toledo,45,Castilla-La Mancha
45023,Burguillos de Toledo,Toledo,45,Castilla-La Mancha
45024,Burujón,Toledo,45,Castilla-La Mancha
45025,Cabañas de la Sagra,Toledo,45,Castilla-La Mancha
45026,Cabañas de Yepes,Toledo,45,Castilla-La Mancha
45027,Cabezamesada,Toledo,45,Castilla-La Mancha
45028,Calera y Chozas,Toledo,45,Castilla-La Mancha
45029,Caleruela,Toledo,45,Castilla-La Mancha
45030,Calzada de Oropesa,Toledo,45,Castilla-La Mancha
45031,Camarena,Toledo,45,Castilla-La Mancha
45032,Camarenilla,Toledo,45,Castilla-La Mancha
45033,"Campillo de la Jara, El",Toledo,45,Castilla-La Mancha
45034,Camuñas,Toledo,45,Castilla-La Mancha
45035,Cardiel de los Montes,Toledo,45,Castilla-La Mancha
45036,Carmena,Toledo,45,Castilla-La Mancha
45037,"Carpio de Tajo, El",Toledo,45,Castilla-La Mancha
45038,Carranque,Toledo,45,Castilla-La Mancha
45039,Carriches,Toledo,45,Castilla-La Mancha
45040,"Casar de Escalona, El",Toledo,45,Castilla-La Mancha
45041,Casarrubios del Monte,Toledo,45,Castilla-La Mancha
45042,Casasbuenas,Toledo,45,Castilla-La Mancha
45043,Castillo de Bayuela,Toledo,45,Castilla-La Mancha
45045,Cazalegas,Toledo,45,Castilla-La Mancha
45046,Cebolla,Toledo,45,Castilla-La Mancha
45047,Cedillo del Condado,Toledo,45,Castilla-La Mancha
45048,"Cerralbos, Los",Toledo,45,Castilla-La Mancha
45049,Cervera de los Montes,Toledo,45,Castilla-La Mancha
45056,Chozas de Canales,Toledo,45,Castilla-La Mancha
45057,Chueca,Toledo,45,Castilla-La Mancha
45050,Ciruelos,Toledo,45,Castilla-La Mancha
45051,Cobeja,Toledo,45,Castilla-La Mancha
45052,Cobisa,Toledo,45,Castilla-La Mancha
45053,Consuegra,Toledo,45,Castilla-La Mancha
45054,Corral de Almaguer,Toledo,45,Castilla-La Mancha
45055,Cuerva,Toledo,45,Castilla-La Mancha
45058,Domingo Pérez,Toledo,45,Castilla-La Mancha
45059,Dosbarrios,Toledo,45,Castilla-La Mancha
45060,Erustes,Toledo,45,Castilla-La Mancha
45061,Escalona,Toledo,45,Castilla-La Mancha
45062,Escalonilla,Toledo,45,Castilla-La Mancha
45063,Espinoso del Rey,Toledo,45,Castilla-La Mancha
45064,Esquivias,Toledo,45,Castilla-La Mancha
45065,"Estrella, La",Toledo,45,Castilla-La Mancha
45066,Fuensalida,Toledo,45,Castilla-La Mancha
45067,Gálvez,Toledo,45,Castilla-La Mancha
45068,Garciotum,Toledo,45,Castilla-La Mancha
45069,Gerindote,Toledo,45,Castilla-La Mancha
45070,Guadamur,Toledo,45,Castilla-La Mancha
45071,"Guardia, La",Toledo,45,Castilla-La Mancha
45072,"Herencias, Las",Toledo,45,Castilla-La Mancha
45073,Herreruela de Oropesa,Toledo,45,Castilla-La Mancha
45074,Hinojosa de San Vicente,Toledo,45,Castilla-La Mancha
45075,Hontanar,Toledo,45,Castilla-La Mancha
45076,Hormigos,Toledo,45,Castilla-La Mancha
45077,Huecas,Toledo,45,Castilla-La Mancha
45078,Huerta de Valdecarábanos,Toledo,45,Castilla-La Mancha
45079,"Iglesuela del Tiétar, La",Toledo,45,Castilla-La Mancha
45080,Illán de Vacas,Toledo,45,Castilla-La Mancha
45081,Illescas,Toledo,45,Castilla-La Mancha
45082,Lagartera,Toledo,45,Castilla-La Mancha
45083,Layos,Toledo,45,Castilla-La Mancha
45084,Lillo,Toledo,45,Castilla-La Mancha
45085,Lominchar,Toledo,45,Castilla-La Mancha
45086,Lucillos,Toledo,45,Castilla-La Mancha
45087,Madridejos,Toledo,45,Castilla-La Mancha
45088,Magán,Toledo,45,Castilla-La Mancha
45089,Malpica de Tajo,Toledo,45,Castilla-La Mancha
45090,Manzaneque,Toledo,45,Castilla-La Mancha
45091,Maqueda,Toledo,45,Castilla-La Mancha
45092,Marjaliza,Toledo,45,Castilla-La Mancha
45093,Marrupe,Toledo,45,Castilla-La Mancha
45094,Mascaraque,Toledo,45,Castilla-La Mancha
45095,"Mata, La",Toledo,45,Castilla-La Mancha
45096,Mazarambroz,Toledo,45,Castilla-La Mancha
45097,Mejorada,Toledo,45,Castilla-La Mancha
45098,Menasalbas,Toledo,45,Castilla-La Mancha
45099,Méntrida,Toledo,45,Castilla-La Mancha
45100,Mesegar de Tajo,Toledo,45,Castilla-La Mancha
45101,Miguel Esteban,Toledo,45,Castilla-La Mancha
45102,Mocejón,Toledo,45,Castilla-La Mancha
45103,Mohedas de la Jara,Toledo,45,Castilla-La Mancha
45104,Montearagón,Toledo,45,Castilla-La Mancha
45105,Montesclaros,Toledo,45,Castilla-La Mancha
45106,Mora,Toledo,45,Castilla-La Mancha
45107,Nambroca,Toledo,45,Castilla-La Mancha
45108,"Nava de Ricomalillo, La",Toledo,45,Castilla-La Mancha
45109,Navahermosa,Toledo,45,Castilla-La Mancha
45110,Navalcán,Toledo,45,Castilla-La Mancha
45111,Navalmoralejo,Toledo,45,Castilla-La Mancha
45112,"Navalmorales, Los",Toledo,45,Castilla-La Mancha
45113,"Navalucillos, Los",Toledo,45,Castilla-La Mancha
45114,Navamorcuende,Toledo,45,Castilla-La Mancha
45115,Noblejas,Toledo,45,Castilla-La Mancha
45116,Noez,Toledo,45,Castilla-La Mancha
45117,Nombela,Toledo,45,Castilla-La Mancha
45118,Novés,Toledo,45,Castilla-La Mancha
45119,Numancia de la Sagra,Toledo,45,Castilla-La Mancha
45120,Nuño Gómez,Toledo,45,Castilla-La Mancha
45121,Ocaña,Toledo,45,Castilla-La Mancha
45122,Olías del Rey,Toledo,45,Castilla-La Mancha
45123,Ontígola,Toledo,45,Castilla-La Mancha
45124,Orgaz,Toledo,45,Castilla-La Mancha
45125,Oropesa,Toledo,45,Castilla-La Mancha
45126,Otero,Toledo,45,Castilla-La Mancha
45127,Palomeque,Toledo,45,Castilla-La Mancha
45128,Pantoja,Toledo,45,Castilla-La Mancha
45129,Paredes de Escalona,Toledo,45,Castilla-La Mancha
45130,Parrillas,Toledo,45,Castilla-La Mancha
45131,Pelahustán,Toledo,45,Castilla-La Mancha
45132,Pepino,Toledo,45,Castilla-La Mancha
45133,Polán,Toledo,45,Castilla-La Mancha
45134,Portillo de Toledo,Toledo,45,Castilla-La Mancha
45135,"Puebla de Almoradiel, La",Toledo,45,Castilla-La Mancha
45136,"Puebla de Montalbán, La",Toledo,45,Castilla-La Mancha
45137,"Pueblanueva, La",Toledo,45,Castilla-La Mancha
45138,"Puente del Arzobispo, El",Toledo,45,Castilla-La Mancha
45139,Puerto de San Vicente,Toledo,45,Castilla-La Mancha
45140,Pulgar,Toledo,45,Castilla-La Mancha
45141,Quero,Toledo,45,Castilla-La Mancha
45142,Quintanar de la Orden,Toledo,45,Castilla-La Mancha
45143,Quismondo,Toledo,45,Castilla-La Mancha
45144,"Real de San Vicente, El",Toledo,45,Castilla-La Mancha
45145,Recas,Toledo,45,Castilla-La Mancha
45146,Retamoso de la Jara,Toledo,45,Castilla-La Mancha
45147,Rielves,Toledo,45,Castilla-La Mancha
45148,Robledo del Mazo,Toledo,45,Castilla-La Mancha
45149,"Romeral, El",Toledo,45,Castilla-La Mancha
45150,San Bartolomé de las Abiertas,Toledo,45,Castilla-La Mancha
45151,San Martín de Montalbán,Toledo,45,Castilla-La Mancha
45152,San Martín de Pusa,Toledo,45,Castilla-La Mancha
45153,San Pablo de los Montes,Toledo,45,Castilla-La Mancha
45154,San Román de los Montes,Toledo,45,Castilla-La Mancha
45155,Santa Ana de Pusa,Toledo,45,Castilla-La Mancha
45156,Santa Cruz de la Zarza,Toledo,45,Castilla-La Mancha
45157,Santa Cruz del Retamar,Toledo,45,Castilla-La Mancha
45158,Santa Olalla,Toledo,45,Castilla-La Mancha
45901,Santo Domingo-Caudilla,Toledo,45,Castilla-La Mancha
45159,Sartajada,Toledo,45,Castilla-La Mancha
45160,Segurilla,Toledo,45,Castilla-La Mancha
45161,Seseña,Toledo,45,Castilla-La Mancha
45162,Sevilleja de la Jara,Toledo,45,Castilla-La Mancha
45163,Sonseca,Toledo,45,Castilla-La Mancha
45164,Sotillo de las Palomas,Toledo,45,Castilla-La Mancha
45165,Talavera de la Reina,Toledo,45,Castilla-La Mancha
45166,Tembleque,Toledo,45,Castilla-La Mancha
45167,"Toboso, El",Toledo,45,Castilla-La Mancha
45168,Toledo,Toledo,45,Castilla-La Mancha
45169,Torralba de Oropesa,Toledo,45,Castilla-La Mancha
45171,"Torre de Esteban Hambrán, La",Toledo,45,Castilla-La Mancha
45170,Torrecilla de la Jara,Toledo,45,Castilla-La Mancha
45172,Torrico,Toledo,45,Castilla-La Mancha
45173,Torrijos,Toledo,45,Castilla-La Mancha
45174,Totanés,Toledo,45,Castilla-La Mancha
45175,Turleque,Toledo,45,Castilla-La Mancha
45176,Ugena,Toledo,45,Castilla-La Mancha
45177,Urda,Toledo,45,Castilla-La Mancha
45179,Valdeverdeja,Toledo,45,Castilla-La Mancha
45180,Valmojado,Toledo,45,Castilla-La Mancha
45181,Velada,Toledo,45,Castilla-La Mancha
45182,"Ventas con Peña Aguilera, Las",Toledo,45,Castilla-La Mancha
45183,"Ventas de Retamosa, Las",Toledo,45,Castilla-La Mancha
45184,"Ventas de San Julián, Las",Toledo,45,Castilla-La Mancha
45186,"Villa de Don Fadrique, La",Toledo,45,Castilla-La Mancha
45185,Villacañas,Toledo,45,Castilla-La Mancha
45187,Villafranca de los Caballeros,Toledo,45,Castilla-La Mancha
45188,Villaluenga de la Sagra,Toledo,45,Castilla-La Mancha
45189,Villamiel de Toledo,Toledo,45,Castilla-La Mancha
45190,Villaminaya,Toledo,45,Castilla-La Mancha
45191,Villamuelas,Toledo,45,Castilla-La Mancha
45192,Villanueva de Alcardete,Toledo,45,Castilla-La Mancha
45193,Villanueva de Bogas,Toledo,45,Castilla-La Mancha
45194,Villarejo de Montalbán,Toledo,45,Castilla-La Mancha
45195,Villarrubia de Santiago,Toledo,45,Castilla-La Mancha
45196,Villaseca de la Sagra,Toledo,45,Castilla-La Mancha
45197,Villasequilla,Toledo,45,Castilla-La Mancha
45198,Villatobas,Toledo,45,Castilla-La Mancha
45199,"Viso de San Juan, El",Toledo,45,Castilla-La Mancha
45200,"Yébenes, Los",Toledo,45,Castilla-La Mancha
45201,Yeles,Toledo,45,Castilla-La Mancha
45202,Yepes,Toledo,45,Castilla-La Mancha
45203,Yuncler,Toledo,45,Castilla-La Mancha
45204,Yunclillos,Toledo,45,Castilla-La Mancha
45205,Yuncos,Toledo,45,Castilla-La Mancha
46001,Ademuz,Valencia/València,46,Comunitat Valenciana
46002,Ador,Valencia/València,46,Comunitat Valenciana
46004,Agullent,Valencia/València,46,Comunitat Valenciana
46042,Aielo de Malferit,Valencia/València,46,Comunitat Valenciana
46043,Aielo de Rugat,Valencia/València,46,Comunitat Valenciana
46005,Alaquàs,Valencia/València,46,Comunitat Valenciana
46006,Albaida,Valencia/València,46,Comunitat Valenciana
46007,Albal,Valencia/València,46,Comunitat Valenciana
46008,Albalat de la Ribera,Valencia/València,46,Comunitat Valenciana
46009,Albalat dels Sorells,Valencia/València,46,Comunitat Valenciana
46010,Albalat dels Tarongers,Valencia/València,46,Comunitat Valenciana
46011,Alberic,Valencia/València,46,Comunitat Valenciana
46012,Alborache,Valencia/València,46,Comunitat Valenciana
46013,Alboraia/Alboraya,Valencia/València,46,Comunitat Valenciana
46014,Albuixech,Valencia/València,46,Comunitat Valenciana
46016,Alcàntera de Xúquer,Valencia/València,46,Comunitat Valenciana
46015,Alcàsser,Valencia/València,46,Comunitat Valenciana
46018,Alcublas,Valencia/València,46,Comunitat Valenciana
46020,"Alcúdia de Crespins, l'",Valencia/València,46,Comunitat Valenciana
46019,"Alcúdia, l'",Valencia/València,46,Comunitat Valenciana
46021,Aldaia,Valencia/València,46,Comunitat Valenciana
46022,Alfafar,Valencia/València,46,Comunitat Valenciana
46024,Alfara de la Baronia,Valencia/València,46,Comunitat Valenciana
46025,Alfara del Patriarca,Valencia/València,46,Comunitat Valenciana
46026,Alfarb,Valencia/València,46,Comunitat Valenciana
46027,Alfarrasí,Valencia/València,46,Comunitat Valenciana
46023,Alfauir,Valencia/València,46,Comunitat Valenciana
46028,Algar de Palància,Valencia/València,46,Comunitat Valenciana
46029,Algemesí,Valencia/València,46,Comunitat Valenciana
46030,Algímia d'Alfara,Valencia/València,46,Comunitat Valenciana
46031,Alginet,Valencia/València,46,Comunitat Valenciana
46032,Almàssera,Valencia/València,46,Comunitat Valenciana
46033,Almiserà,Valencia/València,46,Comunitat Valenciana
46034,Almoines,Valencia/València,46,Comunitat Valenciana
46035,Almussafes,Valencia/València,46,Comunitat Valenciana
46036,Alpuente,Valencia/València,46,Comunitat Valenciana
46037,"Alqueria de la Comtessa, l'",Valencia/València,46,Comunitat Valenciana
46017,Alzira,Valencia/València,46,Comunitat Valenciana
46038,Andilla,Valencia/València,46,Comunitat Valenciana
46039,Anna,Valencia/València,46,Comunitat Valenciana
46040,Antella,Valencia/València,46,Comunitat Valenciana
46041,Aras de los Olmos,Valencia/València,46,Comunitat Valenciana
46003,Atzeneta d'Albaida,Valencia/València,46,Comunitat Valenciana
46044,Ayora,Valencia/València,46,Comunitat Valenciana
46046,Barx,Valencia/València,46,Comunitat Valenciana
46045,Barxeta,Valencia/València,46,Comunitat Valenciana
46047,Bèlgida,Valencia/València,46,Comunitat Valenciana
46048,Bellreguard,Valencia/València,46,Comunitat Valenciana
46049,Bellús,Valencia/València,46,Comunitat Valenciana
46050,Benagéber,Valencia/València,46,Comunitat Valenciana
46051,Benaguasil,Valencia/València,46,Comunitat Valenciana
46052,Benavites,Valencia/València,46,Comunitat Valenciana
46053,Beneixida,Valencia/València,46,Comunitat Valenciana
46054,Benetússer,Valencia/València,46,Comunitat Valenciana
46055,Beniarjó,Valencia/València,46,Comunitat Valenciana
46056,Beniatjar,Valencia/València,46,Comunitat Valenciana
46057,Benicolet,Valencia/València,46,Comunitat Valenciana
46904,Benicull de Xúquer,Valencia/València,46,Comunitat Valenciana
46060,Benifaió,Valencia/València,46,Comunitat Valenciana
46059,Benifairó de la Valldigna,Valencia/València,46,Comunitat Valenciana
46058,Benifairó de les Valls,Valencia/València,46,Comunitat Valenciana
46061,Beniflá,Valencia/València,46,Comunitat Valenciana
46062,Benigànim,Valencia/València,46,Comunitat Valenciana
46063,Benimodo,Valencia/València,46,Comunitat Valenciana
46064,Benimuslem,Valencia/València,46,Comunitat Valenciana
46065,Beniparrell,Valencia/València,46,Comunitat Valenciana
46066,Benirredrà,Valencia/València,46,Comunitat Valenciana
46067,Benissanó,Valencia/València,46,Comunitat Valenciana
46068,Benissoda,Valencia/València,46,Comunitat Valenciana
46069,Benissuera,Valencia/València,46,Comunitat Valenciana
46070,Bétera,Valencia/València,46,Comunitat Valenciana
46071,Bicorp,Valencia/València,46,Comunitat Valenciana
46072,Bocairent,Valencia/València,46,Comunitat Valenciana
46073,Bolbaite,Valencia/València,46,Comunitat Valenciana
46074,Bonrepòs i Mirambell,Valencia/València,46,Comunitat Valenciana
46075,Bufali,Valencia/València,46,Comunitat Valenciana
46076,Bugarra,Valencia/València,46,Comunitat Valenciana
46077,Buñol,Valencia/València,46,Comunitat Valenciana
46078,Burjassot,Valencia/València,46,Comunitat Valenciana
46079,Calles,Valencia/València,46,Comunitat Valenciana
46080,Camporrobles,Valencia/València,46,Comunitat Valenciana
46081,Canals,Valencia/València,46,Comunitat Valenciana
46082,Canet d'En Berenguer,Valencia/València,46,Comunitat Valenciana
46083,Carcaixent,Valencia/València,46,Comunitat Valenciana
46084,Càrcer,Valencia/València,46,Comunitat Valenciana
46085,Carlet,Valencia/València,46,Comunitat Valenciana
46086,Carrícola,Valencia/València,46,Comunitat Valenciana
46087,Casas Altas,Valencia/València,46,Comunitat Valenciana
46088,Casas Bajas,Valencia/València,46,Comunitat Valenciana
46089,Casinos,Valencia/València,46,Comunitat Valenciana
46257,Castelló,Valencia/València,46,Comunitat Valenciana
46090,Castelló de Rugat,Valencia/València,46,Comunitat Valenciana
46091,Castellonet de la Conquesta,Valencia/València,46,Comunitat Valenciana
46092,Castielfabib,Valencia/València,46,Comunitat Valenciana
46093,Catadau,Valencia/València,46,Comunitat Valenciana
46094,Catarroja,Valencia/València,46,Comunitat Valenciana
46095,Caudete de las Fuentes,Valencia/València,46,Comunitat Valenciana
46096,Cerdà,Valencia/València,46,Comunitat Valenciana
46107,Chella,Valencia/València,46,Comunitat Valenciana
46106,Chelva,Valencia/València,46,Comunitat Valenciana
46108,Chera,Valencia/València,46,Comunitat Valenciana
46109,Cheste,Valencia/València,46,Comunitat Valenciana
46111,Chiva,Valencia/València,46,Comunitat Valenciana
46112,Chulilla,Valencia/València,46,Comunitat Valenciana
46097,Cofrentes,Valencia/València,46,Comunitat Valenciana
46098,Corbera,Valencia/València,46,Comunitat Valenciana
46099,Cortes de Pallás,Valencia/València,46,Comunitat Valenciana
46100,Cotes,Valencia/València,46,Comunitat Valenciana
46105,Cullera,Valencia/València,46,Comunitat Valenciana
46113,Daimús,Valencia/València,46,Comunitat Valenciana
46114,Domeño,Valencia/València,46,Comunitat Valenciana
46115,Dos Aguas,Valencia/València,46,Comunitat Valenciana
46116,"Eliana, l'",Valencia/València,46,Comunitat Valenciana
46117,Emperador,Valencia/València,46,Comunitat Valenciana
46118,Enguera,Valencia/València,46,Comunitat Valenciana
46119,"Énova, l'",Valencia/València,46,Comunitat Valenciana
46120,Estivella,Valencia/València,46,Comunitat Valenciana
46121,Estubeny,Valencia/València,46,Comunitat Valenciana
46122,Faura,Valencia/València,46,Comunitat Valenciana
46123,Favara,Valencia/València,46,Comunitat Valenciana
46126,Foios,Valencia/València,46,Comunitat Valenciana
46128,"Font de la Figuera, la",Valencia/València,46,Comunitat Valenciana
46127,"Font d'en Carròs, la",Valencia/València,46,Comunitat Valenciana
46124,Fontanars dels Alforins,Valencia/València,46,Comunitat Valenciana
46125,Fortaleny,Valencia/València,46,Comunitat Valenciana
46129,Fuenterrobles,Valencia/València,46,Comunitat Valenciana
46131,Gandia,Valencia/València,46,Comunitat Valenciana
46902,Gátova,Valencia/València,46,Comunitat Valenciana
46130,Gavarda,Valencia/València,46,Comunitat Valenciana
46132,"Genovés, el",Valencia/València,46,Comunitat Valenciana
46133,Gestalgar,Valencia/València,46,Comunitat Valenciana
46134,Gilet,Valencia/València,46,Comunitat Valenciana
46135,Godella,Valencia/València,46,Comunitat Valenciana
46136,Godelleta,Valencia/València,46,Comunitat Valenciana
46137,"Granja de la Costera, la",Valencia/València,46,Comunitat Valenciana
46138,Guadasséquies,Valencia/València,46,Comunitat Valenciana
46139,Guadassuar,Valencia/València,46,Comunitat Valenciana
46140,Guardamar de la Safor,Valencia/València,46,Comunitat Valenciana
46141,Higueruelas,Valencia/València,46,Comunitat Valenciana
46142,Jalance,Valencia/València,46,Comunitat Valenciana
46144,Jarafuel,Valencia/València,46,Comunitat Valenciana
46154,Llanera de Ranes,Valencia/València,46,Comunitat Valenciana
46155,Llaurí,Valencia/València,46,Comunitat Valenciana
46147,Llíria,Valencia/València,46,Comunitat Valenciana
46152,Llocnou de la Corona,Valencia/València,46,Comunitat Valenciana
46153,Llocnou de Sant Jeroni,Valencia/València,46,Comunitat Valenciana
46151,Llocnou d'En Fenollet,Valencia/València,46,Comunitat Valenciana
46156,Llombai,Valencia/València,46,Comunitat Valenciana
46157,"Llosa de Ranes, la",Valencia/València,46,Comunitat Valenciana
46150,Llutxent,Valencia/València,46,Comunitat Valenciana
46148,Loriguilla,Valencia/València,46,Comunitat Valenciana
46149,Losa del Obispo,Valencia/València,46,Comunitat Valenciana
46158,Macastre,Valencia/València,46,Comunitat Valenciana
46159,Manises,Valencia/València,46,Comunitat Valenciana
46160,Manuel,Valencia/València,46,Comunitat Valenciana
46161,Marines,Valencia/València,46,Comunitat Valenciana
46162,Massalavés,Valencia/València,46,Comunitat Valenciana
46163,Massalfassar,Valencia/València,46,Comunitat Valenciana
46164,Massamagrell,Valencia/València,46,Comunitat Valenciana
46165,Massanassa,Valencia/València,46,Comunitat Valenciana
46166,Meliana,Valencia/València,46,Comunitat Valenciana
46167,Millares,Valencia/València,46,Comunitat Valenciana
46168,Miramar,Valencia/València,46,Comunitat Valenciana
46169,Mislata,Valencia/València,46,Comunitat Valenciana
46170,Moixent/Mogente,Valencia/València,46,Comunitat Valenciana
46171,Montcada/Moncada,Valencia/València,46,Comunitat Valenciana
46173,Montaverner,Valencia/València,46,Comunitat Valenciana
46174,Montesa,Valencia/València,46,Comunitat Valenciana
46175,Montitxelvo/Montichelvo,Valencia/València,46,Comunitat Valenciana
46176,Montroi/Montroy,Valencia/València,46,Comunitat Valenciana
46172,Montserrat,Valencia/València,46,Comunitat Valenciana
46177,Museros,Valencia/València,46,Comunitat Valenciana
46178,Nàquera/Náquera,Valencia/València,46,Comunitat Valenciana
46179,Navarrés,Valencia/València,46,Comunitat Valenciana
46180,Novetlè,Valencia/València,46,Comunitat Valenciana
46181,Oliva,Valencia/València,46,Comunitat Valenciana
46183,"Olleria, l'",Valencia/València,46,Comunitat Valenciana
46182,Olocau,Valencia/València,46,Comunitat Valenciana
46184,Ontinyent,Valencia/València,46,Comunitat Valenciana
46185,Otos,Valencia/València,46,Comunitat Valenciana
46186,Paiporta,Valencia/València,46,Comunitat Valenciana
46187,Palma de Gandía,Valencia/València,46,Comunitat Valenciana
46188,Palmera,Valencia/València,46,Comunitat Valenciana
46189,"Palomar, el",Valencia/València,46,Comunitat Valenciana
46190,Paterna,Valencia/València,46,Comunitat Valenciana
46191,Pedralba,Valencia/València,46,Comunitat Valenciana
46192,Petrés,Valencia/València,46,Comunitat Valenciana
46193,Picanya,Valencia/València,46,Comunitat Valenciana
46194,Picassent,Valencia/València,46,Comunitat Valenciana
46195,Piles,Valencia/València,46,Comunitat Valenciana
46196,Pinet,Valencia/València,46,Comunitat Valenciana
46199,"Pobla de Farnals, la",Valencia/València,46,Comunitat Valenciana
46202,"Pobla de Vallbona, la",Valencia/València,46,Comunitat Valenciana
46200,"Pobla del Duc, la",Valencia/València,46,Comunitat Valenciana
46203,"Pobla Llarga, la",Valencia/València,46,Comunitat Valenciana
46197,Polinyà de Xúquer,Valencia/València,46,Comunitat Valenciana
46198,Potries,Valencia/València,46,Comunitat Valenciana
46205,Puçol,Valencia/València,46,Comunitat Valenciana
46201,Puebla de San Miguel,Valencia/València,46,Comunitat Valenciana
46204,"Puig de Santa Maria, el",Valencia/València,46,Comunitat Valenciana
46101,Quart de les Valls,Valencia/València,46,Comunitat Valenciana
46102,Quart de Poblet,Valencia/València,46,Comunitat Valenciana
46103,Quartell,Valencia/València,46,Comunitat Valenciana
46104,Quatretonda,Valencia/València,46,Comunitat Valenciana
46206,Quesa,Valencia/València,46,Comunitat Valenciana
46207,Rafelbunyol,Valencia/València,46,Comunitat Valenciana
46208,Rafelcofer,Valencia/València,46,Comunitat Valenciana
46209,Rafelguaraf,Valencia/València,46,Comunitat Valenciana
46210,Ráfol de Salem,Valencia/València,46,Comunitat Valenciana
46212,Real,Valencia/València,46,Comunitat Valenciana
46211,"Real de Gandia, el",Valencia/València,46,Comunitat Valenciana
46213,Requena,Valencia/València,46,Comunitat Valenciana
46214,Riba-roja de Túria,Valencia/València,46,Comunitat Valenciana
46215,Riola,Valencia/València,46,Comunitat Valenciana
46216,Rocafort,Valencia/València,46,Comunitat Valenciana
46217,Rotglà i Corberà,Valencia/València,46,Comunitat Valenciana
46218,Ròtova,Valencia/València,46,Comunitat Valenciana
46219,Rugat,Valencia/València,46,Comunitat Valenciana
46220,Sagunt/Sagunto,Valencia/València,46,Comunitat Valenciana
46221,Salem,Valencia/València,46,Comunitat Valenciana
46903,San Antonio de Benagéber,Valencia/València,46,Comunitat Valenciana
46222,Sant Joanet,Valencia/València,46,Comunitat Valenciana
46223,Sedaví,Valencia/València,46,Comunitat Valenciana
46224,Segart,Valencia/València,46,Comunitat Valenciana
46225,Sellent,Valencia/València,46,Comunitat Valenciana
46226,Sempere,Valencia/València,46,Comunitat Valenciana
46227,Senyera,Valencia/València,46,Comunitat Valenciana
46228,Serra,Valencia/València,46,Comunitat Valenciana
46229,Siete Aguas,Valencia/València,46,Comunitat Valenciana
46230,Silla,Valencia/València,46,Comunitat Valenciana
46231,Simat de la Valldigna,Valencia/València,46,Comunitat Valenciana
46232,Sinarcas,Valencia/València,46,Comunitat Valenciana
46233,Sollana,Valencia/València,46,Comunitat Valenciana
46234,Sot de Chera,Valencia/València,46,Comunitat Valenciana
46235,Sueca,Valencia/València,46,Comunitat Valenciana
46236,Sumacàrcer,Valencia/València,46,Comunitat Valenciana
46237,Tavernes Blanques,Valencia/València,46,Comunitat Valenciana
46238,Tavernes de la Valldigna,Valencia/València,46,Comunitat Valenciana
46239,Teresa de Cofrentes,Valencia/València,46,Comunitat Valenciana
46240,Terrateig,Valencia/València,46,Comunitat Valenciana
46241,Titaguas,Valencia/València,46,Comunitat Valenciana
46242,Torrebaja,Valencia/València,46,Comunitat Valenciana
46243,Torrella,Valencia/València,46,Comunitat Valenciana
46244,Torrent,Valencia/València,46,Comunitat Valenciana
46245,Torres Torres,Valencia/València,46,Comunitat Valenciana
46246,Tous,Valencia/València,46,Comunitat Valenciana
46247,Tuéjar,Valencia/València,46,Comunitat Valenciana
46248,Turís,Valencia/València,46,Comunitat Valenciana
46249,Utiel,Valencia/València,46,Comunitat Valenciana
46250,València,Valencia/València,46,Comunitat Valenciana
46251,Vallada,Valencia/València,46,Comunitat Valenciana
46252,Vallanca,Valencia/València,46,Comunitat Valenciana
46253,Vallés,Valencia/València,46,Comunitat Valenciana
46254,Venta del Moro,Valencia/València,46,Comunitat Valenciana
46255,Vilallonga/Villalonga,Valencia/València,46,Comunitat Valenciana
46256,Vilamarxant,Valencia/València,46,Comunitat Valenciana
46258,Villar del Arzobispo,Valencia/València,46,Comunitat Valenciana
46259,Villargordo del Cabriel,Valencia/València,46,Comunitat Valenciana
46260,Vinalesa,Valencia/València,46,Comunitat Valenciana
46145,Xàtiva,Valencia/València,46,Comunitat Valenciana
46143,Xeraco,Valencia/València,46,Comunitat Valenciana
46146,Xeresa,Valencia/València,46,Comunitat Valenciana
46110,Xirivella,Valencia/València,46,Comunitat Valenciana
46261,Yátova,Valencia/València,46,Comunitat Valenciana
46262,"Yesa, La",Valencia/València,46,Comunitat Valenciana
46263,Zarra,Valencia/València,46,Comunitat Valenciana
47001,Adalia,Valladolid,47,Castilla y León
47002,Aguasal,Valladolid,47,Castilla y León
47003,Aguilar de Campos,Valladolid,47,Castilla y León
47004,Alaejos,Valladolid,47,Castilla y León
47005,Alcazarén,Valladolid,47,Castilla y León
47006,Aldea de San Miguel,Valladolid,47,Castilla y León
47007,Aldeamayor de San Martín,Valladolid,47,Castilla y León
47008,Almenara de Adaja,Valladolid,47,Castilla y León
47009,Amusquillo,Valladolid,47,Castilla y León
47010,Arroyo de la Encomienda,Valladolid,47,Castilla y León
47011,Ataquines,Valladolid,47,Castilla y León
47012,Bahabón,Valladolid,47,Castilla y León
47013,Barcial de la Loma,Valladolid,47,Castilla y León
47014,Barruelo del Valle,Valladolid,47,Castilla y León
47015,Becilla de Valderaduey,Valladolid,47,Castilla y León
47016,Benafarces,Valladolid,47,Castilla y León
47017,Bercero,Valladolid,47,Castilla y León
47018,Berceruelo,Valladolid,47,Castilla y León
47019,Berrueces,Valladolid,47,Castilla y León
47020,Bobadilla del Campo,Valladolid,47,Castilla y León
47021,Bocigas,Valladolid,47,Castilla y León
47022,Bocos de Duero,Valladolid,47,Castilla y León
47023,Boecillo,Valladolid,47,Castilla y León
47024,Bolaños de Campos,Valladolid,47,Castilla y León
47025,Brahojos de Medina,Valladolid,47,Castilla y León
47026,Bustillo de Chaves,Valladolid,47,Castilla y León
47027,Cabezón de Pisuerga,Valladolid,47,Castilla y León
47028,Cabezón de Valderaduey,Valladolid,47,Castilla y León
47029,Cabreros del Monte,Valladolid,47,Castilla y León
47030,Campaspero,Valladolid,47,Castilla y León
47031,"Campillo, El",Valladolid,47,Castilla y León
47032,Camporredondo,Valladolid,47,Castilla y León
47033,Canalejas de Peñafiel,Valladolid,47,Castilla y León
47034,Canillas de Esgueva,Valladolid,47,Castilla y León
47035,Carpio,Valladolid,47,Castilla y León
47036,Casasola de Arión,Valladolid,47,Castilla y León
47037,Castrejón de Trabancos,Valladolid,47,Castilla y León
47038,Castrillo de Duero,Valladolid,47,Castilla y León
47039,Castrillo-Tejeriego,Valladolid,47,Castilla y León
47040,Castrobol,Valladolid,47,Castilla y León
47041,Castrodeza,Valladolid,47,Castilla y León
47042,Castromembibre,Valladolid,47,Castilla y León
47043,Castromonte,Valladolid,47,Castilla y León
47044,Castronuevo de Esgueva,Valladolid,47,Castilla y León
47045,Castronuño,Valladolid,47,Castilla y León
47046,Castroponce,Valladolid,47,Castilla y León
47047,Castroverde de Cerrato,Valladolid,47,Castilla y León
47048,Ceinos de Campos,Valladolid,47,Castilla y León
47049,Cervillego de la Cruz,Valladolid,47,Castilla y León
47050,Cigales,Valladolid,47,Castilla y León
47051,Ciguñuela,Valladolid,47,Castilla y León
47052,Cistérniga,Valladolid,47,Castilla y León
47053,Cogeces de Íscar,Valladolid,47,Castilla y León
47054,Cogeces del Monte,Valladolid,47,Castilla y León
47055,Corcos,Valladolid,47,Castilla y León
47056,Corrales de Duero,Valladolid,47,Castilla y León
47057,Cubillas de Santa Marta,Valladolid,47,Castilla y León
47058,Cuenca de Campos,Valladolid,47,Castilla y León
47059,Curiel de Duero,Valladolid,47,Castilla y León
47060,Encinas de Esgueva,Valladolid,47,Castilla y León
47061,Esguevillas de Esgueva,Valladolid,47,Castilla y León
47062,Fombellida,Valladolid,47,Castilla y León
47063,Fompedraza,Valladolid,47,Castilla y León
47064,Fontihoyuelo,Valladolid,47,Castilla y León
47065,Fresno el Viejo,Valladolid,47,Castilla y León
47066,Fuensaldaña,Valladolid,47,Castilla y León
47067,Fuente el Sol,Valladolid,47,Castilla y León
47068,Fuente-Olmedo,Valladolid,47,Castilla y León
47069,Gallegos de Hornija,Valladolid,47,Castilla y León
47070,Gatón de Campos,Valladolid,47,Castilla y León
47071,Geria,Valladolid,47,Castilla y León
47073,Herrín de Campos,Valladolid,47,Castilla y León
47074,Hornillos de Eresma,Valladolid,47,Castilla y León
47075,Íscar,Valladolid,47,Castilla y León
47076,Laguna de Duero,Valladolid,47,Castilla y León
47077,Langayo,Valladolid,47,Castilla y León
47079,Llano de Olmedo,Valladolid,47,Castilla y León
47078,Lomoviejo,Valladolid,47,Castilla y León
47080,Manzanillo,Valladolid,47,Castilla y León
47081,Marzales,Valladolid,47,Castilla y León
47082,Matapozuelos,Valladolid,47,Castilla y León
47083,Matilla de los Caños,Valladolid,47,Castilla y León
47084,Mayorga,Valladolid,47,Castilla y León
47086,Medina de Rioseco,Valladolid,47,Castilla y León
47085,Medina del Campo,Valladolid,47,Castilla y León
47087,Megeces,Valladolid,47,Castilla y León
47088,Melgar de Abajo,Valladolid,47,Castilla y León
47089,Melgar de Arriba,Valladolid,47,Castilla y León
47090,Mojados,Valladolid,47,Castilla y León
47091,Monasterio de Vega,Valladolid,47,Castilla y León
47092,Montealegre de Campos,Valladolid,47,Castilla y León
47093,Montemayor de Pililla,Valladolid,47,Castilla y León
47094,Moral de la Reina,Valladolid,47,Castilla y León
47095,Moraleja de las Panaderas,Valladolid,47,Castilla y León
47096,Morales de Campos,Valladolid,47,Castilla y León
47097,Mota del Marqués,Valladolid,47,Castilla y León
47098,Mucientes,Valladolid,47,Castilla y León
47099,"Mudarra, La",Valladolid,47,Castilla y León
47100,Muriel,Valladolid,47,Castilla y León
47101,Nava del Rey,Valladolid,47,Castilla y León
47102,Nueva Villa de las Torres,Valladolid,47,Castilla y León
47103,Olivares de Duero,Valladolid,47,Castilla y León
47104,Olmedo,Valladolid,47,Castilla y León
47105,Olmos de Esgueva,Valladolid,47,Castilla y León
47106,Olmos de Peñafiel,Valladolid,47,Castilla y León
47109,Palazuelo de Vedija,Valladolid,47,Castilla y León
47110,"Parrilla, La",Valladolid,47,Castilla y León
47111,"Pedraja de Portillo, La",Valladolid,47,Castilla y León
47112,Pedrajas de San Esteban,Valladolid,47,Castilla y León
47113,Pedrosa del Rey,Valladolid,47,Castilla y León
47114,Peñafiel,Valladolid,47,Castilla y León
47115,Peñaflor de Hornija,Valladolid,47,Castilla y León
47116,Pesquera de Duero,Valladolid,47,Castilla y León
47117,Piña de Esgueva,Valladolid,47,Castilla y León
47118,Piñel de Abajo,Valladolid,47,Castilla y León
47119,Piñel de Arriba,Valladolid,47,Castilla y León
47121,Pollos,Valladolid,47,Castilla y León
47122,Portillo,Valladolid,47,Castilla y León
47123,Pozal de Gallinas,Valladolid,47,Castilla y León
47124,Pozaldez,Valladolid,47,Castilla y León
47125,Pozuelo de la Orden,Valladolid,47,Castilla y León
47126,Puras,Valladolid,47,Castilla y León
47127,Quintanilla de Arriba,Valladolid,47,Castilla y León
47129,Quintanilla de Onésimo,Valladolid,47,Castilla y León
47130,Quintanilla de Trigueros,Valladolid,47,Castilla y León
47128,Quintanilla del Molar,Valladolid,47,Castilla y León
47131,Rábano,Valladolid,47,Castilla y León
47132,Ramiro,Valladolid,47,Castilla y León
47133,Renedo de Esgueva,Valladolid,47,Castilla y León
47134,Roales de Campos,Valladolid,47,Castilla y León
47135,Robladillo,Valladolid,47,Castilla y León
47137,Roturas,Valladolid,47,Castilla y León
47138,Rubí de Bracamonte,Valladolid,47,Castilla y León
47139,Rueda,Valladolid,47,Castilla y León
47140,Saelices de Mayorga,Valladolid,47,Castilla y León
47141,Salvador de Zapardiel,Valladolid,47,Castilla y León
47142,San Cebrián de Mazote,Valladolid,47,Castilla y León
47143,San Llorente,Valladolid,47,Castilla y León
47144,San Martín de Valvení,Valladolid,47,Castilla y León
47145,San Miguel del Arroyo,Valladolid,47,Castilla y León
47146,San Miguel del Pino,Valladolid,47,Castilla y León
47147,San Pablo de la Moraleja,Valladolid,47,Castilla y León
47148,San Pedro de Latarce,Valladolid,47,Castilla y León
47149,San Pelayo,Valladolid,47,Castilla y León
47150,San Román de Hornija,Valladolid,47,Castilla y León
47151,San Salvador,Valladolid,47,Castilla y León
47156,San Vicente del Palacio,Valladolid,47,Castilla y León
47152,Santa Eufemia del Arroyo,Valladolid,47,Castilla y León
47153,Santervás de Campos,Valladolid,47,Castilla y León
47154,Santibáñez de Valcorba,Valladolid,47,Castilla y León
47155,Santovenia de Pisuerga,Valladolid,47,Castilla y León
47157,Sardón de Duero,Valladolid,47,Castilla y León
47158,"Seca, La",Valladolid,47,Castilla y León
47159,Serrada,Valladolid,47,Castilla y León
47160,Siete Iglesias de Trabancos,Valladolid,47,Castilla y León
47161,Simancas,Valladolid,47,Castilla y León
47162,Tamariz de Campos,Valladolid,47,Castilla y León
47163,Tiedra,Valladolid,47,Castilla y León
47164,Tordehumos,Valladolid,47,Castilla y León
47165,Tordesillas,Valladolid,47,Castilla y León
47169,Torre de Esgueva,Valladolid,47,Castilla y León
47170,Torre de Peñafiel,Valladolid,47,Castilla y León
47166,Torrecilla de la Abadesa,Valladolid,47,Castilla y León
47167,Torrecilla de la Orden,Valladolid,47,Castilla y León
47168,Torrecilla de la Torre,Valladolid,47,Castilla y León
47171,Torrelobatón,Valladolid,47,Castilla y León
47172,Torrescárcela,Valladolid,47,Castilla y León
47173,Traspinedo,Valladolid,47,Castilla y León
47174,Trigueros del Valle,Valladolid,47,Castilla y León
47175,Tudela de Duero,Valladolid,47,Castilla y León
47176,"Unión de Campos, La",Valladolid,47,Castilla y León
47177,Urones de Castroponce,Valladolid,47,Castilla y León
47178,Urueña,Valladolid,47,Castilla y León
47179,Valbuena de Duero,Valladolid,47,Castilla y León
47180,Valdearcos de la Vega,Valladolid,47,Castilla y León
47181,Valdenebro de los Valles,Valladolid,47,Castilla y León
47182,Valdestillas,Valladolid,47,Castilla y León
47183,Valdunquillo,Valladolid,47,Castilla y León
47186,Valladolid,Valladolid,47,Castilla y León
47184,Valoria la Buena,Valladolid,47,Castilla y León
47185,Valverde de Campos,Valladolid,47,Castilla y León
47187,Vega de Ruiponce,Valladolid,47,Castilla y León
47188,Vega de Valdetronco,Valladolid,47,Castilla y León
47189,Velascálvaro,Valladolid,47,Castilla y León
47190,Velilla,Valladolid,47,Castilla y León
47191,Velliza,Valladolid,47,Castilla y León
47192,Ventosa de la Cuesta,Valladolid,47,Castilla y León
47193,Viana de Cega,Valladolid,47,Castilla y León
47195,Villabáñez,Valladolid,47,Castilla y León
47196,Villabaruz de Campos,Valladolid,47,Castilla y León
47197,Villabrágima,Valladolid,47,Castilla y León
47198,Villacarralón,Valladolid,47,Castilla y León
47199,Villacid de Campos,Valladolid,47,Castilla y León
47200,Villaco,Valladolid,47,Castilla y León
47203,Villafrades de Campos,Valladolid,47,Castilla y León
47204,Villafranca de Duero,Valladolid,47,Castilla y León
47205,Villafrechós,Valladolid,47,Castilla y León
47206,Villafuerte,Valladolid,47,Castilla y León
47207,Villagarcía de Campos,Valladolid,47,Castilla y León
47208,Villagómez la Nueva,Valladolid,47,Castilla y León
47209,Villalán de Campos,Valladolid,47,Castilla y León
47210,Villalar de los Comuneros,Valladolid,47,Castilla y León
47211,Villalba de la Loma,Valladolid,47,Castilla y León
47212,Villalba de los Alcores,Valladolid,47,Castilla y León
47213,Villalbarba,Valladolid,47,Castilla y León
47214,Villalón de Campos,Valladolid,47,Castilla y León
47215,Villamuriel de Campos,Valladolid,47,Castilla y León
47216,Villán de Tordesillas,Valladolid,47,Castilla y León
47217,Villanubla,Valladolid,47,Castilla y León
47218,Villanueva de Duero,Valladolid,47,Castilla y León
47219,Villanueva de la Condesa,Valladolid,47,Castilla y León
47220,Villanueva de los Caballeros,Valladolid,47,Castilla y León
47221,Villanueva de los Infantes,Valladolid,47,Castilla y León
47222,Villanueva de San Mancio,Valladolid,47,Castilla y León
47223,Villardefrades,Valladolid,47,Castilla y León
47224,Villarmentero de Esgueva,Valladolid,47,Castilla y León
47225,Villasexmir,Valladolid,47,Castilla y León
47226,Villavaquerín,Valladolid,47,Castilla y León
47227,Villavellid,Valladolid,47,Castilla y León
47228,Villaverde de Medina,Valladolid,47,Castilla y León
47229,Villavicencio de los Caballeros,Valladolid,47,Castilla y León
47194,Viloria,Valladolid,47,Castilla y León
47230,Wamba,Valladolid,47,Castilla y León
47231,Zaratán,Valladolid,47,Castilla y León
47232,"Zarza, La",Valladolid,47,Castilla y León
48001,Abadiño,Bizkaia,48,País Vasco
48002,Abanto y Ciérvana-Abanto Zierbena,Bizkaia,48,País Vasco
48911,Ajangiz,Bizkaia,48,País Vasco
48912,Alonsotegi,Bizkaia,48,País Vasco
48003,Amorebieta-Etxano,Bizkaia,48,País Vasco
48004,Amoroto,Bizkaia,48,País Vasco
48005,Arakaldo,Bizkaia,48,País Vasco
48006,Arantzazu,Bizkaia,48,País Vasco
48093,Areatza,Bizkaia,48,País Vasco
48009,Arrankudiaga-Zollo,Bizkaia,48,País Vasco
48914,Arratzu,Bizkaia,48,País Vasco
48010,Arrieta,Bizkaia,48,País Vasco
48011,Arrigorriaga,Bizkaia,48,País Vasco
48023,Artea,Bizkaia,48,País Vasco
48008,Artzentales,Bizkaia,48,País Vasco
48091,Atxondo,Bizkaia,48,País Vasco
48070,Aulesti,Bizkaia,48,País Vasco
48012,Bakio,Bizkaia,48,País Vasco
48090,Balmaseda,Bizkaia,48,País Vasco
48013,Barakaldo,Bizkaia,48,País Vasco
48014,Barrika,Bizkaia,48,País Vasco
48015,Basauri,Bizkaia,48,País Vasco
48092,Bedia,Bizkaia,48,País Vasco
48016,Berango,Bizkaia,48,País Vasco
48017,Bermeo,Bizkaia,48,País Vasco
48018,Berriatua,Bizkaia,48,País Vasco
48019,Berriz,Bizkaia,48,País Vasco
48020,Bilbao,Bizkaia,48,País Vasco
48021,Busturia,Bizkaia,48,País Vasco
48901,Derio,Bizkaia,48,País Vasco
48026,Dima,Bizkaia,48,País Vasco
48027,Durango,Bizkaia,48,País Vasco
48028,Ea,Bizkaia,48,País Vasco
48031,Elantxobe,Bizkaia,48,País Vasco
48032,Elorrio,Bizkaia,48,País Vasco
48902,Erandio,Bizkaia,48,País Vasco
48033,Ereño,Bizkaia,48,País Vasco
48034,Ermua,Bizkaia,48,País Vasco
48079,Errigoiti,Bizkaia,48,País Vasco
48029,Etxebarri,Bizkaia,48,País Vasco
48030,Etxebarria,Bizkaia,48,País Vasco
48906,Forua,Bizkaia,48,País Vasco
48035,Fruiz,Bizkaia,48,País Vasco
48036,Galdakao,Bizkaia,48,País Vasco
48037,Galdames,Bizkaia,48,País Vasco
48038,Gamiz-Fika,Bizkaia,48,País Vasco
48039,Garai,Bizkaia,48,País Vasco
48040,Gatika,Bizkaia,48,País Vasco
48041,Gautegiz Arteaga,Bizkaia,48,País Vasco
48046,Gernika-Lumo,Bizkaia,48,País Vasco
48044,Getxo,Bizkaia,48,País Vasco
48047,Gizaburuaga,Bizkaia,48,País Vasco
48042,Gordexola,Bizkaia,48,País Vasco
48043,Gorliz,Bizkaia,48,País Vasco
48045,Güeñes,Bizkaia,48,País Vasco
48048,Ibarrangelu,Bizkaia,48,País Vasco
48094,Igorre,Bizkaia,48,País Vasco
48049,Ispaster,Bizkaia,48,País Vasco
48910,Iurreta,Bizkaia,48,País Vasco
48050,Izurtza,Bizkaia,48,País Vasco
48022,Karrantza Harana/Valle de Carranza,Bizkaia,48,País Vasco
48907,Kortezubi,Bizkaia,48,País Vasco
48051,Lanestosa,Bizkaia,48,País Vasco
48052,Larrabetzu,Bizkaia,48,País Vasco
48053,Laukiz,Bizkaia,48,País Vasco
48054,Leioa,Bizkaia,48,País Vasco
48057,Lekeitio,Bizkaia,48,País Vasco
48055,Lemoa,Bizkaia,48,País Vasco
48056,Lemoiz,Bizkaia,48,País Vasco
48081,Lezama,Bizkaia,48,País Vasco
48903,Loiu,Bizkaia,48,País Vasco
48058,Mallabia,Bizkaia,48,País Vasco
48059,Mañaria,Bizkaia,48,País Vasco
48060,Markina-Xemein,Bizkaia,48,País Vasco
48061,Maruri-Jatabe,Bizkaia,48,País Vasco
48062,Mendata,Bizkaia,48,País Vasco
48063,Mendexa,Bizkaia,48,País Vasco
48064,Meñaka,Bizkaia,48,País Vasco
48066,Morga,Bizkaia,48,País Vasco
48068,Mundaka,Bizkaia,48,País Vasco
48069,Mungia,Bizkaia,48,País Vasco
48007,Munitibar-Arbatzegi Gerrikaitz,Bizkaia,48,País Vasco
48908,Murueta,Bizkaia,48,País Vasco
48071,Muskiz,Bizkaia,48,País Vasco
48067,Muxika,Bizkaia,48,País Vasco
48909,Nabarniz,Bizkaia,48,País Vasco
48073,Ondarroa,Bizkaia,48,País Vasco
48075,Orozko,Bizkaia,48,País Vasco
48083,Ortuella,Bizkaia,48,País Vasco
48072,Otxandio,Bizkaia,48,País Vasco
48077,Plentzia,Bizkaia,48,País Vasco
48078,Portugalete,Bizkaia,48,País Vasco
48082,Santurtzi,Bizkaia,48,País Vasco
48084,Sestao,Bizkaia,48,País Vasco
48904,Sondika,Bizkaia,48,País Vasco
48085,Sopela,Bizkaia,48,País Vasco
48086,Sopuerta,Bizkaia,48,País Vasco
48076,Sukarrieta,Bizkaia,48,País Vasco
48087,Trucios-Turtzioz,Bizkaia,48,País Vasco
48088,Ubide,Bizkaia,48,País Vasco
48065,Ugao-Miraballes,Bizkaia,48,País Vasco
48089,Urduliz,Bizkaia,48,País Vasco
48074,Urduña/Orduña,Bizkaia,48,País Vasco
48916,Usansolo,Bizkaia,48,País Vasco
48080,Valle de Trápaga-Trapagaran,Bizkaia,48,País Vasco
48095,Zaldibar,Bizkaia,48,País Vasco
48096,Zalla,Bizkaia,48,País Vasco
48905,Zamudio,Bizkaia,48,País Vasco
48097,Zaratamo,Bizkaia,48,País Vasco
48024,Zeanuri,Bizkaia,48,País Vasco
48025,Zeberio,Bizkaia,48,País Vasco
48913,Zierbena,Bizkaia,48,País Vasco
48915,Ziortza-Bolibar,Bizkaia,48,País Vasco
49002,Abezames,Zamora,49,Castilla y León
49003,Alcañices,Zamora,49,Castilla y León
49004,Alcubilla de Nogales,Zamora,49,Castilla y León
49005,Alfaraz de Sayago,Zamora,49,Castilla y León
49006,Algodre,Zamora,49,Castilla y León
49007,Almaraz de Duero,Zamora,49,Castilla y León
49008,Almeida de Sayago,Zamora,49,Castilla y León
49009,Andavías,Zamora,49,Castilla y León
49010,Arcenillas,Zamora,49,Castilla y León
49011,Arcos de la Polvorosa,Zamora,49,Castilla y León
49012,Argañín,Zamora,49,Castilla y León
49013,Argujillo,Zamora,49,Castilla y León
49014,Arquillinos,Zamora,49,Castilla y León
49015,Arrabalde,Zamora,49,Castilla y León
49016,Aspariegos,Zamora,49,Castilla y León
49017,Asturianos,Zamora,49,Castilla y León
49018,Ayoó de Vidriales,Zamora,49,Castilla y León
49019,Barcial del Barco,Zamora,49,Castilla y León
49020,Belver de los Montes,Zamora,49,Castilla y León
49021,Benavente,Zamora,49,Castilla y León
49022,Benegiles,Zamora,49,Castilla y León
49023,Bermillo de Sayago,Zamora,49,Castilla y León
49024,"Bóveda de Toro, La",Zamora,49,Castilla y León
49025,Bretó,Zamora,49,Castilla y León
49026,Bretocino,Zamora,49,Castilla y León
49027,Brime de Sog,Zamora,49,Castilla y León
49028,Brime de Urz,Zamora,49,Castilla y León
49029,Burganes de Valverde,Zamora,49,Castilla y León
49030,Bustillo del Oro,Zamora,49,Castilla y León
49031,Cabañas de Sayago,Zamora,49,Castilla y León
49032,Calzadilla de Tera,Zamora,49,Castilla y León
49033,Camarzana de Tera,Zamora,49,Castilla y León
49034,Cañizal,Zamora,49,Castilla y León
49035,Cañizo,Zamora,49,Castilla y León
49036,Carbajales de Alba,Zamora,49,Castilla y León
49037,Carbellino,Zamora,49,Castilla y León
49038,Casaseca de Campeán,Zamora,49,Castilla y León
49039,Casaseca de las Chanas,Zamora,49,Castilla y León
49040,Castrillo de la Guareña,Zamora,49,Castilla y León
49041,Castrogonzalo,Zamora,49,Castilla y León
49042,Castronuevo,Zamora,49,Castilla y León
49043,Castroverde de Campos,Zamora,49,Castilla y León
49044,Cazurra,Zamora,49,Castilla y León
49046,Cerecinos de Campos,Zamora,49,Castilla y León
49047,Cerecinos del Carrizal,Zamora,49,Castilla y León
49048,Cernadilla,Zamora,49,Castilla y León
49050,Cobreros,Zamora,49,Castilla y León
49052,Coomonte,Zamora,49,Castilla y León
49053,Coreses,Zamora,49,Castilla y León
49054,Corrales del Vino,Zamora,49,Castilla y León
49055,Cotanes del Monte,Zamora,49,Castilla y León
49056,Cubillos,Zamora,49,Castilla y León
49057,Cubo de Benavente,Zamora,49,Castilla y León
49058,"Cubo de Tierra del Vino, El",Zamora,49,Castilla y León
49059,Cuelgamures,Zamora,49,Castilla y León
49061,Entrala,Zamora,49,Castilla y León
49062,Espadañedo,Zamora,49,Castilla y León
49063,Faramontanos de Tábara,Zamora,49,Castilla y León
49064,Fariza,Zamora,49,Castilla y León
49065,Fermoselle,Zamora,49,Castilla y León
49066,Ferreras de Abajo,Zamora,49,Castilla y León
49067,Ferreras de Arriba,Zamora,49,Castilla y León
49068,Ferreruela,Zamora,49,Castilla y León
49069,Figueruela de Arriba,Zamora,49,Castilla y León
49071,Fonfría,Zamora,49,Castilla y León
49075,Fresno de la Polvorosa,Zamora,49,Castilla y León
49076,Fresno de la Ribera,Zamora,49,Castilla y León
49077,Fresno de Sayago,Zamora,49,Castilla y León
49078,Friera de Valverde,Zamora,49,Castilla y León
49079,Fuente Encalada,Zamora,49,Castilla y León
49080,Fuentelapeña,Zamora,49,Castilla y León
49082,Fuentes de Ropel,Zamora,49,Castilla y León
49081,Fuentesaúco,Zamora,49,Castilla y León
49083,Fuentesecas,Zamora,49,Castilla y León
49084,Fuentespreadas,Zamora,49,Castilla y León
49085,Galende,Zamora,49,Castilla y León
49086,Gallegos del Pan,Zamora,49,Castilla y León
49087,Gallegos del Río,Zamora,49,Castilla y León
49088,Gamones,Zamora,49,Castilla y León
49090,Gema,Zamora,49,Castilla y León
49091,Granja de Moreruela,Zamora,49,Castilla y León
49092,Granucillo,Zamora,49,Castilla y León
49093,Guarrate,Zamora,49,Castilla y León
49094,Hermisende,Zamora,49,Castilla y León
49095,"Hiniesta, La",Zamora,49,Castilla y León
49096,Jambrina,Zamora,49,Castilla y León
49097,Justel,Zamora,49,Castilla y León
49098,Losacino,Zamora,49,Castilla y León
49099,Losacio,Zamora,49,Castilla y León
49100,Lubián,Zamora,49,Castilla y León
49101,Luelmo,Zamora,49,Castilla y León
49102,"Maderal, El",Zamora,49,Castilla y León
49103,Madridanos,Zamora,49,Castilla y León
49104,Mahide,Zamora,49,Castilla y León
49105,Maire de Castroponce,Zamora,49,Castilla y León
49107,Malva,Zamora,49,Castilla y León
49108,Manganeses de la Lampreana,Zamora,49,Castilla y León
49109,Manganeses de la Polvorosa,Zamora,49,Castilla y León
49110,Manzanal de Arriba,Zamora,49,Castilla y León
49112,Manzanal de los Infantes,Zamora,49,Castilla y León
49111,Manzanal del Barco,Zamora,49,Castilla y León
49113,Matilla de Arzón,Zamora,49,Castilla y León
49114,Matilla la Seca,Zamora,49,Castilla y León
49115,Mayalde,Zamora,49,Castilla y León
49116,Melgar de Tera,Zamora,49,Castilla y León
49117,Micereces de Tera,Zamora,49,Castilla y León
49118,Milles de la Polvorosa,Zamora,49,Castilla y León
49119,Molacillos,Zamora,49,Castilla y León
49120,Molezuelas de la Carballeda,Zamora,49,Castilla y León
49121,Mombuey,Zamora,49,Castilla y León
49122,Monfarracinos,Zamora,49,Castilla y León
49123,Montamarta,Zamora,49,Castilla y León
49124,Moral de Sayago,Zamora,49,Castilla y León
49126,Moraleja de Sayago,Zamora,49,Castilla y León
49125,Moraleja del Vino,Zamora,49,Castilla y León
49128,Morales de Rey,Zamora,49,Castilla y León
49129,Morales de Toro,Zamora,49,Castilla y León
49130,Morales de Valverde,Zamora,49,Castilla y León
49127,Morales del Vino,Zamora,49,Castilla y León
49131,Moralina,Zamora,49,Castilla y León
49132,Moreruela de los Infanzones,Zamora,49,Castilla y León
49133,Moreruela de Tábara,Zamora,49,Castilla y León
49134,Muelas de los Caballeros,Zamora,49,Castilla y León
49135,Muelas del Pan,Zamora,49,Castilla y León
49136,Muga de Sayago,Zamora,49,Castilla y León
49137,Navianos de Valverde,Zamora,49,Castilla y León
49138,Olmillos de Castro,Zamora,49,Castilla y León
49139,Otero de Bodas,Zamora,49,Castilla y León
49141,Pajares de la Lampreana,Zamora,49,Castilla y León
49143,Palacios de Sanabria,Zamora,49,Castilla y León
49142,Palacios del Pan,Zamora,49,Castilla y León
49145,Pedralba de la Pradería,Zamora,49,Castilla y León
49146,"Pego, El",Zamora,49,Castilla y León
49147,Peleagonzalo,Zamora,49,Castilla y León
49148,Peleas de Abajo,Zamora,49,Castilla y León
49149,Peñausende,Zamora,49,Castilla y León
49150,Peque,Zamora,49,Castilla y León
49151,"Perdigón, El",Zamora,49,Castilla y León
49152,Pereruela,Zamora,49,Castilla y León
49153,Perilla de Castro,Zamora,49,Castilla y León
49154,Pías,Zamora,49,Castilla y León
49155,Piedrahita de Castro,Zamora,49,Castilla y León
49156,Pinilla de Toro,Zamora,49,Castilla y León
49157,Pino del Oro,Zamora,49,Castilla y León
49158,"Piñero, El",Zamora,49,Castilla y León
49160,Pobladura de Valderaduey,Zamora,49,Castilla y León
49159,Pobladura del Valle,Zamora,49,Castilla y León
49162,Porto,Zamora,49,Castilla y León
49163,Pozoantiguo,Zamora,49,Castilla y León
49164,Pozuelo de Tábara,Zamora,49,Castilla y León
49165,Prado,Zamora,49,Castilla y León
49166,Puebla de Sanabria,Zamora,49,Castilla y León
49167,Pueblica de Valverde,Zamora,49,Castilla y León
49170,Quintanilla de Urz,Zamora,49,Castilla y León
49168,Quintanilla del Monte,Zamora,49,Castilla y León
49169,Quintanilla del Olmo,Zamora,49,Castilla y León
49171,Quiruelas de Vidriales,Zamora,49,Castilla y León
49172,Rabanales,Zamora,49,Castilla y León
49173,Rábano de Aliste,Zamora,49,Castilla y León
49174,Requejo,Zamora,49,Castilla y León
49175,Revellinos,Zamora,49,Castilla y León
49176,Riofrío de Aliste,Zamora,49,Castilla y León
49177,Rionegro del Puente,Zamora,49,Castilla y León
49178,Roales,Zamora,49,Castilla y León
49179,Robleda-Cervantes,Zamora,49,Castilla y León
49180,Roelos de Sayago,Zamora,49,Castilla y León
49181,Rosinos de la Requejada,Zamora,49,Castilla y León
49183,Salce,Zamora,49,Castilla y León
49184,Samir de los Caños,Zamora,49,Castilla y León
49185,San Agustín del Pozo,Zamora,49,Castilla y León
49186,San Cebrián de Castro,Zamora,49,Castilla y León
49187,San Cristóbal de Entreviñas,Zamora,49,Castilla y León
49188,San Esteban del Molar,Zamora,49,Castilla y León
49189,San Justo,Zamora,49,Castilla y León
49190,San Martín de Valderaduey,Zamora,49,Castilla y León
49191,San Miguel de la Ribera,Zamora,49,Castilla y León
49192,San Miguel del Valle,Zamora,49,Castilla y León
49193,San Pedro de Ceque,Zamora,49,Castilla y León
49194,San Pedro de la Nave-Almendra,Zamora,49,Castilla y León
49208,San Vicente de la Cabeza,Zamora,49,Castilla y León
49209,San Vitero,Zamora,49,Castilla y León
49197,Santa Clara de Avedillo,Zamora,49,Castilla y León
49199,Santa Colomba de las Monjas,Zamora,49,Castilla y León
49200,Santa Cristina de la Polvorosa,Zamora,49,Castilla y León
49201,Santa Croya de Tera,Zamora,49,Castilla y León
49202,Santa Eufemia del Barco,Zamora,49,Castilla y León
49203,Santa María de la Vega,Zamora,49,Castilla y León
49204,Santa María de Valverde,Zamora,49,Castilla y León
49205,Santibáñez de Tera,Zamora,49,Castilla y León
49206,Santibáñez de Vidriales,Zamora,49,Castilla y León
49207,Santovenia,Zamora,49,Castilla y León
49210,Sanzoles,Zamora,49,Castilla y León
49214,Tábara,Zamora,49,Castilla y León
49216,Tapioles,Zamora,49,Castilla y León
49219,Toro,Zamora,49,Castilla y León
49220,"Torre del Valle, La",Zamora,49,Castilla y León
49221,Torregamones,Zamora,49,Castilla y León
49222,Torres del Carrizal,Zamora,49,Castilla y León
49223,Trabazos,Zamora,49,Castilla y León
49224,Trefacio,Zamora,49,Castilla y León
49225,Uña de Quintana,Zamora,49,Castilla y León
49226,Vadillo de la Guareña,Zamora,49,Castilla y León
49227,Valcabado,Zamora,49,Castilla y León
49228,Valdefinjas,Zamora,49,Castilla y León
49229,Valdescorriel,Zamora,49,Castilla y León
49230,Vallesa de la Guareña,Zamora,49,Castilla y León
49231,Vega de Tera,Zamora,49,Castilla y León
49232,Vega de Villalobos,Zamora,49,Castilla y León
49233,Vegalatrave,Zamora,49,Castilla y León
49234,Venialbo,Zamora,49,Castilla y León
49235,Vezdemarbán,Zamora,49,Castilla y León
49236,Vidayanes,Zamora,49,Castilla y León
49237,Videmala,Zamora,49,Castilla y León
49238,Villabrázaro,Zamora,49,Castilla y León
49239,Villabuena del Puente,Zamora,49,Castilla y León
49240,Villadepera,Zamora,49,Castilla y León
49241,Villaescusa,Zamora,49,Castilla y León
49242,Villafáfila,Zamora,49,Castilla y León
49243,Villaferrueña,Zamora,49,Castilla y León
49244,Villageriz,Zamora,49,Castilla y León
49245,Villalazán,Zamora,49,Castilla y León
49246,Villalba de la Lampreana,Zamora,49,Castilla y León
49247,Villalcampo,Zamora,49,Castilla y León
49248,Villalobos,Zamora,49,Castilla y León
49249,Villalonso,Zamora,49,Castilla y León
49250,Villalpando,Zamora,49,Castilla y León
49251,Villalube,Zamora,49,Castilla y León
49252,Villamayor de Campos,Zamora,49,Castilla y León
49255,Villamor de los Escuderos,Zamora,49,Castilla y León
49256,Villanázar,Zamora,49,Castilla y León
49257,Villanueva de Azoague,Zamora,49,Castilla y León
49258,Villanueva de Campeán,Zamora,49,Castilla y León
49259,Villanueva de las Peras,Zamora,49,Castilla y León
49260,Villanueva del Campo,Zamora,49,Castilla y León
49263,Villar de Fallaves,Zamora,49,Castilla y León
49264,Villar del Buey,Zamora,49,Castilla y León
49261,Villaralbo,Zamora,49,Castilla y León
49262,Villardeciervos,Zamora,49,Castilla y León
49265,Villardiegua de la Ribera,Zamora,49,Castilla y León
49266,Villárdiga,Zamora,49,Castilla y León
49267,Villardondiego,Zamora,49,Castilla y León
49268,Villarrín de Campos,Zamora,49,Castilla y León
49269,Villaseco del Pan,Zamora,49,Castilla y León
49270,Villavendimio,Zamora,49,Castilla y León
49272,Villaveza de Valverde,Zamora,49,Castilla y León
49271,Villaveza del Agua,Zamora,49,Castilla y León
49273,Viñas,Zamora,49,Castilla y León
49275,Zamora,Zamora,49,Castilla y León
50001,Abanto,Zaragoza,50,Aragón
50002,Acered,Zaragoza,50,Aragón
50003,Agón,Zaragoza,50,Aragón
50004,Aguarón,Zaragoza,50,Aragón
50005,Aguilón,Zaragoza,50,Aragón
50006,Ainzón,Zaragoza,50,Aragón
50007,Aladrén,Zaragoza,50,Aragón
50008,Alagón,Zaragoza,50,Aragón
50009,Alarba,Zaragoza,50,Aragón
50010,Alberite de San Juan,Zaragoza,50,Aragón
50011,Albeta,Zaragoza,50,Aragón
50012,Alborge,Zaragoza,50,Aragón
50013,Alcalá de Ebro,Zaragoza,50,Aragón
50014,Alcalá de Moncayo,Zaragoza,50,Aragón
50015,Alconchel de Ariza,Zaragoza,50,Aragón
50016,Aldehuela de Liestos,Zaragoza,50,Aragón
50017,Alfajarín,Zaragoza,50,Aragón
50018,Alfamén,Zaragoza,50,Aragón
50019,Alforque,Zaragoza,50,Aragón
50020,Alhama de Aragón,Zaragoza,50,Aragón
50021,Almochuel,Zaragoza,50,Aragón
50022,"Almolda, La",Zaragoza,50,Aragón
50023,Almonacid de la Cuba,Zaragoza,50,Aragón
50024,Almonacid de la Sierra,Zaragoza,50,Aragón
50025,"Almunia de Doña Godina, La",Zaragoza,50,Aragón
50026,Alpartir,Zaragoza,50,Aragón
50027,Ambel,Zaragoza,50,Aragón
50028,Anento,Zaragoza,50,Aragón
50029,Aniñón,Zaragoza,50,Aragón
50030,Añón de Moncayo,Zaragoza,50,Aragón
50031,Aranda de Moncayo,Zaragoza,50,Aragón
50032,Arándiga,Zaragoza,50,Aragón
50033,Ardisa,Zaragoza,50,Aragón
50034,Ariza,Zaragoza,50,Aragón
50035,Artieda,Zaragoza,50,Aragón
50036,Asín,Zaragoza,50,Aragón
50037,Atea,Zaragoza,50,Aragón
50038,Ateca,Zaragoza,50,Aragón
50039,Azuara,Zaragoza,50,Aragón
50040,Badules,Zaragoza,50,Aragón
50041,Bagüés,Zaragoza,50,Aragón
50042,Balconchán,Zaragoza,50,Aragón
50043,Bárboles,Zaragoza,50,Aragón
50044,Bardallur,Zaragoza,50,Aragón
50045,Belchite,Zaragoza,50,Aragón
50046,Belmonte de Gracián,Zaragoza,50,Aragón
50047,Berdejo,Zaragoza,50,Aragón
50048,Berrueco,Zaragoza,50,Aragón
50901,Biel,Zaragoza,50,Aragón
50050,Bijuesca,Zaragoza,50,Aragón
50051,Biota,Zaragoza,50,Aragón
50052,Bisimbre,Zaragoza,50,Aragón
50053,Boquiñeni,Zaragoza,50,Aragón
50054,Bordalba,Zaragoza,50,Aragón
50055,Borja,Zaragoza,50,Aragón
50056,Botorrita,Zaragoza,50,Aragón
50057,Brea de Aragón,Zaragoza,50,Aragón
50058,Bubierca,Zaragoza,50,Aragón
50059,Bujaraloz,Zaragoza,50,Aragón
50060,Bulbuente,Zaragoza,50,Aragón
50061,Bureta,Zaragoza,50,Aragón
50062,"Burgo de Ebro, El",Zaragoza,50,Aragón
50063,"Buste, El",Zaragoza,50,Aragón
50064,Cabañas de Ebro,Zaragoza,50,Aragón
50065,Cabolafuente,Zaragoza,50,Aragón
50066,Cadrete,Zaragoza,50,Aragón
50067,Calatayud,Zaragoza,50,Aragón
50068,Calatorao,Zaragoza,50,Aragón
50069,Calcena,Zaragoza,50,Aragón
50070,Calmarza,Zaragoza,50,Aragón
50071,Campillo de Aragón,Zaragoza,50,Aragón
50072,Carenas,Zaragoza,50,Aragón
50073,Cariñena,Zaragoza,50,Aragón
50074,Caspe,Zaragoza,50,Aragón
50075,Castejón de Alarba,Zaragoza,50,Aragón
50076,Castejón de las Armas,Zaragoza,50,Aragón
50077,Castejón de Valdejasa,Zaragoza,50,Aragón
50078,Castiliscar,Zaragoza,50,Aragón
50079,Cervera de la Cañada,Zaragoza,50,Aragón
50080,Cerveruela,Zaragoza,50,Aragón
50081,Cetina,Zaragoza,50,Aragón
50092,Chiprana,Zaragoza,50,Aragón
50093,Chodes,Zaragoza,50,Aragón
50082,Cimballa,Zaragoza,50,Aragón
50083,Cinco Olivas,Zaragoza,50,Aragón
50084,Clarés de Ribota,Zaragoza,50,Aragón
50085,Codo,Zaragoza,50,Aragón
50086,Codos,Zaragoza,50,Aragón
50087,Contamina,Zaragoza,50,Aragón
50088,Cosuenda,Zaragoza,50,Aragón
50089,Cuarte de Huerva,Zaragoza,50,Aragón
50090,Cubel,Zaragoza,50,Aragón
50091,"Cuerlas, Las",Zaragoza,50,Aragón
50094,Daroca,Zaragoza,50,Aragón
50095,Ejea de los Caballeros,Zaragoza,50,Aragón
50096,Embid de Ariza,Zaragoza,50,Aragón
50098,Encinacorba,Zaragoza,50,Aragón
50099,Épila,Zaragoza,50,Aragón
50100,Erla,Zaragoza,50,Aragón
50101,Escatrón,Zaragoza,50,Aragón
50102,Fabara,Zaragoza,50,Aragón
50104,Farlete,Zaragoza,50,Aragón
50105,Fayón,Zaragoza,50,Aragón
50106,"Fayos, Los",Zaragoza,50,Aragón
50107,Figueruelas,Zaragoza,50,Aragón
50108,Fombuena,Zaragoza,50,Aragón
50109,"Frago, El",Zaragoza,50,Aragón
50110,"Frasno, El",Zaragoza,50,Aragón
50111,Fréscano,Zaragoza,50,Aragón
50113,Fuendejalón,Zaragoza,50,Aragón
50114,Fuendetodos,Zaragoza,50,Aragón
50115,Fuentes de Ebro,Zaragoza,50,Aragón
50116,Fuentes de Jiloca,Zaragoza,50,Aragón
50117,Gallocanta,Zaragoza,50,Aragón
50118,Gallur,Zaragoza,50,Aragón
50119,Gelsa,Zaragoza,50,Aragón
50120,Godojos,Zaragoza,50,Aragón
50121,Gotor,Zaragoza,50,Aragón
50122,Grisel,Zaragoza,50,Aragón
50123,Grisén,Zaragoza,50,Aragón
50124,Herrera de los Navarros,Zaragoza,50,Aragón
50125,Ibdes,Zaragoza,50,Aragón
50126,Illueca,Zaragoza,50,Aragón
50128,Isuerre,Zaragoza,50,Aragón
50129,Jaraba,Zaragoza,50,Aragón
50130,Jarque de Moncayo,Zaragoza,50,Aragón
50131,Jaulín,Zaragoza,50,Aragón
50132,"Joyosa, La",Zaragoza,50,Aragón
50133,Lagata,Zaragoza,50,Aragón
50134,Langa del Castillo,Zaragoza,50,Aragón
50135,Layana,Zaragoza,50,Aragón
50136,Lécera,Zaragoza,50,Aragón
50138,Lechón,Zaragoza,50,Aragón
50137,Leciñena,Zaragoza,50,Aragón
50139,Letux,Zaragoza,50,Aragón
50140,Litago,Zaragoza,50,Aragón
50141,Lituénigo,Zaragoza,50,Aragón
50142,Lobera de Onsella,Zaragoza,50,Aragón
50143,Longares,Zaragoza,50,Aragón
50144,Longás,Zaragoza,50,Aragón
50146,Lucena de Jalón,Zaragoza,50,Aragón
50147,Luceni,Zaragoza,50,Aragón
50148,Luesia,Zaragoza,50,Aragón
50149,Luesma,Zaragoza,50,Aragón
50150,Lumpiaque,Zaragoza,50,Aragón
50151,Luna,Zaragoza,50,Aragón
50152,Maella,Zaragoza,50,Aragón
50153,Magallón,Zaragoza,50,Aragón
50154,Mainar,Zaragoza,50,Aragón
50155,Malanquilla,Zaragoza,50,Aragón
50156,Maleján,Zaragoza,50,Aragón
50160,Mallén,Zaragoza,50,Aragón
50157,Malón,Zaragoza,50,Aragón
50159,Maluenda,Zaragoza,50,Aragón
50161,Manchones,Zaragoza,50,Aragón
50162,Mara,Zaragoza,50,Aragón
50163,María de Huerva,Zaragoza,50,Aragón
50902,Marracos,Zaragoza,50,Aragón
50164,Mediana de Aragón,Zaragoza,50,Aragón
50165,Mequinenza,Zaragoza,50,Aragón
50166,Mesones de Isuela,Zaragoza,50,Aragón
50167,Mezalocha,Zaragoza,50,Aragón
50168,Mianos,Zaragoza,50,Aragón
50169,Miedes de Aragón,Zaragoza,50,Aragón
50170,Monegrillo,Zaragoza,50,Aragón
50171,Moneva,Zaragoza,50,Aragón
50172,Monreal de Ariza,Zaragoza,50,Aragón
50173,Monterde,Zaragoza,50,Aragón
50174,Montón,Zaragoza,50,Aragón
50175,Morata de Jalón,Zaragoza,50,Aragón
50176,Morata de Jiloca,Zaragoza,50,Aragón
50177,Morés,Zaragoza,50,Aragón
50178,Moros,Zaragoza,50,Aragón
50179,Moyuela,Zaragoza,50,Aragón
50180,Mozota,Zaragoza,50,Aragón
50181,Muel,Zaragoza,50,Aragón
50182,"Muela, La",Zaragoza,50,Aragón
50183,Munébrega,Zaragoza,50,Aragón
50184,Murero,Zaragoza,50,Aragón
50185,Murillo de Gállego,Zaragoza,50,Aragón
50186,Navardún,Zaragoza,50,Aragón
50187,Nigüella,Zaragoza,50,Aragón
50188,Nombrevilla,Zaragoza,50,Aragón
50189,Nonaspe,Zaragoza,50,Aragón
50190,Novallas,Zaragoza,50,Aragón
50191,Novillas,Zaragoza,50,Aragón
50192,Nuévalos,Zaragoza,50,Aragón
50193,Nuez de Ebro,Zaragoza,50,Aragón
50194,Olvés,Zaragoza,50,Aragón
50195,Orcajo,Zaragoza,50,Aragón
50196,Orera,Zaragoza,50,Aragón
50197,Orés,Zaragoza,50,Aragón
50198,Oseja,Zaragoza,50,Aragón
50199,Osera de Ebro,Zaragoza,50,Aragón
50200,Paniza,Zaragoza,50,Aragón
50201,Paracuellos de Jiloca,Zaragoza,50,Aragón
50202,Paracuellos de la Ribera,Zaragoza,50,Aragón
50203,Pastriz,Zaragoza,50,Aragón
50204,Pedrola,Zaragoza,50,Aragón
50205,"Pedrosas, Las",Zaragoza,50,Aragón
50206,Perdiguera,Zaragoza,50,Aragón
50207,Piedratajada,Zaragoza,50,Aragón
50208,Pina de Ebro,Zaragoza,50,Aragón
50209,Pinseque,Zaragoza,50,Aragón
50210,"Pintanos, Los",Zaragoza,50,Aragón
50211,Plasencia de Jalón,Zaragoza,50,Aragón
50212,Pleitas,Zaragoza,50,Aragón
50213,Plenas,Zaragoza,50,Aragón
50214,Pomer,Zaragoza,50,Aragón
50215,Pozuel de Ariza,Zaragoza,50,Aragón
50216,Pozuelo de Aragón,Zaragoza,50,Aragón
50217,Pradilla de Ebro,Zaragoza,50,Aragón
50218,Puebla de Albortón,Zaragoza,50,Aragón
50219,"Puebla de Alfindén, La",Zaragoza,50,Aragón
50220,Puendeluna,Zaragoza,50,Aragón
50221,Purujosa,Zaragoza,50,Aragón
50222,Quinto,Zaragoza,50,Aragón
50223,Remolinos,Zaragoza,50,Aragón
50224,Retascón,Zaragoza,50,Aragón
50225,Ricla,Zaragoza,50,Aragón
50227,Romanos,Zaragoza,50,Aragón
50228,Rueda de Jalón,Zaragoza,50,Aragón
50229,Ruesca,Zaragoza,50,Aragón
50241,Sabiñán,Zaragoza,50,Aragón
50230,Sádaba,Zaragoza,50,Aragón
50231,Salillas de Jalón,Zaragoza,50,Aragón
50232,Salvatierra de Esca,Zaragoza,50,Aragón
50233,Samper del Salz,Zaragoza,50,Aragón
50234,San Martín de la Virgen de Moncayo,Zaragoza,50,Aragón
50235,San Mateo de Gállego,Zaragoza,50,Aragón
50236,Santa Cruz de Grío,Zaragoza,50,Aragón
50237,Santa Cruz de Moncayo,Zaragoza,50,Aragón
50238,Santa Eulalia de Gállego,Zaragoza,50,Aragón
50239,Santed,Zaragoza,50,Aragón
50240,Sástago,Zaragoza,50,Aragón
50242,Sediles,Zaragoza,50,Aragón
50243,Sestrica,Zaragoza,50,Aragón
50244,Sierra de Luna,Zaragoza,50,Aragón
50245,Sigüés,Zaragoza,50,Aragón
50246,Sisamón,Zaragoza,50,Aragón
50247,Sobradiel,Zaragoza,50,Aragón
50248,Sos del Rey Católico,Zaragoza,50,Aragón
50249,Tabuenca,Zaragoza,50,Aragón
50250,Talamantes,Zaragoza,50,Aragón
50251,Tarazona,Zaragoza,50,Aragón
50252,Tauste,Zaragoza,50,Aragón
50253,Terrer,Zaragoza,50,Aragón
50254,Tierga,Zaragoza,50,Aragón
50255,Tobed,Zaragoza,50,Aragón
50256,Torralba de los Frailes,Zaragoza,50,Aragón
50257,Torralba de Ribota,Zaragoza,50,Aragón
50258,Torralbilla,Zaragoza,50,Aragón
50259,Torrehermosa,Zaragoza,50,Aragón
50260,Torrelapaja,Zaragoza,50,Aragón
50261,Torrellas,Zaragoza,50,Aragón
50262,Torres de Berrellén,Zaragoza,50,Aragón
50263,Torrijo de la Cañada,Zaragoza,50,Aragón
50264,Tosos,Zaragoza,50,Aragón
50265,Trasmoz,Zaragoza,50,Aragón
50266,Trasobares,Zaragoza,50,Aragón
50267,Uncastillo,Zaragoza,50,Aragón
50268,Undués de Lerda,Zaragoza,50,Aragón
50269,Urrea de Jalón,Zaragoza,50,Aragón
50270,Urriés,Zaragoza,50,Aragón
50271,Used,Zaragoza,50,Aragón
50272,Utebo,Zaragoza,50,Aragón
50274,Val de San Martín,Zaragoza,50,Aragón
50273,Valdehorna,Zaragoza,50,Aragón
50275,Valmadrid,Zaragoza,50,Aragón
50276,Valpalmas,Zaragoza,50,Aragón
50277,Valtorres,Zaragoza,50,Aragón
50278,Velilla de Ebro,Zaragoza,50,Aragón
50279,Velilla de Jiloca,Zaragoza,50,Aragón
50280,Vera de Moncayo,Zaragoza,50,Aragón
50281,Vierlas,Zaragoza,50,Aragón
50283,Villadoz,Zaragoza,50,Aragón
50284,Villafeliche,Zaragoza,50,Aragón
50285,Villafranca de Ebro,Zaragoza,50,Aragón
50286,Villalba de Perejil,Zaragoza,50,Aragón
50287,Villalengua,Zaragoza,50,Aragón
50903,Villamayor de Gállego,Zaragoza,50,Aragón
50288,Villanueva de Gállego,Zaragoza,50,Aragón
50290,Villanueva de Huerva,Zaragoza,50,Aragón
50289,Villanueva de Jiloca,Zaragoza,50,Aragón
50291,Villar de los Navarros,Zaragoza,50,Aragón
50292,Villarreal de Huerva,Zaragoza,50,Aragón
50293,Villarroya de la Sierra,Zaragoza,50,Aragón
50294,Villarroya del Campo,Zaragoza,50,Aragón
50282,"Vilueña, La",Zaragoza,50,Aragón
50295,Vistabella,Zaragoza,50,Aragón
50296,"Zaida, La",Zaragoza,50,Aragón
50297,Zaragoza,Zaragoza,50,Aragón
50298,Zuera,Zaragoza,50,Aragón
51001,Ceuta,Ciudad Autónoma de Ceuta,51,Ceuta
52001,Melilla,Ciudad Autónoma de Melilla,52,Melilla
